ambiguous_fraction,drawer_contradiction_median,drawer_preferred_fraction,drawer_support_median,drawer_support_p25,drawer_supported_frames,evidence_margin,high_confidence_drawer,label,original_frame_id,proposal_id,q_span_used_m,reason,sampled_points,seed_overlap_ratio,source_layer,static_contradiction_median,static_preferred_fraction,static_support_median,static_support_p25,static_supported_frames,target_frame_count,valid_pixels
0.3258620689655172,0.8622452776035632,0.0,0.13775472239643682,0.03826201222647546,11,-1.7244905552071264,False,static,177,frame_177_layer_0,0.3002295680213606,static_region_geometry,1160,0.0,0,0.0,0.6741379310344827,1.0,1.0,28,28,1160
0.8076923076923077,1.0,0.0,0.0,0.0,0,0.0,False,invalid,177,frame_177_layer_1,0.3002295680213606,invalid_insufficient_depth,26,0.0,1,1.0,0.19230769230769232,0.0,0.0,0,28,26
0.1575,0.966148553955918,0.0,0.03385144604408205,0.0022894042464367717,8,-1.932297107911836,False,static,177,frame_177_layer_6,0.3002295680213606,static_region_geometry,1200,0.0,6,0.0,0.8425,1.0,1.0,12,28,1824
1.0,1.0,0.0,0.0,0.0,0,0.0,False,invalid,177,frame_177_layer_7,0.3002295680213606,invalid_insufficient_depth,23,0.0,7,1.0,0.0,0.0,0.0,0,28,23
1.0,1.0,0.0,0.0,0.0,0,0.0,False,invalid,177,frame_177_layer_8,0.0,invalid_insufficient_depth,0,0.0,8,1.0,0.0,0.0,0.0,0,0,0
1.0,1.0,0.0,0.0,0.0,0,0.0,False,invalid,177,frame_177_layer_15,0.0,invalid_insufficient_depth,0,0.0,15,1.0,0.0,0.0,0.0,0,0,0
1.0,1.0,0.0,0.0,0.0,0,0.0,False,invalid,177,frame_177_layer_19,0.0,invalid_insufficient_depth,0,0.0,19,1.0,0.0,0.0,0.0,0,0,0
1.0,1.0,0.0,0.0,0.0,0,0.0,False,invalid,177,frame_177_layer_23,0.0,invalid_insufficient_depth,0,0.0,23,1.0,0.0,0.0,0.0,0,0,0
0.2966666666666667,1.0,0.0,0.0,0.0,4,-2.0,False,static,177,frame_177_layer_24,0.3002295680213606,static_region_geometry,1200,0.0,24,0.0,0.7033333333333334,1.0,1.0,28,28,3262
0.29333333333333333,0.12397716425849419,0.705,0.8760228357415059,0.8648049294632723,28,1.4307559198893598,True,drawer,177,frame_177_layer_25,0.3002295680213606,drawer_region_geometry_with_seed,1200,0.9987281399046105,25,0.8393551242031742,0.0016666666666666668,0.16064487579682585,0.13909352142110765,0,28,3145
1.0,1.0,0.0,0.0,0.0,0,0.0,False,invalid,177,frame_177_layer_26,0.0,invalid_insufficient_depth,0,0.0,26,1.0,0.0,0.0,0.0,0,0,0
1.0,1.0,0.0,0.0,0.0,0,0.0,False,invalid,177,frame_177_layer_27,0.0,invalid_insufficient_depth,0,0.0,27,1.0,0.0,0.0,0.0,0,0,0
0.25166666666666665,0.6509089230713809,0.0,0.349091076928619,0.226597223865761,8,-1.3018178461427619,False,static,177,frame_177_layer_28,0.3002295680213606,static_region_geometry,1200,0.0,28,0.0,0.7483333333333333,1.0,1.0,28,28,7456
0.20692567567567569,0.8299077129177106,0.0,0.1700922870822893,0.034018822795341096,11,-1.6598154258354212,False,static,178,frame_178_layer_0,0.3002295680213606,static_region_geometry,1184,0.0,0,0.0,0.7930743243243243,1.0,1.0,28,28,1184
0.5892857142857143,1.0,0.0,0.0,0.0,0,-2.0,False,invalid,178,frame_178_layer_1,0.3002295680213606,invalid_insufficient_depth,56,0.0,1,0.0,0.4107142857142857,1.0,1.0,1,28,56
0.13583333333333333,0.979299958396114,0.0,0.020700041603886027,0.0,9,-1.958599916792228,False,static,178,frame_178_layer_6,0.3002295680213606,static_region_geometry,1200,0.0,6,0.0,0.8641666666666666,1.0,1.0,13,28,2088
1.0,1.0,0.0,0.0,0.0,0,0.0,False,invalid,178,frame_178_layer_7,0.3002295680213606,invalid_insufficient_depth,7,0.0,7,1.0,0.0,0.0,0.0,0,28,7
1.0,1.0,0.0,0.0,0.0,0,0.0,False,invalid,178,frame_178_layer_8,0.0,invalid_insufficient_depth,0,0.0,8,1.0,0.0,0.0,0.0,0,0,0
1.0,1.0,0.0,0.0,0.0,0,0.0,False,invalid,178,frame_178_layer_15,0.0,invalid_insufficient_depth,0,0.0,15,1.0,0.0,0.0,0.0,0,0,0
1.0,1.0,0.0,0.0,0.0,0,0.0,False,invalid,178,frame_178_layer_19,0.0,invalid_insufficient_depth,0,0.0,19,1.0,0.0,0.0,0.0,0,0,0
1.0,1.0,0.0,0.0,0.0,0,0.0,False,invalid,178,frame_178_layer_23,0.0,invalid_insufficient_depth,0,0.0,23,1.0,0.0,0.0,0.0,0,0,0
0.22,1.0,0.0,0.0,0.0,4,-2.0,False,static,178,frame_178_layer_24,0.3002295680213606,static_region_geometry,1200,0.0,24,0.0,0.78,1.0,1.0,28,28,2995
0.3,0.11970734126984127,0.6991666666666667,0.8802926587301587,0.8720007100016816,28,1.445348228967415,True,drawer,178,frame_178_layer_25,0.3002295680213606,drawer_region_geometry_with_seed,1200,0.9975039001560062,25,0.8423814557535487,0.0008333333333333334,0.15761854424645122,0.14009014489019928,0,28,3205
1.0,1.0,0.0,0.0,0.0,0,0.0,False,invalid,178,frame_178_layer_26,0.0,invalid_insufficient_depth,0,0.0,26,1.0,0.0,0.0,0.0,0,0,0
1.0,1.0,0.0,0.0,0.0,0,0.0,False,invalid,178,frame_178_layer_27,0.0,invalid_insufficient_depth,0,0.0,27,1.0,0.0,0.0,0.0,0,0,0
0.22833333333333333,0.6537432941171093,0.0,0.34625670588289076,0.19660648574605888,8,-1.3074865882342186,False,static,178,frame_178_layer_28,0.3002295680213606,static_region_geometry,1200,0.0,28,0.0,0.7716666666666666,1.0,1.0,28,28,7495
0.2948905109489051,0.8529052702667601,0.0,0.14709472973323984,0.03445555853920516,11,-1.7058105405335202,False,static,179,frame_179_layer_0,0.3002295680213606,static_region_geometry,685,0.0,0,0.0,0.7051094890510949,1.0,1.0,28,28,685
0.5061728395061729,1.0,0.0,0.0,0.0,0,-2.0,False,invalid,179,frame_179_layer_1,0.3002295680213606,invalid_insufficient_depth,81,0.0,1,0.0,0.49382716049382713,1.0,1.0,1,28,81
0.14083333333333334,0.9522768544698067,0.0,0.04772314553019332,0.002246959892898979,9,-1.9045537089396134,False,static,179,frame_179_layer_6,0.3002295680213606,static_region_geometry,1200,0.0,6,0.0,0.8591666666666666,1.0,1.0,13,28,2185
1.0,1.0,0.0,0.0,0.0,0,0.0,False,invalid,179,frame_179_layer_7,0.0,invalid_insufficient_depth,0,0.0,7,1.0,0.0,0.0,0.0,0,0,0
1.0,1.0,0.0,0.0,0.0,0,0.0,False,invalid,179,frame_179_layer_8,0.0,invalid_insufficient_depth,0,0.0,8,1.0,0.0,0.0,0.0,0,0,0
1.0,1.0,0.0,0.0,0.0,0,0.0,False,invalid,179,frame_179_layer_15,0.0,invalid_insufficient_depth,0,0.0,15,1.0,0.0,0.0,0.0,0,0,0
1.0,1.0,0.0,0.0,0.0,0,0.0,False,invalid,179,frame_179_layer_19,0.0,invalid_insufficient_depth,0,0.0,19,1.0,0.0,0.0,0.0,0,0,0
1.0,1.0,0.0,0.0,0.0,0,0.0,False,invalid,179,frame_179_layer_23,0.0,invalid_insufficient_depth,0,0.0,23,1.0,0.0,0.0,0.0,0,0,0
0.2075,1.0,0.0,0.0,0.0,4,-2.0,False,static,179,frame_179_layer_24,0.3002295680213606,static_region_geometry,1200,0.0,24,0.0,0.7925,1.0,1.0,28,28,2836
0.3175,0.11987503198947957,0.6816666666666666,0.8801249680105204,0.8684308085650367,28,1.4149302820550367,True,drawer,179,frame_179_layer_25,0.3002295680213606,drawer_region_geometry_with_seed,1200,0.9987745098039216,25,0.8273401730169979,0.0008333333333333334,0.17265982698300203,0.1486135485258016,0,28,3264
1.0,1.0,0.0,0.0,0.0,0,0.0,False,invalid,179,frame_179_layer_26,0.0,invalid_insufficient_depth,0,0.0,26,1.0,0.0,0.0,0.0,0,0,0
1.0,1.0,0.0,0.0,0.0,0,0.0,False,invalid,179,frame_179_layer_27,0.0,invalid_insufficient_depth,0,0.0,27,1.0,0.0,0.0,0.0,0,0,0
0.2175,0.6567062818336163,0.0,0.3432937181663837,0.21471983871364297,8,-1.3134125636672327,False,static,179,frame_179_layer_28,0.3002295680213606,static_region_geometry,1200,0.0,28,0.0,0.7825,1.0,1.0,28,28,7430
0.24557752341311134,0.7731849383348999,0.0,0.22681506166510013,0.08648320070733864,11,-1.5463698766697997,False,static,180,frame_180_layer_0,0.3002295680213606,static_region_geometry,961,0.0,0,0.0,0.7544224765868887,1.0,1.0,28,28,961
0.4631578947368421,1.0,0.0,0.0,0.0,0,-2.0,False,invalid,180,frame_180_layer_1,0.3002295680213606,invalid_insufficient_depth,95,0.0,1,0.0,0.5368421052631579,1.0,1.0,1,28,95
0.15083333333333335,0.9566628312538205,0.0,0.04333716874617957,0.0,9,-1.913325662507641,False,static,180,frame_180_layer_6,0.3002295680213606,static_region_geometry,1200,0.0,6,0.0,0.8491666666666666,1.0,1.0,14,28,2264
1.0,1.0,0.0,0.0,0.0,0,0.0,False,invalid,180,frame_180_layer_7,0.3002295680213606,invalid_insufficient_depth,1,0.0,7,1.0,0.0,0.0,0.0,0,28,1
1.0,1.0,0.0,0.0,0.0,0,0.0,False,invalid,180,frame_180_layer_8,0.0,invalid_insufficient_depth,0,0.0,8,1.0,0.0,0.0,0.0,0,0,0
1.0,1.0,0.0,0.0,0.0,0,0.0,False,invalid,180,frame_180_layer_15,0.0,invalid_insufficient_depth,0,0.0,15,1.0,0.0,0.0,0.0,0,0,0
1.0,1.0,0.0,0.0,0.0,0,0.0,False,invalid,180,frame_180_layer_19,0.0,invalid_insufficient_depth,0,0.0,19,1.0,0.0,0.0,0.0,0,0,0
1.0,1.0,0.0,0.0,0.0,0,0.0,False,invalid,180,frame_180_layer_23,0.0,invalid_insufficient_depth,0,0.0,23,1.0,0.0,0.0,0.0,0,0,0
0.195,1.0,0.0,0.0,0.0,4,-2.0,False,static,180,frame_180_layer_24,0.3002295680213606,static_region_geometry,1200,0.0,24,0.0,0.805,1.0,1.0,28,28,2789
0.3275,0.12350790818209821,0.6725,0.8764920918179018,0.8643826218039156,28,1.4079958386474587,True,drawer,180,frame_180_layer_25,0.3002295680213606,drawer_region_geometry_with_seed,1200,0.9950617283950617,25,0.8275058275058275,0.0,0.17249417249417248,0.1420230590555437,0,28,3240
1.0,1.0,0.0,0.0,0.0,0,0.0,False,invalid,180,frame_180_layer_26,0.0,invalid_insufficient_depth,0,0.0,26,1.0,0.0,0.0,0.0,0,0,0
1.0,1.0,0.0,0.0,0.0,0,0.0,False,invalid,180,frame_180_layer_27,0.0,invalid_insufficient_depth,0,0.0,27,1.0,0.0,0.0,0.0,0,0,0
0.20916666666666667,0.6538407850967886,0.0,0.34615921490321144,0.21913193171295575,8,-1.3076815701935771,False,static,180,frame_180_layer_28,0.3002295680213606,static_region_geometry,1200,0.0,28,0.0,0.7908333333333334,1.0,1.0,28,28,7453
0.24279835390946503,0.8036363636363636,0.0,0.19636363636363635,0.10098028955171812,11,-1.6072727272727272,False,static,181,frame_181_layer_0,0.30003667393090827,static_region_geometry,972,0.0,0,0.0,0.757201646090535,1.0,1.0,27,27,972
0.8584070796460177,1.0,0.0,0.0,0.0,0,0.0,False,unknown,181,frame_181_layer_1,0.30003667393090827,unknown_insufficient_evidence,113,0.0,1,1.0,0.1415929203539823,0.0,0.0,0,27,113
0.21666666666666667,0.9688995215311005,0.0,0.03110047846889952,0.0012650266927833468,8,-1.937799043062201,False,static,181,frame_181_layer_6,0.30003667393090827,static_region_geometry,1200,0.0,6,0.0,0.7833333333333333,1.0,1.0,12,27,2312
1.0,1.0,0.0,0.0,0.0,0,0.0,False,invalid,181,frame_181_layer_7,0.0,invalid_insufficient_depth,0,0.0,7,1.0,0.0,0.0,0.0,0,0,0
1.0,1.0,0.0,0.0,0.0,0,0.0,False,invalid,181,frame_181_layer_8,0.0,invalid_insufficient_depth,0,0.0,8,1.0,0.0,0.0,0.0,0,0,0
1.0,1.0,0.0,0.0,0.0,0,0.0,False,invalid,181,frame_181_layer_15,0.0,invalid_insufficient_depth,0,0.0,15,1.0,0.0,0.0,0.0,0,0,0
1.0,1.0,0.0,0.0,0.0,0,0.0,False,invalid,181,frame_181_layer_19,0.0,invalid_insufficient_depth,0,0.0,19,1.0,0.0,0.0,0.0,0,0,0
1.0,1.0,0.0,0.0,0.0,0,0.0,False,invalid,181,frame_181_layer_23,0.0,invalid_insufficient_depth,0,0.0,23,1.0,0.0,0.0,0.0,0,0,0
0.22333333333333333,1.0,0.0,0.0,0.0,3,-2.0,False,static,181,frame_181_layer_24,0.30003667393090827,static_region_geometry,1200,0.0,24,0.0,0.7766666666666666,1.0,1.0,27,27,2615
0.32166666666666666,0.12319644839067703,0.6775,0.876803551609323,0.868776769249866,27,1.4006659267480577,True,drawer,181,frame_181_layer_25,0.30003667393090827,drawer_region_geometry_with_seed,1200,0.997867803837953,25,0.8235294117647058,0.0008333333333333334,0.17647058823529413,0.15133676659445577,0,27,3283
1.0,1.0,0.0,0.0,0.0,0,0.0,False,invalid,181,frame_181_layer_26,0.0,invalid_insufficient_depth,0,0.0,26,1.0,0.0,0.0,0.0,0,0,0
1.0,1.0,0.0,0.0,0.0,0,0.0,False,invalid,181,frame_181_layer_27,0.0,invalid_insufficient_depth,0,0.0,27,1.0,0.0,0.0,0.0,0,0,0
0.21,0.668903803131991,0.0,0.33109619686800895,0.2106741715925161,7,-1.337807606263982,False,static,181,frame_181_layer_28,0.30003667393090827,static_region_geometry,1200,0.0,28,0.0,0.79,1.0,1.0,27,27,7471
0.25611510791366904,0.76,0.0,0.24,0.10766605770225088,10,-1.52,False,static,182,frame_182_layer_0,0.2991011413985326,static_region_geometry,695,0.0,0,0.0,0.7438848920863309,1.0,1.0,27,27,695
0.7777777777777778,1.0,0.0,0.0,0.0,0,-2.0,False,unknown,182,frame_182_layer_1,0.2991011413985326,unknown_insufficient_evidence,171,0.0,1,0.0,0.2222222222222222,1.0,1.0,1,27,171
0.21583333333333332,0.9724655819774718,0.0,0.02753441802252816,0.0,9,-1.9449311639549436,False,static,182,frame_182_layer_6,0.2991011413985326,static_region_geometry,1200,0.0,6,0.0,0.7841666666666667,1.0,1.0,13,27,2332
1.0,1.0,0.0,0.0,0.0,0,0.0,False,invalid,182,frame_182_layer_7,0.0,invalid_insufficient_depth,0,0.0,7,1.0,0.0,0.0,0.0,0,0,0
1.0,1.0,0.0,0.0,0.0,0,0.0,False,invalid,182,frame_182_layer_8,0.0,invalid_insufficient_depth,0,0.0,8,1.0,0.0,0.0,0.0,0,0,0
1.0,1.0,0.0,0.0,0.0,0,0.0,False,invalid,182,frame_182_layer_15,0.0,invalid_insufficient_depth,0,0.0,15,1.0,0.0,0.0,0.0,0,0,0
1.0,1.0,0.0,0.0,0.0,0,0.0,False,invalid,182,frame_182_layer_19,0.0,invalid_insufficient_depth,0,0.0,19,1.0,0.0,0.0,0.0,0,0,0
1.0,1.0,0.0,0.0,0.0,0,0.0,False,invalid,182,frame_182_layer_23,0.0,invalid_insufficient_depth,0,0.0,23,1.0,0.0,0.0,0.0,0,0,0
0.21416666666666667,1.0,0.0,0.0,0.0,3,-2.0,False,static,182,frame_182_layer_24,0.2991011413985326,static_region_geometry,1200,0.0,24,0.0,0.7858333333333334,1.0,1.0,27,27,2425
0.31666666666666665,0.12386363636363637,0.6816666666666666,0.8761363636363636,0.8693911827535319,27,1.4161097391572772,True,drawer,182,frame_182_layer_25,0.2991011413985326,drawer_region_geometry_with_seed,1200,0.994846923310094,25,0.831918505942275,0.0016666666666666668,0.16808149405772496,0.14806801743882347,0,27,3299
1.0,1.0,0.0,0.0,0.0,0,0.0,False,invalid,182,frame_182_layer_26,0.0,invalid_insufficient_depth,0,0.0,26,1.0,0.0,0.0,0.0,0,0,0
1.0,1.0,0.0,0.0,0.0,0,0.0,False,invalid,182,frame_182_layer_27,0.0,invalid_insufficient_depth,0,0.0,27,1.0,0.0,0.0,0.0,0,0,0
0.1925,0.6837416481069042,0.0,0.31625835189309576,0.2135720347102461,6,-1.3674832962138084,False,static,182,frame_182_layer_28,0.2991011413985326,static_region_geometry,1200,0.0,28,0.0,0.8075,1.0,1.0,27,27,7441
0.19806243272335844,0.8086021505376344,0.0,0.1913978494623656,0.08125854993160056,10,-1.6172043010752688,False,static,183,frame_183_layer_0,0.2910587567538082,static_region_geometry,929,0.0,0,0.0,0.8019375672766416,1.0,1.0,27,27,929
0.8319327731092437,1.0,0.0,0.0,0.0,0,-2.0,False,unknown,183,frame_183_layer_1,0.2910587567538082,unknown_insufficient_evidence,119,0.0,1,0.0,0.16806722689075632,1.0,1.0,1,27,119
0.21833333333333332,0.9452054794520548,0.0,0.0547945205479452,0.006776075495397226,9,-1.8904109589041096,False,static,183,frame_183_layer_6,0.2910587567538082,static_region_geometry,1200,0.0,6,0.0,0.7816666666666666,1.0,1.0,12,27,2312
1.0,1.0,0.0,0.0,0.0,0,0.0,False,invalid,183,frame_183_layer_7,0.0,invalid_insufficient_depth,0,0.0,7,1.0,0.0,0.0,0.0,0,0,0
1.0,1.0,0.0,0.0,0.0,0,0.0,False,invalid,183,frame_183_layer_8,0.0,invalid_insufficient_depth,0,0.0,8,1.0,0.0,0.0,0.0,0,0,0
1.0,1.0,0.0,0.0,0.0,0,0.0,False,invalid,183,frame_183_layer_15,0.0,invalid_insufficient_depth,0,0.0,15,1.0,0.0,0.0,0.0,0,0,0
1.0,1.0,0.0,0.0,0.0,0,0.0,False,invalid,183,frame_183_layer_19,0.0,invalid_insufficient_depth,0,0.0,19,1.0,0.0,0.0,0.0,0,0,0
1.0,1.0,0.0,0.0,0.0,0,0.0,False,invalid,183,frame_183_layer_23,0.0,invalid_insufficient_depth,0,0.0,23,1.0,0.0,0.0,0.0,0,0,0
0.20583333333333334,1.0,0.0,0.0,0.0,3,-2.0,False,static,183,frame_183_layer_24,0.2910587567538082,static_region_geometry,1200,0.0,24,0.0,0.7941666666666667,1.0,1.0,27,27,2633
0.25833333333333336,0.12386363636363637,0.7408333333333333,0.8761363636363636,0.8690849342770475,27,1.4435007974481657,True,drawer,183,frame_183_layer_25,0.2910587567538082,drawer_region_geometry_with_seed,1200,1.0,25,0.8456140350877193,0.0008333333333333334,0.1543859649122807,0.12339875426019509,0,27,3288
1.0,1.0,0.0,0.0,0.0,0,0.0,False,invalid,183,frame_183_layer_26,0.0,invalid_insufficient_depth,0,0.0,26,1.0,0.0,0.0,0.0,0,0,0
1.0,1.0,0.0,0.0,0.0,0,0.0,False,invalid,183,frame_183_layer_27,0.0,invalid_insufficient_depth,0,0.0,27,1.0,0.0,0.0,0.0,0,0,0
0.2325,0.6481283422459893,0.0,0.3518716577540107,0.24179037336932074,7,-1.2962566844919785,False,static,183,frame_183_layer_28,0.2910587567538082,static_region_geometry,1200,0.0,28,0.0,0.7675,1.0,1.0,27,27,7330
0.23261390887290168,0.6378105065114501,0.0,0.36218949348854984,0.17460619918699186,11,-1.2756210130229002,False,static,184,frame_184_layer_0,0.28032111648062175,static_region_geometry,834,0.0,0,0.0,0.7673860911270983,1.0,1.0,26,26,834
0.9880239520958084,1.0,0.0,0.0,0.0,0,0.0,False,unknown,184,frame_184_layer_1,0.28032111648062175,unknown_insufficient_evidence,167,0.0,1,1.0,0.011976047904191617,0.0,0.0,0,26,167
0.26166666666666666,0.8906161285005221,0.0,0.10938387149947801,0.02144720224911628,9,-1.7812322570010442,False,static,184,frame_184_layer_6,0.28032111648062175,static_region_geometry,1200,0.0,6,0.0,0.7383333333333333,1.0,1.0,16,26,2404
1.0,1.0,0.0,0.0,0.0,0,0.0,False,invalid,184,frame_184_layer_7,0.28032111648062175,invalid_insufficient_depth,3,0.0,7,1.0,0.0,0.0,0.0,0,26,3
1.0,1.0,0.0,0.0,0.0,0,0.0,False,invalid,184,frame_184_layer_8,0.0,invalid_insufficient_depth,0,0.0,8,1.0,0.0,0.0,0.0,0,0,0
1.0,1.0,0.0,0.0,0.0,0,0.0,False,invalid,184,frame_184_layer_15,0.0,invalid_insufficient_depth,0,0.0,15,1.0,0.0,0.0,0.0,0,0,0
1.0,1.0,0.0,0.0,0.0,0,0.0,False,invalid,184,frame_184_layer_19,0.0,invalid_insufficient_depth,0,0.0,19,1.0,0.0,0.0,0.0,0,0,0
1.0,1.0,0.0,0.0,0.0,0,0.0,False,invalid,184,frame_184_layer_23,0.0,invalid_insufficient_depth,0,0.0,23,1.0,0.0,0.0,0.0,0,0,0
0.21833333333333332,1.0,0.0,0.0,0.0,2,-2.0,False,static,184,frame_184_layer_24,0.28032111648062175,static_region_geometry,1200,0.0,24,0.0,0.7816666666666666,1.0,1.0,26,26,2532
0.2275,0.12004288895045198,0.7725,0.8799571110495481,0.8723052583735402,26,1.4690028938045903,True,drawer,184,frame_184_layer_25,0.28032111648062175,drawer_region_geometry_with_seed,1200,0.9987612263858779,25,0.8545443358527471,0.0,0.14545566414725292,0.13100545885849837,0,26,3229
1.0,1.0,0.0,0.0,0.0,0,0.0,False,invalid,184,frame_184_layer_26,0.0,invalid_insufficient_depth,0,0.0,26,1.0,0.0,0.0,0.0,0,0,0
1.0,1.0,0.0,0.0,0.0,0,0.0,False,invalid,184,frame_184_layer_27,0.0,invalid_insufficient_depth,0,0.0,27,1.0,0.0,0.0,0.0,0,0,0
0.2525,0.6021628747192658,0.0,0.39783712528073434,0.27878043221565685,6,-1.2043257494385313,False,static,184,frame_184_layer_28,0.28032111648062175,static_region_geometry,1200,0.0,28,0.0,0.7475,1.0,1.0,26,26,7150
0.30687830687830686,0.4722222222222222,0.0,0.5277777777777778,0.2839506172839506,10,-0.9444444444444444,False,static,185,frame_185_layer_0,0.26842434869008513,static_region_geometry,756,0.0,0,0.0,0.6931216931216931,1.0,1.0,25,25,756
1.0,1.0,0.0,0.0,0.0,0,0.0,False,unknown,185,frame_185_layer_1,0.26842434869008513,unknown_insufficient_evidence,178,0.0,1,1.0,0.0,0.0,0.0,0,25,178
0.31083333333333335,0.804005722460658,0.0,0.19599427753934193,0.0584045584045584,8,-1.608011444921316,False,static,185,frame_185_layer_6,0.26842434869008513,static_region_geometry,1200,0.0,6,0.0,0.6891666666666667,1.0,1.0,25,25,2555
1.0,1.0,0.0,0.0,0.0,0,0.0,False,invalid,185,frame_185_layer_7,0.26842434869008513,invalid_insufficient_depth,11,0.0,7,1.0,0.0,0.0,0.0,0,25,11
1.0,1.0,0.0,0.0,0.0,0,0.0,False,invalid,185,frame_185_layer_8,0.0,invalid_insufficient_depth,0,0.0,8,1.0,0.0,0.0,0.0,0,0,0
1.0,1.0,0.0,0.0,0.0,0,0.0,False,invalid,185,frame_185_layer_15,0.0,invalid_insufficient_depth,0,0.0,15,1.0,0.0,0.0,0.0,0,0,0
1.0,1.0,0.0,0.0,0.0,0,0.0,False,invalid,185,frame_185_layer_19,0.0,invalid_insufficient_depth,0,0.0,19,1.0,0.0,0.0,0.0,0,0,0
1.0,1.0,0.0,0.0,0.0,0,0.0,False,invalid,185,frame_185_layer_23,0.0,invalid_insufficient_depth,0,0.0,23,1.0,0.0,0.0,0.0,0,0,0
0.2675,1.0,0.0,0.0,0.0,2,-2.0,False,static,185,frame_185_layer_24,0.26842434869008513,static_region_geometry,1200,0.0,24,0.0,0.7325,1.0,1.0,25,25,2297
0.21916666666666668,0.12514484356894554,0.7808333333333334,0.8748551564310545,0.868663594470046,25,1.430038181714568,True,drawer,185,frame_185_layer_25,0.26842434869008513,drawer_region_geometry_with_seed,1200,1.0,25,0.8401639344262295,0.0,0.1598360655737705,0.13857142857142857,0,25,3238
1.0,1.0,0.0,0.0,0.0,0,0.0,False,invalid,185,frame_185_layer_26,0.0,invalid_insufficient_depth,0,0.0,26,1.0,0.0,0.0,0.0,0,0,0
1.0,1.0,0.0,0.0,0.0,0,0.0,False,invalid,185,frame_185_layer_27,0.0,invalid_insufficient_depth,0,0.0,27,1.0,0.0,0.0,0.0,0,0,0
0.2783333333333333,0.5694294940796556,0.0,0.43057050592034446,0.32659574468085106,5,-1.1388589881593112,False,static,185,frame_185_layer_28,0.26842434869008513,static_region_geometry,1200,0.0,28,0.0,0.7216666666666667,1.0,1.0,25,25,7008
0.3693121693121693,0.23767987839831947,0.0,0.7623201216016805,0.45005224660397075,14,-0.475359756796639,False,static,186,frame_186_layer_0,0.2550163487586464,static_region_geometry,945,0.0,0,0.0,0.6306878306878307,1.0,1.0,28,28,945
0.9919354838709677,1.0,0.0,0.0,0.0,0,-2.0,False,unknown,186,frame_186_layer_1,0.2550163487586464,unknown_insufficient_evidence,124,0.0,1,0.0,0.008064516129032258,1.0,1.0,2,28,124
0.2633333333333333,0.5357559681697612,0.0,0.46424403183023877,0.15668114794139826,12,-1.0715119363395225,False,static,186,frame_186_layer_6,0.2550163487586464,static_region_geometry,1200,0.0,6,0.0,0.7366666666666667,1.0,1.0,28,28,2626
1.0,1.0,0.0,0.0,0.0,0,0.0,False,invalid,186,frame_186_layer_7,0.2550163487586464,invalid_insufficient_depth,18,0.0,7,1.0,0.0,0.0,0.0,0,28,18
1.0,1.0,0.0,0.0,0.0,0,0.0,False,invalid,186,frame_186_layer_8,0.0,invalid_insufficient_depth,0,0.0,8,1.0,0.0,0.0,0.0,0,0,0
1.0,1.0,0.0,0.0,0.0,0,0.0,False,invalid,186,frame_186_layer_11,0.0,invalid_insufficient_depth,0,0.0,11,1.0,0.0,0.0,0.0,0,0,0
1.0,1.0,0.0,0.0,0.0,0,0.0,False,invalid,186,frame_186_layer_12,0.2550163487586464,invalid_insufficient_depth,2,0.0,12,1.0,0.0,0.0,0.0,0,28,2
1.0,1.0,0.0,0.0,0.0,0,0.0,False,invalid,186,frame_186_layer_15,0.0,invalid_insufficient_depth,0,0.0,15,1.0,0.0,0.0,0.0,0,0,0
1.0,1.0,0.0,0.0,0.0,0,0.0,False,invalid,186,frame_186_layer_19,0.0,invalid_insufficient_depth,0,0.0,19,1.0,0.0,0.0,0.0,0,0,0
1.0,1.0,0.0,0.0,0.0,0,0.0,False,invalid,186,frame_186_layer_23,0.0,invalid_insufficient_depth,0,0.0,23,1.0,0.0,0.0,0.0,0,0,0
0.14666666666666667,1.0,0.0,0.0,0.0,6,-2.0,False,static,186,frame_186_layer_24,0.2550163487586464,static_region_geometry,1200,0.0,24,0.0,0.8533333333333334,1.0,1.0,28,28,2117
0.065,0.12129313968150189,0.935,0.8787068603184981,0.8706498470948012,28,1.436527399772307,True,drawer,186,frame_186_layer_25,0.2550163487586464,drawer_region_geometry_with_seed,1200,0.999360204734485,25,0.8395568395676554,0.0,0.1604431604323446,0.14534654060506136,0,28,3126
1.0,1.0,0.0,0.0,0.0,0,0.0,False,invalid,186,frame_186_layer_26,0.0,invalid_insufficient_depth,0,0.0,26,1.0,0.0,0.0,0.0,0,0,0
1.0,1.0,0.0,0.0,0.0,0,0.0,False,invalid,186,frame_186_layer_27,0.0,invalid_insufficient_depth,0,0.0,27,1.0,0.0,0.0,0.0,0,0,0
0.31083333333333335,0.5072109713268816,0.0,0.49278902867311836,0.3700439153514655,9,-1.0144219426537633,False,static,186,frame_186_layer_28,0.2550163487586464,static_region_geometry,1200,0.0,28,0.0,0.6891666666666667,1.0,1.0,28,28,6905
0.5445665445665445,0.006622516556291391,0.0,0.9933774834437086,0.630561277964509,21,-0.013245033112582849,False,unknown,187,frame_187_layer_0,0.24102986837225526,unknown_ambiguous,819,0.0,0,0.0,0.4554334554334554,1.0,1.0,31,31,819
0.9197080291970803,1.0,0.0,0.0,0.0,0,-2.0,False,unknown,187,frame_187_layer_1,0.24102986837225526,unknown_insufficient_evidence,137,0.0,1,0.0,0.08029197080291971,1.0,1.0,1,31,137
0.3416666666666667,0.19411764705882353,0.0,0.8058823529411765,0.3717804486827361,16,-0.388235294117647,False,static,187,frame_187_layer_6,0.24102986837225526,static_region_geometry,1200,0.0,6,0.0,0.6583333333333333,1.0,1.0,31,31,2837
1.0,1.0,0.0,0.0,0.0,0,0.0,False,invalid,187,frame_187_layer_7,0.24102986837225526,invalid_insufficient_depth,7,0.0,7,1.0,0.0,0.0,0.0,0,31,7
1.0,1.0,0.0,0.0,0.0,0,0.0,False,invalid,187,frame_187_layer_8,0.0,invalid_insufficient_depth,0,0.0,8,1.0,0.0,0.0,0.0,0,0,0
0.0975609756097561,1.0,0.0,0.0,0.0,7,-2.0,False,invalid,187,frame_187_layer_9,0.24102986837225526,invalid_insufficient_depth,41,0.0,9,0.0,0.9024390243902439,1.0,1.0,2,31,41
1.0,1.0,0.0,0.0,0.0,0,0.0,False,invalid,187,frame_187_layer_11,0.0,invalid_insufficient_depth,0,0.0,11,1.0,0.0,0.0,0.0,0,0,0
0.09090909090909091,1.0,0.0,0.0,0.0,0,-2.0,False,invalid,187,frame_187_layer_12,0.24102986837225526,invalid_insufficient_depth,22,0.0,12,0.0,0.9090909090909091,1.0,1.0,2,31,22
1.0,1.0,0.0,0.0,0.0,0,0.0,False,invalid,187,frame_187_layer_15,0.0,invalid_insufficient_depth,0,0.0,15,1.0,0.0,0.0,0.0,0,0,0
1.0,1.0,0.0,0.0,0.0,0,0.0,False,invalid,187,frame_187_layer_19,0.0,invalid_insufficient_depth,0,0.0,19,1.0,0.0,0.0,0.0,0,0,0
1.0,1.0,0.0,0.0,0.0,0,0.0,False,invalid,187,frame_187_layer_23,0.0,invalid_insufficient_depth,0,0.0,23,1.0,0.0,0.0,0.0,0,0,0
0.18416666666666667,1.0,0.0,0.0,0.0,10,-2.0,False,static,187,frame_187_layer_24,0.24102986837225526,static_region_geometry,1200,0.0,24,0.0,0.8158333333333333,1.0,1.0,31,31,1721
0.065,0.10855949895615867,0.9341666666666667,0.8914405010438413,0.8715471036899609,31,1.4889416081482887,True,drawer,187,frame_187_layer_25,0.24102986837225526,drawer_region_geometry_with_seed,1200,1.0,25,0.853030303030303,0.0008333333333333334,0.14696969696969697,0.10159988038277512,0,31,3118
1.0,1.0,0.0,0.0,0.0,0,0.0,False,invalid,187,frame_187_layer_26,0.0,invalid_insufficient_depth,0,0.0,26,1.0,0.0,0.0,0.0,0,0,0
0.38,0.40292275574112735,0.0,0.5970772442588727,0.4124958047121473,13,-0.8058455114822547,False,static,187,frame_187_layer_28,0.24102986837225526,static_region_geometry,1200,0.0,28,0.0,0.62,1.0,1.0,31,31,6711
0.6587837837837838,0.0,0.0,1.0,0.806478571714778,25,0.0,False,unknown,188,frame_188_layer_0,0.22729240466673162,unknown_ambiguous,888,0.0,0,0.0,0.34121621621621623,1.0,1.0,31,31,888
0.7551020408163265,1.0,0.0,0.0,0.0,0,-2.0,False,invalid,188,frame_188_layer_1,0.22729240466673162,invalid_insufficient_depth,98,0.0,1,0.0,0.24489795918367346,1.0,1.0,23,31,98
0.475,0.08051341890315053,0.0,0.9194865810968494,0.5676765671803385,17,-0.16102683780630112,False,static,188,frame_188_layer_6,0.22729240466673162,static_region_geometry,1200,0.0,6,0.0,0.525,1.0,1.0,31,31,2923
1.0,1.0,0.0,0.0,0.0,0,0.0,False,invalid,188,frame_188_layer_7,0.22729240466673162,invalid_insufficient_depth,9,0.0,7,1.0,0.0,0.0,0.0,0,31,9
1.0,1.0,0.0,0.0,0.0,0,0.0,False,invalid,188,frame_188_layer_8,0.0,invalid_insufficient_depth,0,0.0,8,1.0,0.0,0.0,0.0,0,0,0
0.09333333333333334,1.0,0.0,0.0,0.0,6,-2.0,False,invalid,188,frame_188_layer_9,0.22729240466673162,invalid_insufficient_depth,75,0.0,9,0.0,0.9066666666666666,1.0,1.0,7,31,75
1.0,1.0,0.0,0.0,0.0,0,0.0,False,invalid,188,frame_188_layer_11,0.0,invalid_insufficient_depth,0,0.0,11,1.0,0.0,0.0,0.0,0,0,0
0.0,1.0,0.0,0.0,0.0,1,-2.0,False,invalid,188,frame_188_layer_12,0.22729240466673162,invalid_insufficient_depth,95,0.0,12,0.0,1.0,1.0,1.0,13,31,95
1.0,1.0,0.0,0.0,0.0,0,0.0,False,invalid,188,frame_188_layer_15,0.0,invalid_insufficient_depth,0,0.0,15,1.0,0.0,0.0,0.0,0,0,0
1.0,1.0,0.0,0.0,0.0,0,0.0,False,invalid,188,frame_188_layer_19,0.0,invalid_insufficient_depth,0,0.0,19,1.0,0.0,0.0,0.0,0,0,0
1.0,1.0,0.0,0.0,0.0,0,0.0,False,invalid,188,frame_188_layer_23,0.0,invalid_insufficient_depth,0,0.0,23,1.0,0.0,0.0,0.0,0,0,0
0.21833333333333332,1.0,0.0,0.0,0.0,11,-2.0,False,static,188,frame_188_layer_24,0.22729240466673162,static_region_geometry,1200,0.0,24,0.0,0.7816666666666666,1.0,1.0,31,31,1514
0.08666666666666667,0.08932238193018481,0.9133333333333333,0.9106776180698152,0.8745955940793103,31,1.5165119312963256,True,drawer,188,frame_188_layer_25,0.22729240466673162,drawer_region_geometry_with_seed,1200,1.0,25,0.8475783475783476,0.0,0.15242165242165243,0.047619047619047616,0,31,3012
1.0,1.0,0.0,0.0,0.0,0,0.0,False,invalid,188,frame_188_layer_26,0.0,invalid_insufficient_depth,0,0.0,26,1.0,0.0,0.0,0.0,0,0,0
0.42083333333333334,0.37829293993677554,0.0,0.6217070600632244,0.4592598235150166,13,-0.7565858798735512,False,static,188,frame_188_layer_28,0.22729240466673162,static_region_geometry,1200,0.0,28,0.0,0.5791666666666667,1.0,1.0,31,31,6591
0.8791666666666667,0.0,0.0,1.0,0.9498716153127917,31,0.0,False,unknown,189,frame_189_layer_0,0.2104949112521589,unknown_ambiguous,1200,0.0,0,0.0,0.12083333333333333,1.0,1.0,31,31,1205
0.1927710843373494,1.0,0.0,0.0,0.0,0,-2.0,False,invalid,189,frame_189_layer_1,0.2104949112521589,invalid_insufficient_depth,83,0.0,1,0.0,0.8072289156626506,1.0,1.0,22,31,83
0.02702702702702703,1.0,0.0,0.0,0.0,1,-2.0,False,invalid,189,frame_189_layer_3,0.2104949112521589,invalid_insufficient_depth,37,0.0,3,0.0,0.972972972972973,1.0,1.0,22,31,37
0.675,0.03596287703016241,0.0,0.9640371229698376,0.7470834830518625,23,-0.07192575406032486,False,unknown,189,frame_189_layer_6,0.2104949112521589,unknown_ambiguous,1200,0.0,6,0.0,0.325,1.0,1.0,31,31,2925
1.0,1.0,0.0,0.0,0.0,0,0.0,False,invalid,189,frame_189_layer_7,0.2104949112521589,invalid_insufficient_depth,8,0.0,7,1.0,0.0,0.0,0.0,0,31,8
1.0,1.0,0.0,0.0,0.0,0,0.0,False,invalid,189,frame_189_layer_8,0.0,invalid_insufficient_depth,0,0.0,8,1.0,0.0,0.0,0.0,0,0,0
0.06382978723404255,0.7796022201665125,0.0,0.22039777983348752,0.07629598662207358,7,-1.559204440333025,False,invalid,189,frame_189_layer_9,0.2104949112521589,invalid_insufficient_depth,94,0.0,9,0.0,0.9361702127659575,1.0,1.0,16,31,94
1.0,0.0,0.0,1.0,1.0,22,0.0,False,invalid,189,frame_189_layer_11,0.2104949112521589,invalid_insufficient_depth,32,0.0,11,0.0,0.0,1.0,1.0,1,31,32
0.0,1.0,0.0,0.0,0.0,2,-2.0,False,static,189,frame_189_layer_12,0.2104949112521589,static_region_geometry,174,0.0,12,0.0,1.0,1.0,1.0,15,31,174
0.0,1.0,0.0,0.0,0.0,0,0.0,False,invalid,189,frame_189_layer_14,0.2104949112521589,invalid_insufficient_depth,1,0.0,14,1.0,1.0,0.0,0.0,0,31,1
1.0,1.0,0.0,0.0,0.0,0,0.0,False,invalid,189,frame_189_layer_15,0.0,invalid_insufficient_depth,0,0.0,15,1.0,0.0,0.0,0.0,0,0,0
1.0,1.0,0.0,0.0,0.0,0,0.0,False,invalid,189,frame_189_layer_19,0.0,invalid_insufficient_depth,0,0.0,19,1.0,0.0,0.0,0.0,0,0,0
1.0,1.0,0.0,0.0,0.0,0,0.0,False,invalid,189,frame_189_layer_23,0.0,invalid_insufficient_depth,0,0.0,23,1.0,0.0,0.0,0.0,0,0,0
0.235,1.0,0.0,0.0,0.0,11,-2.0,False,static,189,frame_189_layer_24,0.2104949112521589,static_region_geometry,1200,0.0,24,0.0,0.765,1.0,1.0,31,31,1275
0.07583333333333334,0.05209397344228805,0.9241666666666667,0.947906026557712,0.8871837600363581,31,1.6036433784166286,True,drawer,189,frame_189_layer_25,0.2104949112521589,drawer_region_geometry_with_seed,1200,1.0,25,0.8539156626506024,0.0,0.1460843373493976,0.0,0,31,2933
1.0,1.0,0.0,0.0,0.0,0,0.0,False,invalid,189,frame_189_layer_26,0.0,invalid_insufficient_depth,0,0.0,26,1.0,0.0,0.0,0.0,0,0,0
0.4633333333333333,0.3237410071942446,0.0,0.6762589928057554,0.5054880465375599,14,-0.6474820143884892,False,static,189,frame_189_layer_28,0.2104949112521589,static_region_geometry,1200,0.0,28,0.0,0.5366666666666666,1.0,1.0,31,31,6415
0.974,0.0,0.0,1.0,0.9856044354971782,32,0.0,False,unknown,190,frame_190_layer_0,0.1935756302042254,unknown_ambiguous,1000,0.0,0,0.0,0.026,1.0,1.0,32,32,1000
0.008695652173913044,1.0,0.0,0.0,0.0,0,-2.0,False,static,190,frame_190_layer_1,0.1935756302042254,static_region_geometry,115,0.0,1,0.0,0.991304347826087,1.0,1.0,21,32,115
0.0,1.0,0.0,0.0,0.0,5,-2.0,False,invalid,190,frame_190_layer_3,0.1935756302042254,invalid_insufficient_depth,51,0.0,3,0.0,1.0,1.0,1.0,21,32,51
0.8566666666666667,0.009686271297509829,0.0,0.9903137287024901,0.8910300504580165,32,-0.019372542595019637,False,unknown,190,frame_190_layer_6,0.1935756302042254,unknown_ambiguous,1200,0.0,6,0.0,0.14333333333333334,1.0,1.0,32,32,2759
1.0,1.0,0.0,0.0,0.0,0,0.0,False,invalid,190,frame_190_layer_7,0.1935756302042254,invalid_insufficient_depth,12,0.0,7,1.0,0.0,0.0,0.0,0,32,12
1.0,1.0,0.0,0.0,0.0,0,0.0,False,invalid,190,frame_190_layer_8,0.0,invalid_insufficient_depth,0,0.0,8,1.0,0.0,0.0,0.0,0,0,0
0.2773722627737226,0.5000565355042967,0.0,0.4999434644957033,0.4149997214019056,6,-1.0001130710085935,False,static,190,frame_190_layer_9,0.1935756302042254,static_region_geometry,137,0.0,9,0.0,0.7226277372262774,1.0,1.0,17,32,137
1.0,0.0,0.0,1.0,1.0,21,0.0,False,invalid,190,frame_190_layer_11,0.1935756302042254,invalid_insufficient_depth,52,0.0,11,0.0,0.0,1.0,1.0,2,32,52
0.02092050209205021,1.0,0.0,0.0,0.0,3,-2.0,False,static,190,frame_190_layer_12,0.1935756302042254,static_region_geometry,239,0.0,12,0.0,0.9790794979079498,1.0,1.0,20,32,239
1.0,1.0,0.0,0.0,0.0,0,0.0,False,invalid,190,frame_190_layer_14,0.0,invalid_insufficient_depth,0,0.0,14,1.0,0.0,0.0,0.0,0,0,0
1.0,1.0,0.0,0.0,0.0,0,0.0,False,invalid,190,frame_190_layer_15,0.0,invalid_insufficient_depth,0,0.0,15,1.0,0.0,0.0,0.0,0,0,0
1.0,1.0,0.0,0.0,0.0,0,0.0,False,invalid,190,frame_190_layer_19,0.0,invalid_insufficient_depth,0,0.0,19,1.0,0.0,0.0,0.0,0,0,0
1.0,1.0,0.0,0.0,0.0,0,0.0,False,invalid,190,frame_190_layer_23,0.0,invalid_insufficient_depth,0,0.0,23,1.0,0.0,0.0,0.0,0,0,0
0.3250214961306965,0.9492753623188406,0.0,0.050724637681159424,0.0,13,-1.8985507246376812,False,static,190,frame_190_layer_24,0.1935756302042254,static_region_geometry,1163,0.0,24,0.0,0.6749785038693035,1.0,1.0,32,32,1163
0.065,0.02644710388657564,0.935,0.9735528961134243,0.9115652198808979,32,1.6852370467268054,True,drawer,190,frame_190_layer_25,0.1935756302042254,drawer_region_geometry_with_seed,1200,1.0,25,0.8690656272499784,0.0,0.13093437275002168,0.0,0,32,2906
1.0,1.0,0.0,0.0,0.0,0,0.0,False,invalid,190,frame_190_layer_26,0.0,invalid_insufficient_depth,0,0.0,26,1.0,0.0,0.0,0.0,0,0,0
0.5275,0.2713707482395912,0.0,0.7286292517604088,0.5627793307372877,16,-0.5427414964791824,False,static,190,frame_190_layer_28,0.1935756302042254,static_region_geometry,1200,0.0,28,0.0,0.4725,1.0,1.0,32,32,6272
0.9871645274212368,0.0,0.0,1.0,0.9978007771862187,32,0.0,False,unknown,191,frame_191_layer_0,0.17676593407589236,unknown_ambiguous,857,0.0,0,0.0,0.012835472578763127,1.0,1.0,32,32,857
0.006756756756756757,1.0,0.0,0.0,0.0,0,-2.0,False,static,191,frame_191_layer_1,0.17676593407589236,static_region_geometry,148,0.0,1,0.0,0.9932432432432432,1.0,1.0,21,32,148
0.0,0.0,0.0,1.0,0.0,9,0.0,False,invalid,191,frame_191_layer_3,0.17676593407589236,invalid_insufficient_depth,45,0.0,3,0.0,1.0,1.0,1.0,20,32,45
0.9141666666666667,0.003390463736982207,0.0,0.9966095362630178,0.9453888494846061,32,-0.006780927473964415,False,unknown,191,frame_191_layer_6,0.17676593407589236,unknown_ambiguous,1200,0.0,6,0.0,0.08583333333333333,1.0,1.0,32,32,2570
1.0,1.0,0.0,0.0,0.0,0,0.0,False,invalid,191,frame_191_layer_7,0.17676593407589236,invalid_insufficient_depth,18,0.0,7,1.0,0.0,0.0,0.0,0,32,18
1.0,1.0,0.0,0.0,0.0,0,0.0,False,invalid,191,frame_191_layer_8,0.0,invalid_insufficient_depth,0,0.0,8,1.0,0.0,0.0,0.0,0,0,0
0.4557823129251701,0.332089552238806,0.006802721088435374,0.6679104477611941,0.5954488506373243,8,-0.664179104477612,False,static,191,frame_191_layer_9,0.17676593407589236,static_region_geometry,147,0.0,9,0.0,0.5374149659863946,1.0,1.0,10,32,147
1.0,0.0,0.0,1.0,1.0,20,0.0,False,invalid,191,frame_191_layer_11,0.17676593407589236,invalid_insufficient_depth,57,0.0,11,0.0,0.0,1.0,1.0,4,32,57
0.07590759075907591,1.0,0.0,0.0,0.0,3,-2.0,False,static,191,frame_191_layer_12,0.17676593407589236,static_region_geometry,303,0.0,12,0.0,0.9240924092409241,1.0,1.0,23,32,303
0.058823529411764705,1.0,0.9411764705882353,0.0,0.0,0,0.0,False,invalid,191,frame_191_layer_14,0.17676593407589236,invalid_insufficient_depth,17,0.0,14,1.0,0.0,0.0,0.0,0,32,17
1.0,1.0,0.0,0.0,0.0,0,0.0,False,invalid,191,frame_191_layer_15,0.0,invalid_insufficient_depth,0,0.0,15,1.0,0.0,0.0,0.0,0,0,0
1.0,1.0,0.0,0.0,0.0,0,0.0,False,invalid,191,frame_191_layer_19,0.0,invalid_insufficient_depth,0,0.0,19,1.0,0.0,0.0,0.0,0,0,0
1.0,1.0,0.0,0.0,0.0,0,0.0,False,invalid,191,frame_191_layer_23,0.0,invalid_insufficient_depth,0,0.0,23,1.0,0.0,0.0,0.0,0,0,0
0.2788135593220339,0.785016835016835,0.0,0.214983164983165,0.0,13,-1.57003367003367,False,static,191,frame_191_layer_24,0.17676593407589236,static_region_geometry,1180,0.0,24,0.0,0.7211864406779661,1.0,1.0,32,32,1180
0.05333333333333334,0.020609659316365284,0.9466666666666667,0.9793903406836346,0.9294271509294572,32,1.7157100705539545,True,drawer,191,frame_191_layer_25,0.17676593407589236,drawer_region_geometry_with_seed,1200,1.0,25,0.8784646945933425,0.0,0.1215353054066574,0.0,0,32,2744
1.0,1.0,0.0,0.0,0.0,0,0.0,False,invalid,191,frame_191_layer_26,0.0,invalid_insufficient_depth,0,0.0,26,1.0,0.0,0.0,0.0,0,0,0
0.5658333333333333,0.23432370385282458,0.0,0.7656762961471755,0.5911335891916387,16,-0.46864740770564917,False,unknown,191,frame_191_layer_28,0.17676593407589236,unknown_ambiguous,1200,0.0,28,0.0,0.43416666666666665,1.0,1.0,32,32,6169
1.0,0.0,0.0,1.0,1.0,32,0.0,False,unknown,192,frame_192_layer_0,0.15981526222455,unknown_ambiguous,1200,0.0,0,0.0,0.0,1.0,1.0,32,32,1203
0.023809523809523808,1.0,0.0,0.0,0.0,0,-2.0,False,static,192,frame_192_layer_1,0.15981526222455,static_region_geometry,210,0.0,1,0.0,0.9761904761904762,1.0,1.0,21,32,210
0.0,0.0,0.0,1.0,0.0,9,0.0,False,invalid,192,frame_192_layer_3,0.15981526222455,invalid_insufficient_depth,69,0.0,3,0.0,1.0,1.0,1.0,21,32,69
0.9791666666666666,0.0,0.0,1.0,0.9866743536381875,32,0.0,False,unknown,192,frame_192_layer_6,0.15981526222455,unknown_ambiguous,1200,0.0,6,0.0,0.020833333333333332,1.0,1.0,32,32,2727
1.0,1.0,0.0,0.0,0.0,0,0.0,False,invalid,192,frame_192_layer_7,0.15981526222455,invalid_insufficient_depth,6,0.0,7,1.0,0.0,0.0,0.0,0,32,6
1.0,1.0,0.0,0.0,0.0,0,0.0,False,invalid,192,frame_192_layer_8,0.0,invalid_insufficient_depth,0,0.0,8,1.0,0.0,0.0,0.0,0,0,0
0.5064935064935064,0.24744922059518187,0.032467532467532464,0.7525507794048182,0.6880387931034483,11,-0.40794191945123326,False,static,192,frame_192_layer_9,0.15981526222455,static_region_geometry,154,0.0,9,0.043478260869565216,0.461038961038961,0.9565217391304348,0.939799331103679,11,32,154
1.0,0.0,0.0,1.0,1.0,20,0.0,False,invalid,192,frame_192_layer_11,0.15981526222455,invalid_insufficient_depth,87,0.0,11,0.0,0.0,1.0,1.0,7,32,87
0.264026402640264,1.0,0.0,0.0,0.0,3,-2.0,False,static,192,frame_192_layer_12,0.15981526222455,static_region_geometry,303,0.0,12,0.0,0.735973597359736,1.0,1.0,23,32,303
0.0,1.0,0.0,0.0,0.0,0,0.0,False,invalid,192,frame_192_layer_13,0.15981526222455,invalid_insufficient_depth,4,0.0,13,1.0,1.0,0.0,0.0,0,32,4
0.0,0.0,1.0,1.0,1.0,18,2.0,False,invalid,192,frame_192_layer_14,0.15981526222455,invalid_insufficient_depth,21,0.0,14,1.0,0.0,0.0,0.0,0,32,21
1.0,1.0,0.0,0.0,0.0,0,0.0,False,invalid,192,frame_192_layer_15,0.0,invalid_insufficient_depth,0,0.0,15,1.0,0.0,0.0,0.0,0,0,0
1.0,1.0,0.0,0.0,0.0,0,0.0,False,invalid,192,frame_192_layer_19,0.0,invalid_insufficient_depth,0,0.0,19,1.0,0.0,0.0,0.0,0,0,0
1.0,1.0,0.0,0.0,0.0,0,0.0,False,invalid,192,frame_192_layer_23,0.0,invalid_insufficient_depth,0,0.0,23,1.0,0.0,0.0,0.0,0,0,0
0.2566560170394036,0.7470209499281858,0.0,0.2529790500718142,0.0,14,-1.4940418998563716,False,static,192,frame_192_layer_24,0.15981526222455,static_region_geometry,939,0.0,24,0.0,0.7433439829605963,1.0,1.0,32,32,939
0.0425,0.021551740154384776,0.9575,0.9784482598456152,0.9614583333333333,32,1.7572063741702877,True,drawer,192,frame_192_layer_25,0.15981526222455,drawer_region_geometry_with_seed,1200,1.0,25,0.9001549272395286,0.0,0.09984507276047141,0.0,0,32,2758
1.0,1.0,0.0,0.0,0.0,0,0.0,False,invalid,192,frame_192_layer_26,0.0,invalid_insufficient_depth,0,0.0,26,1.0,0.0,0.0,0.0,0,0,0
0.5883333333333334,0.20482660448369988,0.0,0.7951733955163001,0.6195639298605146,17,-0.40965320896739976,False,unknown,192,frame_192_layer_28,0.15981526222455,unknown_ambiguous,1200,0.0,28,0.0,0.4116666666666667,1.0,1.0,32,32,5934
1.0,0.0,0.0,1.0,1.0,32,0.0,False,unknown,193,frame_193_layer_0,0.1583840011236365,unknown_ambiguous,1200,0.0,0,0.0,0.0,1.0,1.0,32,32,1462
0.026415094339622643,1.0,0.0,0.0,0.0,0,-2.0,False,static,193,frame_193_layer_1,0.1583840011236365,static_region_geometry,265,0.0,1,0.0,0.9735849056603774,1.0,1.0,21,32,265
1.0,1.0,0.0,0.0,0.0,0,0.0,False,invalid,193,frame_193_layer_2,0.1583840011236365,invalid_insufficient_depth,6,0.0,2,1.0,0.0,0.0,0.0,0,32,6
0.0,1.0,0.0,0.0,0.0,6,-2.0,False,invalid,193,frame_193_layer_3,0.1583840011236365,invalid_insufficient_depth,79,0.0,3,0.0,1.0,1.0,1.0,21,32,79
0.995,0.0,0.0,1.0,0.9956857672489409,32,0.0,False,unknown,193,frame_193_layer_6,0.1583840011236365,unknown_ambiguous,1200,0.0,6,0.0,0.005,1.0,1.0,32,32,2865
1.0,1.0,0.0,0.0,0.0,0,0.0,False,invalid,193,frame_193_layer_7,0.1583840011236365,invalid_insufficient_depth,7,0.0,7,1.0,0.0,0.0,0.0,0,32,7
1.0,1.0,0.0,0.0,0.0,0,0.0,False,invalid,193,frame_193_layer_8,0.0,invalid_insufficient_depth,0,0.0,8,1.0,0.0,0.0,0.0,0,0,0
0.5060975609756098,0.18040700236349796,0.18292682926829268,0.8195929976365021,0.7699777908146161,20,0.11918599527300411,False,unknown,193,frame_193_layer_9,0.1583840011236365,unknown_ambiguous,164,0.0,9,0.24,0.31097560975609756,0.76,0.6363636363636364,7,32,164
1.0,1.0,0.0,0.0,0.0,0,0.0,False,invalid,193,frame_193_layer_10,0.0,invalid_insufficient_depth,0,0.0,10,1.0,0.0,0.0,0.0,0,0,0
1.0,0.0,0.0,1.0,1.0,20,0.0,False,unknown,193,frame_193_layer_11,0.1583840011236365,unknown_ambiguous,155,0.0,11,0.0,0.0,1.0,1.0,18,32,155
0.4024390243902439,0.9159663865546218,0.0,0.08403361344537816,0.0,3,-1.8319327731092436,False,static,193,frame_193_layer_12,0.1583840011236365,static_region_geometry,328,0.0,12,0.0,0.5975609756097561,1.0,1.0,23,32,328
0.0,1.0,0.0,0.0,0.0,0,0.0,False,invalid,193,frame_193_layer_13,0.1583840011236365,invalid_insufficient_depth,17,0.0,13,1.0,1.0,0.0,0.0,0,32,17
0.08695652173913043,0.0,0.9130434782608695,1.0,1.0,18,2.0,False,invalid,193,frame_193_layer_14,0.1583840011236365,invalid_insufficient_depth,23,0.0,14,1.0,0.0,0.0,0.0,0,32,23
1.0,1.0,0.0,0.0,0.0,0,0.0,False,invalid,193,frame_193_layer_15,0.0,invalid_insufficient_depth,0,0.0,15,1.0,0.0,0.0,0.0,0,0,0
1.0,1.0,0.0,0.0,0.0,0,0.0,False,invalid,193,frame_193_layer_19,0.0,invalid_insufficient_depth,0,0.0,19,1.0,0.0,0.0,0.0,0,0,0
1.0,1.0,0.0,0.0,0.0,0,0.0,False,invalid,193,frame_193_layer_23,0.0,invalid_insufficient_depth,0,0.0,23,1.0,0.0,0.0,0.0,0,0,0
0.21787709497206703,0.8988240284471399,0.0,0.10117597155286007,0.0,11,-1.7976480568942799,False,static,193,frame_193_layer_24,0.1583840011236365,static_region_geometry,716,0.0,24,0.0,0.7821229050279329,1.0,1.0,32,32,716
0.021666666666666667,0.024325529542920846,0.9783333333333334,0.9756744704570792,0.971818170486981,32,1.7830603046068012,True,drawer,193,frame_193_layer_25,0.1583840011236365,drawer_region_geometry_with_seed,1200,1.0,25,0.9158556818463215,0.0,0.08414431815367852,0.0,0,32,2702
1.0,1.0,0.0,0.0,0.0,0,0.0,False,invalid,193,frame_193_layer_26,0.0,invalid_insufficient_depth,0,0.0,26,1.0,0.0,0.0,0.0,0,0,0
0.6283333333333333,0.1558380414312618,0.0,0.8441619585687382,0.6618559574837812,18,-0.3116760828625236,False,unknown,193,frame_193_layer_28,0.1583840011236365,unknown_ambiguous,1200,0.0,28,0.0,0.37166666666666665,1.0,1.0,32,32,5672
1.0,0.0,0.0,1.0,1.0,32,0.0,False,unknown,194,frame_194_layer_0,0.17589940581780827,unknown_ambiguous,1048,0.0,0,0.0,0.0,1.0,1.0,32,32,1048
0.0778816199376947,1.0,0.0,0.0,0.0,0,-2.0,False,static,194,frame_194_layer_1,0.17589940581780827,static_region_geometry,321,0.0,1,0.0,0.9221183800623053,1.0,1.0,21,32,321
1.0,0.0,0.0,1.0,1.0,17,2.0,False,invalid,194,frame_194_layer_2,0.17589940581780827,invalid_insufficient_depth,73,0.0,2,1.0,0.0,0.0,0.0,0,32,73
0.0,1.0,0.0,0.0,0.0,5,-2.0,False,invalid,194,frame_194_layer_3,0.17589940581780827,invalid_insufficient_depth,96,0.0,3,0.0,1.0,1.0,1.0,21,32,96
1.0,1.0,0.0,0.0,0.0,0,0.0,False,invalid,194,frame_194_layer_4,0.0,invalid_insufficient_depth,0,0.0,4,1.0,0.0,0.0,0.0,0,0,0
1.0,0.0,0.0,1.0,1.0,32,0.0,False,unknown,194,frame_194_layer_6,0.17589940581780827,unknown_ambiguous,1200,0.0,6,0.0,0.0,1.0,1.0,32,32,2970
1.0,1.0,0.0,0.0,0.0,0,0.0,False,invalid,194,frame_194_layer_7,0.17589940581780827,invalid_insufficient_depth,8,0.0,7,1.0,0.0,0.0,0.0,0,32,8
1.0,1.0,0.0,0.0,0.0,0,0.0,False,invalid,194,frame_194_layer_8,0.0,invalid_insufficient_depth,0,0.0,8,1.0,0.0,0.0,0.0,0,0,0
0.4107142857142857,0.12264150943396226,0.39285714285714285,0.8773584905660378,0.8339584155809976,22,0.4581159077868161,False,unknown,194,frame_194_layer_9,0.17589940581780827,unknown_ambiguous,168,0.0,9,0.35169946332737034,0.19642857142857142,0.6483005366726298,0.4336734693877551,6,32,168
0.0,1.0,0.0,0.0,0.0,0,0.0,False,invalid,194,frame_194_layer_10,0.17589940581780827,invalid_insufficient_depth,1,0.0,10,1.0,1.0,0.0,0.0,0,32,1
1.0,0.0,0.0,1.0,1.0,20,0.0,False,unknown,194,frame_194_layer_11,0.17589940581780827,unknown_ambiguous,295,0.0,11,0.0,0.0,1.0,1.0,17,32,295
0.5288753799392097,0.6446627455887873,0.0,0.3553372544112126,0.09045284780578898,3,-1.2893254911775747,False,static,194,frame_194_layer_12,0.17589940581780827,static_region_geometry,329,0.0,12,0.0,0.47112462006079026,1.0,1.0,21,32,329
0.038461538461538464,1.0,0.0,0.0,0.0,1,0.0,False,invalid,194,frame_194_layer_13,0.17589940581780827,invalid_insufficient_depth,26,0.0,13,1.0,0.9615384615384616,0.0,0.0,0,32,26
0.1951219512195122,0.0,0.8048780487804879,1.0,1.0,18,2.0,False,invalid,194,frame_194_layer_14,0.17589940581780827,invalid_insufficient_depth,41,0.0,14,1.0,0.0,0.0,0.0,0,32,41
1.0,1.0,0.0,0.0,0.0,0,0.0,False,invalid,194,frame_194_layer_15,0.0,invalid_insufficient_depth,0,0.0,15,1.0,0.0,0.0,0.0,0,0,0
1.0,1.0,0.0,0.0,0.0,0,0.0,False,invalid,194,frame_194_layer_19,0.0,invalid_insufficient_depth,0,0.0,19,1.0,0.0,0.0,0.0,0,0,0
1.0,1.0,0.0,0.0,0.0,0,0.0,False,invalid,194,frame_194_layer_23,0.0,invalid_insufficient_depth,0,0.0,23,1.0,0.0,0.0,0.0,0,0,0
0.12072892938496584,0.8925568900126422,0.0,0.10744310998735779,0.0,7,-1.7851137800252843,False,static,194,frame_194_layer_24,0.17589940581780827,static_region_geometry,439,0.0,24,0.0,0.8792710706150342,1.0,1.0,32,32,439
0.015,0.01528588037453028,0.985,0.9847141196254697,0.9674002205421529,32,1.7925860490616108,True,drawer,194,frame_194_layer_25,0.17589940581780827,drawer_region_geometry_with_seed,1200,1.0,25,0.9115789049053356,0.0,0.08842109509466436,0.0,0,32,2712
1.0,1.0,0.0,0.0,0.0,0,0.0,False,invalid,194,frame_194_layer_26,0.0,invalid_insufficient_depth,0,0.0,26,1.0,0.0,0.0,0.0,0,0,0
0.6466666666666666,0.11270372994910777,0.0,0.8872962700508922,0.695486888300343,20,-0.22540745989821553,False,unknown,194,frame_194_layer_28,0.17589940581780827,unknown_ambiguous,1200,0.0,28,0.0,0.35333333333333333,1.0,1.0,32,32,5340
1.0,0.0,0.0,1.0,1.0,32,0.0,False,unknown,195,frame_195_layer_0,0.19341339188972073,unknown_ambiguous,1033,0.0,0,0.0,0.0,1.0,1.0,32,32,1033
0.14501510574018128,1.0,0.0,0.0,0.0,0,-2.0,False,static,195,frame_195_layer_1,0.19341339188972073,static_region_geometry,331,0.0,1,0.0,0.8549848942598187,1.0,1.0,21,32,331
1.0,0.0,0.0,1.0,1.0,16,2.0,False,unknown,195,frame_195_layer_2,0.19341339188972073,unknown_insufficient_evidence,212,0.0,2,1.0,0.0,0.0,0.0,0,32,212
0.10576923076923077,1.0,0.0,0.0,0.0,7,-2.0,False,static,195,frame_195_layer_3,0.19341339188972073,static_region_geometry,104,0.0,3,0.0,0.8942307692307693,1.0,1.0,20,32,104
1.0,1.0,0.0,0.0,0.0,0,0.0,False,invalid,195,frame_195_layer_4,0.0,invalid_insufficient_depth,0,0.0,4,1.0,0.0,0.0,0.0,0,0,0
1.0,0.0,0.0,1.0,1.0,32,0.0,False,unknown,195,frame_195_layer_6,0.19341339188972073,unknown_ambiguous,1200,0.0,6,0.0,0.0,1.0,1.0,32,32,2834
1.0,1.0,0.0,0.0,0.0,0,0.0,False,invalid,195,frame_195_layer_7,0.19341339188972073,invalid_insufficient_depth,6,0.0,7,1.0,0.0,0.0,0.0,0,32,6
1.0,1.0,0.0,0.0,0.0,0,0.0,False,invalid,195,frame_195_layer_8,0.0,invalid_insufficient_depth,0,0.0,8,1.0,0.0,0.0,0.0,0,0,0
0.42424242424242425,0.006493780307822054,0.5393939393939394,0.993506219692178,0.9670486797970242,22,0.18454330358188675,True,drawer,195,frame_195_layer_9,0.19341339188972073,drawer_region_geometry_revealed,165,0.0,9,0.09876543209876543,0.03636363636363636,0.9012345679012346,0.297029702970297,12,32,165
0.6538461538461539,0.0,0.0,1.0,0.8557692307692307,13,0.0,False,invalid,195,frame_195_layer_10,0.19341339188972073,invalid_insufficient_depth,26,0.0,10,0.0,0.34615384615384615,1.0,1.0,15,32,26
1.0,0.0,0.0,1.0,1.0,20,0.0,False,unknown,195,frame_195_layer_11,0.19341339188972073,unknown_ambiguous,318,0.0,11,0.0,0.0,1.0,1.0,18,32,318
0.7170868347338936,0.6137290901672787,0.0,0.38627090983272133,0.2938550420168067,4,-1.2274581803345574,False,unknown,195,frame_195_layer_12,0.19341339188972073,unknown_ambiguous,357,0.0,12,0.0,0.28291316526610644,1.0,1.0,23,32,357
0.11538461538461539,1.0,0.0,0.0,0.0,0,-2.0,False,invalid,195,frame_195_layer_13,0.19341339188972073,invalid_insufficient_depth,26,0.0,13,0.0,0.8846153846153846,1.0,1.0,3,32,26
0.020833333333333332,0.0,0.9791666666666666,1.0,1.0,18,2.0,False,invalid,195,frame_195_layer_14,0.19341339188972073,invalid_insufficient_depth,48,0.0,14,1.0,0.0,0.0,0.0,0,32,48
1.0,1.0,0.0,0.0,0.0,0,0.0,False,invalid,195,frame_195_layer_15,0.0,invalid_insufficient_depth,0,0.0,15,1.0,0.0,0.0,0.0,0,0,0
1.0,1.0,0.0,0.0,0.0,0,0.0,False,invalid,195,frame_195_layer_16,0.0,invalid_insufficient_depth,0,0.0,16,1.0,0.0,0.0,0.0,0,0,0
1.0,1.0,0.0,0.0,0.0,0,0.0,False,invalid,195,frame_195_layer_19,0.0,invalid_insufficient_depth,0,0.0,19,1.0,0.0,0.0,0.0,0,0,0
1.0,1.0,0.0,0.0,0.0,0,0.0,False,invalid,195,frame_195_layer_23,0.0,invalid_insufficient_depth,0,0.0,23,1.0,0.0,0.0,0.0,0,0,0
0.15902140672782875,0.8543916373681567,0.0,0.1456083626318433,0.01655644560357675,6,-1.7087832747363134,False,static,195,frame_195_layer_24,0.19341339188972073,static_region_geometry,327,0.0,24,0.0,0.8409785932721713,1.0,1.0,32,32,327
0.024166666666666666,0.008929706679185861,0.9758333333333333,0.9910702933208142,0.9567090979225217,32,1.910336733751961,True,drawer,195,frame_195_layer_25,0.19341339188972073,drawer_region_geometry_with_seed,1200,1.0,25,0.9640980735551663,0.0,0.03590192644483362,0.0,0,32,2708
1.0,1.0,0.0,0.0,0.0,0,0.0,False,invalid,195,frame_195_layer_26,0.0,invalid_insufficient_depth,0,0.0,26,1.0,0.0,0.0,0.0,0,0,0
0.7016666666666667,0.04746758013212625,0.0,0.9525324198678737,0.7523481541391455,25,-0.09493516026425253,False,unknown,195,frame_195_layer_28,0.19341339188972073,unknown_ambiguous,1200,0.0,28,0.0,0.29833333333333334,1.0,1.0,32,32,5054
1.0,0.0,0.0,1.0,1.0,32,0.0,False,unknown,196,frame_196_layer_0,0.2117328619537343,unknown_ambiguous,990,0.0,0,0.0,0.0,1.0,1.0,32,32,990
0.25,1.0,0.0,0.0,0.0,0,-2.0,False,static,196,frame_196_layer_1,0.2117328619537343,static_region_geometry,340,0.0,1,0.0,0.75,1.0,1.0,21,32,340
0.9758064516129032,0.0,0.024193548387096774,1.0,1.0,15,2.0,False,unknown,196,frame_196_layer_2,0.2117328619537343,unknown_insufficient_evidence,372,0.0,2,1.0,0.0,0.0,0.0,0,32,372
0.16363636363636364,1.0,0.0,0.0,0.0,6,-2.0,False,static,196,frame_196_layer_3,0.2117328619537343,static_region_geometry,110,0.0,3,0.0,0.8363636363636363,1.0,1.0,21,32,110
1.0,1.0,0.0,0.0,0.0,0,0.0,False,invalid,196,frame_196_layer_4,0.2117328619537343,invalid_insufficient_depth,4,0.0,4,1.0,0.0,0.0,0.0,0,32,4
1.0,0.0,0.0,1.0,1.0,32,0.0,False,unknown,196,frame_196_layer_6,0.2117328619537343,unknown_ambiguous,1200,0.0,6,0.0,0.0,1.0,1.0,32,32,2679
1.0,1.0,0.0,0.0,0.0,0,0.0,False,invalid,196,frame_196_layer_7,0.2117328619537343,invalid_insufficient_depth,5,0.0,7,1.0,0.0,0.0,0.0,0,32,5
1.0,1.0,0.0,0.0,0.0,0,0.0,False,invalid,196,frame_196_layer_8,0.0,invalid_insufficient_depth,0,0.0,8,1.0,0.0,0.0,0.0,0,0,0
0.4476744186046512,0.0,0.5116279069767442,1.0,0.9893562958780351,22,0.21052631578947367,True,drawer,196,frame_196_layer_9,0.2117328619537343,drawer_region_geometry_revealed,172,0.0,9,0.10526315789473684,0.040697674418604654,0.8947368421052632,0.425,20,32,172
0.8352941176470589,0.012048192771084338,0.0,0.9879518072289156,0.9583333333333333,15,-0.024096385542168752,False,invalid,196,frame_196_layer_10,0.2117328619537343,invalid_insufficient_depth,85,0.0,10,0.0,0.16470588235294117,1.0,1.0,15,32,85
1.0,0.0,0.0,1.0,1.0,20,0.0,False,unknown,196,frame_196_layer_11,0.2117328619537343,unknown_ambiguous,331,0.0,11,0.0,0.0,1.0,1.0,26,32,331
0.7722419928825622,0.415929203539823,0.0,0.584070796460177,0.48468085106382974,5,-0.831858407079646,False,unknown,196,frame_196_layer_12,0.2117328619537343,unknown_ambiguous,281,0.0,12,0.0,0.2277580071174377,1.0,1.0,22,32,281
0.08108108108108109,1.0,0.0,0.0,0.0,2,-2.0,False,invalid,196,frame_196_layer_13,0.2117328619537343,invalid_insufficient_depth,37,0.0,13,0.0,0.918918918918919,1.0,1.0,3,32,37
0.0,0.0,1.0,1.0,1.0,17,2.0,False,invalid,196,frame_196_layer_14,0.2117328619537343,invalid_insufficient_depth,39,0.0,14,1.0,0.0,0.0,0.0,0,32,39
1.0,1.0,0.0,0.0,0.0,0,0.0,False,invalid,196,frame_196_layer_15,0.0,invalid_insufficient_depth,0,0.0,15,1.0,0.0,0.0,0.0,0,0,0
1.0,1.0,0.0,0.0,0.0,0,0.0,False,invalid,196,frame_196_layer_16,0.0,invalid_insufficient_depth,0,0.0,16,1.0,0.0,0.0,0.0,0,0,0
1.0,1.0,0.0,0.0,0.0,0,0.0,False,invalid,196,frame_196_layer_19,0.0,invalid_insufficient_depth,0,0.0,19,1.0,0.0,0.0,0.0,0,0,0
1.0,1.0,0.0,0.0,0.0,0,0.0,False,invalid,196,frame_196_layer_23,0.0,invalid_insufficient_depth,0,0.0,23,1.0,0.0,0.0,0.0,0,0,0
0.25418060200668896,0.8212896349586998,0.0,0.17871036504130028,0.1260992011035117,5,-1.6425792699173996,False,static,196,frame_196_layer_24,0.2117328619537343,static_region_geometry,299,0.0,24,0.0,0.745819397993311,1.0,1.0,32,32,299
0.03333333333333333,0.016403588160136286,0.9658333333333333,0.9835964118398637,0.945977837110525,32,1.9671928236797274,True,drawer,196,frame_196_layer_25,0.2117328619537343,drawer_region_geometry_with_seed,1200,1.0,25,1.0,0.0008333333333333334,0.0,0.0,0,32,2684
1.0,1.0,0.0,0.0,0.0,0,0.0,False,invalid,196,frame_196_layer_26,0.0,invalid_insufficient_depth,0,0.0,26,1.0,0.0,0.0,0.0,0,0,0
1.0,1.0,0.0,0.0,0.0,0,0.0,False,invalid,196,frame_196_layer_27,0.0,invalid_insufficient_depth,0,0.0,27,1.0,0.0,0.0,0.0,0,0,0
0.755,0.02689836470597097,0.0,0.973101635294029,0.8084262869862097,32,-0.05379672941194191,False,unknown,196,frame_196_layer_28,0.2117328619537343,unknown_ambiguous,1200,0.0,28,0.0,0.245,1.0,1.0,32,32,4854
1.0,0.0,0.0,1.0,1.0,30,0.0,False,unknown,197,frame_197_layer_0,0.23088570413786158,unknown_ambiguous,1200,0.0,0,0.0,0.0,1.0,1.0,30,30,1234
0.40606060606060607,1.0,0.0,0.0,0.0,0,-2.0,False,static,197,frame_197_layer_1,0.23088570413786158,static_region_geometry,330,0.0,1,0.0,0.593939393939394,1.0,1.0,19,30,330
0.8208661417322834,0.0,0.17913385826771652,1.0,1.0,13,2.0,False,unknown,197,frame_197_layer_2,0.23088570413786158,unknown_ambiguous,508,0.0,2,1.0,0.0,0.0,0.0,0,30,508
0.17857142857142858,1.0,0.0,0.0,0.0,6,-2.0,False,static,197,frame_197_layer_3,0.23088570413786158,static_region_geometry,112,0.0,3,0.0,0.8214285714285714,1.0,1.0,19,30,112
1.0,1.0,0.0,0.0,0.0,0,0.0,False,invalid,197,frame_197_layer_4,0.23088570413786158,invalid_insufficient_depth,4,0.0,4,1.0,0.0,0.0,0.0,0,30,4
1.0,0.0,0.0,1.0,1.0,30,0.0,False,unknown,197,frame_197_layer_6,0.23088570413786158,unknown_ambiguous,1200,0.0,6,0.0,0.0,1.0,1.0,29,30,2396
1.0,1.0,0.0,0.0,0.0,0,0.0,False,invalid,197,frame_197_layer_7,0.23088570413786158,invalid_insufficient_depth,7,0.0,7,1.0,0.0,0.0,0.0,0,30,7
1.0,1.0,0.0,0.0,0.0,0,0.0,False,invalid,197,frame_197_layer_8,0.0,invalid_insufficient_depth,0,0.0,8,1.0,0.0,0.0,0.0,0,0,0
0.38461538461538464,0.0,0.6094674556213018,1.0,1.0,20,0.18181818181818188,True,drawer,197,frame_197_layer_9,0.23088570413786158,drawer_region_geometry_revealed,169,0.0,9,0.09090909090909091,0.005917159763313609,0.9090909090909091,0.2720706260032103,17,30,169
0.9393939393939394,0.012349914236706689,0.0,0.9876500857632933,0.9668553904222694,12,-0.024699828473413343,False,unknown,197,frame_197_layer_10,0.23088570413786158,unknown_ambiguous,165,0.0,10,0.0,0.06060606060606061,1.0,1.0,12,30,165
1.0,0.0,0.0,1.0,1.0,18,0.0,False,unknown,197,frame_197_layer_11,0.23088570413786158,unknown_ambiguous,444,0.0,11,0.0,0.0,1.0,1.0,25,30,444
0.7121212121212122,0.379746835443038,0.0,0.620253164556962,0.5509803921568628,6,-0.759493670886076,False,unknown,197,frame_197_layer_12,0.23088570413786158,unknown_ambiguous,198,0.0,12,0.0,0.2878787878787879,1.0,1.0,20,30,198
0.3673469387755102,0.030303030303030304,0.0,0.9696969696969697,0.09090909090909091,3,-0.06060606060606055,False,invalid,197,frame_197_layer_13,0.23088570413786158,invalid_insufficient_depth,49,0.0,13,0.0,0.6326530612244898,1.0,1.0,4,30,49
0.0,0.0,1.0,1.0,1.0,16,2.0,False,invalid,197,frame_197_layer_14,0.23088570413786158,invalid_insufficient_depth,41,0.0,14,1.0,0.0,0.0,0.0,6,30,41
1.0,1.0,0.0,0.0,0.0,0,0.0,False,invalid,197,frame_197_layer_15,0.0,invalid_insufficient_depth,0,0.0,15,1.0,0.0,0.0,0.0,0,0,0
1.0,1.0,0.0,0.0,0.0,0,0.0,False,invalid,197,frame_197_layer_19,0.0,invalid_insufficient_depth,0,0.0,19,1.0,0.0,0.0,0.0,0,0,0
1.0,1.0,0.0,0.0,0.0,0,0.0,False,invalid,197,frame_197_layer_23,0.0,invalid_insufficient_depth,0,0.0,23,1.0,0.0,0.0,0.0,0,0,0
0.6129943502824858,0.8260869565217391,0.0,0.17391304347826086,0.1485148514851485,5,-1.6521739130434783,False,unknown,197,frame_197_layer_24,0.23088570413786158,unknown_ambiguous,354,0.0,24,0.0,0.3870056497175141,1.0,1.0,29,30,354
0.0525,0.03578278947305717,0.9466666666666667,0.9642172105269429,0.9321533923303834,30,1.9284344210538857,True,drawer,197,frame_197_layer_25,0.23088570413786158,drawer_region_geometry_with_seed,1200,1.0,25,1.0,0.0008333333333333334,0.0,0.0,0,30,2574
1.0,1.0,0.0,0.0,0.0,0,0.0,False,invalid,197,frame_197_layer_26,0.0,invalid_insufficient_depth,0,0.0,26,1.0,0.0,0.0,0.0,0,0,0
1.0,1.0,0.0,0.0,0.0,0,0.0,False,invalid,197,frame_197_layer_27,0.0,invalid_insufficient_depth,0,0.0,27,1.0,0.0,0.0,0.0,0,0,0
0.8191666666666667,0.030500477175508543,0.0,0.9694995228244914,0.8759997359616154,30,-0.061000954351017156,False,unknown,197,frame_197_layer_28,0.23088570413786158,unknown_ambiguous,1200,0.0,28,0.0,0.18083333333333335,1.0,1.0,30,30,4706
1.0,0.0,0.0,1.0,1.0,27,0.0,False,unknown,198,frame_198_layer_0,0.2468650200273087,unknown_ambiguous,1200,0.0,0,0.0,0.0,1.0,1.0,27,27,1505
0.47289156626506024,1.0,0.0,0.0,0.0,0,-2.0,False,static,198,frame_198_layer_1,0.2468650200273087,static_region_geometry,332,0.0,1,0.0,0.5271084337349398,1.0,1.0,16,27,332
0.6412859560067682,0.0,0.3587140439932318,1.0,1.0,10,1.4545454545454546,False,unknown,198,frame_198_layer_2,0.2468650200273087,unknown_ambiguous,591,0.0,2,0.7272727272727273,0.0,0.2727272727272727,0.0,1,27,591
0.24390243902439024,1.0,0.0,0.0,0.0,6,-2.0,False,static,198,frame_198_layer_3,0.2468650200273087,static_region_geometry,123,0.0,3,0.0,0.7560975609756098,1.0,1.0,16,27,123
1.0,1.0,0.0,0.0,0.0,0,-2.0,False,invalid,198,frame_198_layer_4,0.2468650200273087,invalid_insufficient_depth,27,0.0,4,0.0,0.0,1.0,1.0,1,27,27
0.4,0.0,0.6,1.0,1.0,8,2.0,False,invalid,198,frame_198_layer_5,0.2468650200273087,invalid_insufficient_depth,35,0.0,5,1.0,0.0,0.0,0.0,0,27,35
1.0,0.0,0.0,1.0,1.0,27,0.0,False,unknown,198,frame_198_layer_6,0.2468650200273087,unknown_ambiguous,1200,0.0,6,0.0,0.0,1.0,1.0,25,27,2457
1.0,1.0,0.0,0.0,0.0,0,0.0,False,invalid,198,frame_198_layer_7,0.2468650200273087,invalid_insufficient_depth,1,0.0,7,1.0,0.0,0.0,0.0,0,27,1
1.0,1.0,0.0,0.0,0.0,0,0.0,False,invalid,198,frame_198_layer_8,0.0,invalid_insufficient_depth,0,0.0,8,1.0,0.0,0.0,0.0,0,0,0
0.2046783625730994,0.0,0.7953216374269005,1.0,1.0,16,0.2564102564102564,True,drawer,198,frame_198_layer_9,0.2468650200273087,drawer_region_geometry_revealed,171,0.0,9,0.1282051282051282,0.0,0.8717948717948718,0.20388349514563106,13,27,171
0.9775784753363229,0.0,0.0,1.0,0.9954337899543378,9,0.0,False,unknown,198,frame_198_layer_10,0.2468650200273087,unknown_ambiguous,223,0.0,10,0.0,0.02242152466367713,1.0,1.0,9,27,223
0.8660049627791563,0.0,0.13399503722084366,1.0,1.0,15,0.0,False,unknown,198,frame_198_layer_11,0.2468650200273087,unknown_ambiguous,403,0.0,11,0.0,0.0,1.0,0.5942063874177499,16,27,403
0.8823529411764706,0.18627450980392157,0.0,0.8137254901960784,0.7559523809523809,9,-0.37254901960784315,False,unknown,198,frame_198_layer_12,0.2468650200273087,unknown_ambiguous,136,0.0,12,0.0,0.11764705882352941,1.0,1.0,16,27,136
0.9534883720930233,1.0,0.0,0.0,0.0,0,-2.0,False,invalid,198,frame_198_layer_13,0.2468650200273087,invalid_insufficient_depth,43,0.0,13,0.0,0.046511627906976744,1.0,1.0,2,27,43
0.0,0.0,1.0,1.0,1.0,12,2.0,False,invalid,198,frame_198_layer_14,0.2468650200273087,invalid_insufficient_depth,37,0.0,14,1.0,0.0,0.0,0.0,2,27,37
1.0,1.0,0.0,0.0,0.0,0,0.0,False,invalid,198,frame_198_layer_15,0.0,invalid_insufficient_depth,0,0.0,15,1.0,0.0,0.0,0.0,0,0,0
1.0,1.0,0.0,0.0,0.0,0,0.0,False,invalid,198,frame_198_layer_19,0.0,invalid_insufficient_depth,0,0.0,19,1.0,0.0,0.0,0.0,0,0,0
1.0,1.0,0.0,0.0,0.0,0,0.0,False,invalid,198,frame_198_layer_23,0.0,invalid_insufficient_depth,0,0.0,23,1.0,0.0,0.0,0.0,0,0,0
0.6108374384236454,0.96,0.0,0.04,0.019345238095238096,3,-1.92,False,unknown,198,frame_198_layer_24,0.2468650200273087,unknown_ambiguous,203,0.0,24,0.0,0.3891625615763547,1.0,1.0,27,27,203
0.07083333333333333,0.05824372759856631,0.9291666666666667,0.9417562724014337,0.9175115421848239,27,1.8835125448028673,True,drawer,198,frame_198_layer_25,0.2468650200273087,drawer_region_geometry_with_seed,1200,1.0,25,1.0,0.0,0.0,0.0,0,27,2573
1.0,1.0,0.0,0.0,0.0,0,0.0,False,invalid,198,frame_198_layer_26,0.0,invalid_insufficient_depth,0,0.0,26,1.0,0.0,0.0,0.0,0,0,0
1.0,1.0,0.0,0.0,0.0,0,0.0,False,invalid,198,frame_198_layer_27,0.0,invalid_insufficient_depth,0,0.0,27,1.0,0.0,0.0,0.0,0,0,0
0.8616666666666667,0.027777777777777776,0.0,0.9722222222222222,0.9231240040015886,27,-0.05555555555555558,False,unknown,198,frame_198_layer_28,0.2468650200273087,unknown_ambiguous,1200,0.0,28,0.0,0.13833333333333334,1.0,1.0,27,27,4406
1.0,0.0,0.0,1.0,1.0,20,0.0,False,unknown,199,frame_199_layer_0,0.26164481925107075,unknown_ambiguous,1200,0.0,0,0.0,0.0,1.0,1.0,20,20,1975
1.0,1.0,0.0,0.0,0.0,0,-2.0,False,unknown,199,frame_199_layer_1,0.26164481925107075,unknown_insufficient_evidence,351,0.0,1,0.0,0.0,1.0,1.0,9,20,351
0.6093489148580968,0.0,0.39065108514190316,1.0,1.0,3,1.5813953488372092,False,unknown,199,frame_199_layer_2,0.26164481925107075,unknown_ambiguous,599,0.0,2,0.7906976744186046,0.0,0.20930232558139536,0.0,0,20,599
1.0,0.0,0.0,1.0,1.0,8,0.0,False,unknown,199,frame_199_layer_3,0.26164481925107075,unknown_ambiguous,117,0.0,3,0.0,0.0,1.0,1.0,9,20,117
1.0,1.0,0.0,0.0,0.0,0,0.0,False,invalid,199,frame_199_layer_4,0.26164481925107075,invalid_insufficient_depth,29,0.0,4,1.0,0.0,0.0,0.0,0,20,29
1.0,1.0,0.0,0.0,0.0,0,0.0,False,invalid,199,frame_199_layer_5,0.26164481925107075,invalid_insufficient_depth,95,0.0,5,1.0,0.0,0.0,0.0,0,20,95
1.0,0.0,0.0,1.0,1.0,19,0.0,False,unknown,199,frame_199_layer_6,0.26164481925107075,unknown_ambiguous,1200,0.0,6,0.0,0.0,1.0,1.0,14,20,2167
1.0,1.0,0.0,0.0,0.0,0,0.0,False,invalid,199,frame_199_layer_7,0.0,invalid_insufficient_depth,0,0.0,7,1.0,0.0,0.0,0.0,0,0,0
1.0,1.0,0.0,0.0,0.0,0,0.0,False,invalid,199,frame_199_layer_8,0.0,invalid_insufficient_depth,0,0.0,8,1.0,0.0,0.0,0.0,0,0,0
0.19883040935672514,0.0,0.8011695906432749,1.0,1.0,8,1.4698025551684089,True,drawer,199,frame_199_layer_9,0.26164481925107075,drawer_region_geometry_revealed,171,0.0,9,0.7349012775842044,0.0,0.2650987224157956,0.037851662404092073,6,20,171
1.0,0.0,0.0,1.0,1.0,2,0.0,False,unknown,199,frame_199_layer_10,0.26164481925107075,unknown_ambiguous,297,0.0,10,0.0,0.0,1.0,1.0,2,20,297
0.8351851851851851,0.0,0.1648148148148148,1.0,1.0,8,0.8536363636363636,False,unknown,199,frame_199_layer_11,0.26164481925107075,unknown_ambiguous,540,0.0,11,0.4268181818181818,0.0,0.5731818181818182,0.30510581467022807,8,20,540
1.0,0.0,0.0,1.0,1.0,4,0.0,False,unknown,199,frame_199_layer_12,0.26164481925107075,unknown_ambiguous,118,0.0,12,0.0,0.0,1.0,1.0,9,20,118
1.0,0.0,0.0,1.0,1.0,1,0.0,False,invalid,199,frame_199_layer_13,0.26164481925107075,invalid_insufficient_depth,57,0.0,13,0.0,0.0,1.0,1.0,2,20,57
0.0,0.0,1.0,1.0,1.0,6,1.3953488372093024,False,invalid,199,frame_199_layer_14,0.26164481925107075,invalid_insufficient_depth,43,0.0,14,0.6976744186046512,0.0,0.3023255813953488,0.2770348837209302,2,20,43
1.0,1.0,0.0,0.0,0.0,0,0.0,False,invalid,199,frame_199_layer_15,0.0,invalid_insufficient_depth,0,0.0,15,1.0,0.0,0.0,0.0,0,0,0
1.0,1.0,0.0,0.0,0.0,0,0.0,False,invalid,199,frame_199_layer_19,0.0,invalid_insufficient_depth,0,0.0,19,1.0,0.0,0.0,0.0,0,0,0
1.0,1.0,0.0,0.0,0.0,0,0.0,False,invalid,199,frame_199_layer_23,0.0,invalid_insufficient_depth,0,0.0,23,1.0,0.0,0.0,0.0,0,0,0
1.0,0.0,0.0,1.0,1.0,4,0.0,False,unknown,199,frame_199_layer_24,0.26164481925107075,unknown_ambiguous,363,0.0,24,0.0,0.0,1.0,1.0,20,20,363
0.12916666666666668,0.08351611831173147,0.8708333333333333,0.9164838816882686,0.9072530161066716,20,1.832967763376537,True,drawer,199,frame_199_layer_25,0.26164481925107075,drawer_region_geometry_with_seed,1200,1.0,25,1.0,0.0,0.0,0.0,0,20,2511
1.0,1.0,0.0,0.0,0.0,0,0.0,False,invalid,199,frame_199_layer_26,0.0,invalid_insufficient_depth,0,0.0,26,1.0,0.0,0.0,0.0,0,0,0
1.0,1.0,0.0,0.0,0.0,0,0.0,False,invalid,199,frame_199_layer_27,0.0,invalid_insufficient_depth,0,0.0,27,1.0,0.0,0.0,0.0,0,0,0
0.9508333333333333,0.006530657763118765,0.0,0.9934693422368812,0.974702706593723,20,-0.013061315526237571,False,unknown,199,frame_199_layer_28,0.26164481925107075,unknown_ambiguous,1200,0.0,28,0.0,0.049166666666666664,1.0,1.0,20,20,4403
1.0,0.0,0.0,1.0,1.0,19,0.0,False,unknown,200,frame_200_layer_0,0.2734369146971839,unknown_ambiguous,1200,0.0,0,0.0,0.0,1.0,1.0,20,20,1911
1.0,1.0,0.0,0.0,0.0,0,-2.0,False,unknown,200,frame_200_layer_1,0.2734369146971839,unknown_insufficient_evidence,348,0.0,1,0.0,0.0,1.0,1.0,9,20,348
0.6112026359143328,0.0,0.38879736408566723,1.0,1.0,3,1.661510366312171,False,unknown,200,frame_200_layer_2,0.2734369146971839,unknown_ambiguous,607,0.0,2,0.8307551831560855,0.0,0.1692448168439145,0.003125,0,20,607
1.0,0.0,0.0,1.0,1.0,7,0.0,False,unknown,200,frame_200_layer_3,0.2734369146971839,unknown_ambiguous,122,0.0,3,0.0,0.0,1.0,1.0,9,20,122
1.0,1.0,0.0,0.0,0.0,0,0.0,False,invalid,200,frame_200_layer_4,0.2734369146971839,invalid_insufficient_depth,18,0.0,4,1.0,0.0,0.0,0.0,0,20,18
1.0,1.0,0.0,0.0,0.0,0,0.0,False,unknown,200,frame_200_layer_5,0.2734369146971839,unknown_insufficient_evidence,156,0.0,5,1.0,0.0,0.0,0.0,0,20,156
1.0,0.0,0.0,1.0,1.0,15,0.0,False,unknown,200,frame_200_layer_6,0.2734369146971839,unknown_ambiguous,1200,0.0,6,0.0,0.0,1.0,1.0,13,20,2009
1.0,1.0,0.0,0.0,0.0,0,0.0,False,invalid,200,frame_200_layer_7,0.2734369146971839,invalid_insufficient_depth,1,0.0,7,1.0,0.0,0.0,0.0,0,20,1
1.0,1.0,0.0,0.0,0.0,0,0.0,False,invalid,200,frame_200_layer_8,0.0,invalid_insufficient_depth,0,0.0,8,1.0,0.0,0.0,0.0,0,0,0
0.25925925925925924,0.0,0.7407407407407407,1.0,1.0,8,1.5730337078651686,True,drawer,200,frame_200_layer_9,0.2734369146971839,drawer_region_geometry_revealed,162,0.0,9,0.7865168539325843,0.0,0.21348314606741572,0.0,4,20,162
1.0,0.0,0.0,1.0,1.0,2,0.0,False,unknown,200,frame_200_layer_10,0.2734369146971839,unknown_ambiguous,291,0.0,10,0.0,0.0,1.0,1.0,2,20,291
0.7192982456140351,0.0,0.2807017543859649,1.0,1.0,8,1.3131313131313131,False,unknown,200,frame_200_layer_11,0.2734369146971839,unknown_ambiguous,456,0.0,11,0.6565656565656566,0.0,0.3434343434343434,0.16080402010050251,7,20,456
1.0,0.0,0.0,1.0,1.0,4,0.0,False,invalid,200,frame_200_layer_12,0.2734369146971839,invalid_insufficient_depth,84,0.0,12,0.0,0.0,1.0,1.0,6,20,84
1.0,0.0,0.0,1.0,1.0,1,0.0,False,invalid,200,frame_200_layer_13,0.2734369146971839,invalid_insufficient_depth,67,0.0,13,0.0,0.0,1.0,1.0,2,20,67
0.0,0.0,1.0,1.0,1.0,5,2.0,False,invalid,200,frame_200_layer_14,0.2734369146971839,invalid_insufficient_depth,41,0.0,14,1.0,0.0,0.0,0.0,2,20,41
1.0,1.0,0.0,0.0,0.0,0,0.0,False,invalid,200,frame_200_layer_15,0.0,invalid_insufficient_depth,0,0.0,15,1.0,0.0,0.0,0.0,0,0,0
1.0,1.0,0.0,0.0,0.0,0,0.0,False,invalid,200,frame_200_layer_19,0.0,invalid_insufficient_depth,0,0.0,19,1.0,0.0,0.0,0.0,0,0,0
1.0,1.0,0.0,0.0,0.0,0,0.0,False,invalid,200,frame_200_layer_23,0.0,invalid_insufficient_depth,0,0.0,23,1.0,0.0,0.0,0.0,0,0,0
1.0,0.0,0.0,1.0,1.0,4,0.0,False,unknown,200,frame_200_layer_24,0.2734369146971839,unknown_ambiguous,354,0.0,24,0.0,0.0,1.0,1.0,20,20,354
0.15916666666666668,0.09100085659967516,0.8408333333333333,0.9089991434003248,0.8962902683006081,20,1.8179982868006497,True,drawer,200,frame_200_layer_25,0.2734369146971839,drawer_region_geometry_with_seed,1200,1.0,25,1.0,0.0,0.0,0.0,0,20,2461
1.0,1.0,0.0,0.0,0.0,0,0.0,False,invalid,200,frame_200_layer_26,0.0,invalid_insufficient_depth,0,0.0,26,1.0,0.0,0.0,0.0,0,0,0
1.0,1.0,0.0,0.0,0.0,0,0.0,False,invalid,200,frame_200_layer_27,0.0,invalid_insufficient_depth,0,0.0,27,1.0,0.0,0.0,0.0,0,0,0
0.9408333333333333,0.007506090970708385,0.0,0.9924939090292916,0.9597671585217273,20,-0.015012181941416847,False,unknown,200,frame_200_layer_28,0.2734369146971839,unknown_ambiguous,1200,0.0,28,0.0,0.059166666666666666,1.0,1.0,20,20,4293
1.0,0.0,0.0,1.0,1.0,19,0.0,False,unknown,201,frame_201_layer_0,0.2758790548320902,unknown_ambiguous,1200,0.0,0,0.0,0.0,1.0,1.0,20,20,2393
1.0,1.0,0.0,0.0,0.0,0,-2.0,False,unknown,201,frame_201_layer_1,0.2758790548320902,unknown_insufficient_evidence,319,0.0,1,0.0,0.0,1.0,1.0,9,20,319
0.6026936026936027,0.0,0.39730639730639733,1.0,1.0,3,1.6658730158730157,False,unknown,201,frame_201_layer_2,0.2758790548320902,unknown_ambiguous,594,0.0,2,0.8329365079365079,0.0,0.16706349206349208,0.022791353383458647,0,20,594
1.0,0.0,0.0,1.0,1.0,5,0.0,False,unknown,201,frame_201_layer_3,0.2758790548320902,unknown_ambiguous,120,0.0,3,0.0,0.0,1.0,1.0,9,20,120
1.0,1.0,0.0,0.0,0.0,0,0.0,False,invalid,201,frame_201_layer_4,0.2758790548320902,invalid_insufficient_depth,29,0.0,4,1.0,0.0,0.0,0.0,0,20,29
1.0,1.0,0.0,0.0,0.0,0,0.0,False,unknown,201,frame_201_layer_5,0.2758790548320902,unknown_insufficient_evidence,167,0.0,5,1.0,0.0,0.0,0.0,0,20,167
1.0,0.0,0.0,1.0,1.0,14,0.0,False,unknown,201,frame_201_layer_6,0.2758790548320902,unknown_ambiguous,1200,0.0,6,0.0,0.0,1.0,1.0,13,20,1813
1.0,1.0,0.0,0.0,0.0,0,0.0,False,invalid,201,frame_201_layer_7,0.0,invalid_insufficient_depth,0,0.0,7,1.0,0.0,0.0,0.0,0,0,0
1.0,1.0,0.0,0.0,0.0,0,0.0,False,invalid,201,frame_201_layer_8,0.0,invalid_insufficient_depth,0,0.0,8,1.0,0.0,0.0,0.0,0,0,0
0.25443786982248523,0.0,0.7455621301775148,1.0,1.0,8,1.5512651265126514,True,drawer,201,frame_201_layer_9,0.2758790548320902,drawer_region_geometry_revealed,169,0.0,9,0.7756325632563257,0.0,0.22436743674367438,0.0,5,20,169
1.0,0.0,0.0,1.0,1.0,2,0.0,False,unknown,201,frame_201_layer_10,0.2758790548320902,unknown_ambiguous,329,0.0,10,0.0,0.0,1.0,1.0,2,20,329
0.72,0.0,0.28,1.0,1.0,8,1.2258064516129032,False,unknown,201,frame_201_layer_11,0.2758790548320902,unknown_ambiguous,475,0.0,11,0.6129032258064516,0.0,0.3870967741935484,0.21428571428571427,7,20,475
1.0,0.0,0.0,1.0,1.0,4,0.0,False,unknown,201,frame_201_layer_12,0.2758790548320902,unknown_ambiguous,102,0.0,12,0.0,0.0,1.0,1.0,9,20,102
1.0,1.0,0.0,0.0,0.0,0,-2.0,False,invalid,201,frame_201_layer_13,0.2758790548320902,invalid_insufficient_depth,58,0.0,13,0.0,0.0,1.0,1.0,2,20,58
0.0,0.0,1.0,1.0,1.0,6,2.0,False,invalid,201,frame_201_layer_14,0.2758790548320902,invalid_insufficient_depth,36,0.0,14,1.0,0.0,0.0,0.0,1,20,36
1.0,1.0,0.0,0.0,0.0,0,0.0,False,invalid,201,frame_201_layer_15,0.0,invalid_insufficient_depth,0,0.0,15,1.0,0.0,0.0,0.0,0,0,0
1.0,1.0,0.0,0.0,0.0,0,0.0,False,invalid,201,frame_201_layer_19,0.0,invalid_insufficient_depth,0,0.0,19,1.0,0.0,0.0,0.0,0,0,0
1.0,1.0,0.0,0.0,0.0,0,0.0,False,invalid,201,frame_201_layer_23,0.0,invalid_insufficient_depth,0,0.0,23,1.0,0.0,0.0,0.0,0,0,0
1.0,0.0,0.0,1.0,1.0,4,0.0,False,unknown,201,frame_201_layer_24,0.2758790548320902,unknown_ambiguous,386,0.0,24,0.0,0.0,1.0,1.0,20,20,386
0.15166666666666667,0.0913687683270154,0.8483333333333334,0.9086312316729845,0.8994337890226485,20,1.817262463345969,True,drawer,201,frame_201_layer_25,0.2758790548320902,drawer_region_geometry_with_seed,1200,1.0,25,1.0,0.0,0.0,0.0,0,20,2517
1.0,1.0,0.0,0.0,0.0,0,0.0,False,invalid,201,frame_201_layer_26,0.0,invalid_insufficient_depth,0,0.0,26,1.0,0.0,0.0,0.0,0,0,0
1.0,1.0,0.0,0.0,0.0,0,0.0,False,invalid,201,frame_201_layer_27,0.0,invalid_insufficient_depth,0,0.0,27,1.0,0.0,0.0,0.0,0,0,0
0.9416666666666667,0.00792437716602367,0.0,0.9920756228339763,0.9595704225352113,20,-0.015848754332047355,False,unknown,201,frame_201_layer_28,0.2758790548320902,unknown_ambiguous,1200,0.0,28,0.0,0.058333333333333334,1.0,1.0,20,20,4224
1.0,0.0,0.0,1.0,1.0,20,0.0,False,unknown,202,frame_202_layer_0,0.27760910093009805,unknown_ambiguous,1200,0.0,0,0.0,0.0,1.0,1.0,21,21,2109
1.0,1.0,0.0,0.0,0.0,0,-2.0,False,unknown,202,frame_202_layer_1,0.27760910093009805,unknown_insufficient_evidence,327,0.0,1,0.0,0.0,1.0,1.0,10,21,327
0.30434782608695654,0.0,0.6956521739130435,1.0,1.0,4,1.6770833333333333,True,drawer,202,frame_202_layer_2,0.27760910093009805,drawer_region_geometry_revealed,621,0.0,2,0.8385416666666666,0.0,0.16145833333333334,0.002976190476190476,0,21,621
1.0,0.0,0.0,1.0,1.0,5,0.0,False,unknown,202,frame_202_layer_3,0.27760910093009805,unknown_ambiguous,113,0.0,3,0.0,0.0,1.0,1.0,9,21,113
1.0,1.0,0.0,0.0,0.0,0,0.0,False,invalid,202,frame_202_layer_4,0.27760910093009805,invalid_insufficient_depth,33,0.0,4,1.0,0.0,0.0,0.0,0,21,33
0.90625,1.0,0.09375,0.0,0.0,0,0.0,False,unknown,202,frame_202_layer_5,0.27760910093009805,unknown_insufficient_evidence,160,0.0,5,1.0,0.0,0.0,0.0,0,21,160
1.0,0.0,0.0,1.0,1.0,15,0.0,False,unknown,202,frame_202_layer_6,0.27760910093009805,unknown_ambiguous,1200,0.0,6,0.0,0.0,1.0,1.0,14,21,1926
1.0,1.0,0.0,0.0,0.0,0,0.0,False,invalid,202,frame_202_layer_7,0.27760910093009805,invalid_insufficient_depth,1,0.0,7,1.0,0.0,0.0,0.0,0,21,1
1.0,1.0,0.0,0.0,0.0,0,0.0,False,invalid,202,frame_202_layer_8,0.0,invalid_insufficient_depth,0,0.0,8,1.0,0.0,0.0,0.0,0,0,0
0.17647058823529413,0.0,0.8235294117647058,1.0,1.0,8,1.5051546391752577,True,drawer,202,frame_202_layer_9,0.27760910093009805,drawer_region_geometry_revealed,170,0.0,9,0.7525773195876289,0.0,0.24742268041237114,0.0,6,21,170
1.0,0.0,0.0,1.0,1.0,3,0.0,False,unknown,202,frame_202_layer_10,0.27760910093009805,unknown_ambiguous,334,0.0,10,0.0,0.0,1.0,1.0,3,21,334
0.6576200417536534,0.0,0.34237995824634654,1.0,1.0,9,1.3267326732673268,False,unknown,202,frame_202_layer_11,0.27760910093009805,unknown_ambiguous,479,0.0,11,0.6633663366336634,0.0,0.33663366336633666,0.19907407407407407,7,21,479
1.0,0.0,0.0,1.0,1.0,4,0.0,False,invalid,202,frame_202_layer_12,0.27760910093009805,invalid_insufficient_depth,91,0.0,12,0.0,0.0,1.0,1.0,11,21,91
1.0,1.0,0.0,0.0,0.0,0,-2.0,False,invalid,202,frame_202_layer_13,0.27760910093009805,invalid_insufficient_depth,48,0.0,13,0.0,0.0,1.0,1.0,1,21,48
0.0,0.0,1.0,1.0,1.0,7,2.0,False,invalid,202,frame_202_layer_14,0.27760910093009805,invalid_insufficient_depth,40,0.0,14,1.0,0.0,0.0,0.0,1,21,40
1.0,1.0,0.0,0.0,0.0,0,0.0,False,invalid,202,frame_202_layer_15,0.0,invalid_insufficient_depth,0,0.0,15,1.0,0.0,0.0,0.0,0,0,0
1.0,1.0,0.0,0.0,0.0,0,0.0,False,invalid,202,frame_202_layer_19,0.0,invalid_insufficient_depth,0,0.0,19,1.0,0.0,0.0,0.0,0,0,0
1.0,1.0,0.0,0.0,0.0,0,0.0,False,invalid,202,frame_202_layer_23,0.0,invalid_insufficient_depth,0,0.0,23,1.0,0.0,0.0,0.0,0,0,0
1.0,0.0,0.0,1.0,1.0,4,0.0,False,unknown,202,frame_202_layer_24,0.27760910093009805,unknown_ambiguous,319,0.0,24,0.0,0.0,1.0,1.0,21,21,319
0.13416666666666666,0.09161793372319688,0.8658333333333333,0.9083820662768031,0.8963878326996197,21,1.8167641325536061,True,drawer,202,frame_202_layer_25,0.27760910093009805,drawer_region_geometry_with_seed,1200,1.0,25,1.0,0.0,0.0,0.0,0,21,2539
0.9425,0.007331378299120235,0.0,0.9926686217008798,0.9575596816976127,21,-0.014662756598240456,False,unknown,202,frame_202_layer_28,0.27760910093009805,unknown_ambiguous,1200,0.0,28,0.0,0.0575,1.0,1.0,21,21,4119
1.0,0.0,0.0,1.0,1.0,19,0.0,False,unknown,203,frame_203_layer_0,0.2815773461555924,unknown_ambiguous,1200,0.0,0,0.0,0.0,1.0,1.0,21,21,2072
1.0,1.0,0.0,0.0,0.0,0,-2.0,False,unknown,203,frame_203_layer_1,0.2815773461555924,unknown_insufficient_evidence,320,0.0,1,0.0,0.0,1.0,1.0,10,21,320
0.3127962085308057,0.0,0.6872037914691943,1.0,1.0,4,1.7588652482269505,True,drawer,203,frame_203_layer_2,0.2815773461555924,drawer_region_geometry_revealed,633,0.0,2,0.8794326241134752,0.0,0.12056737588652482,0.007122507122507123,0,21,633
1.0,0.0,0.0,1.0,1.0,5,0.0,False,unknown,203,frame_203_layer_3,0.2815773461555924,unknown_ambiguous,113,0.0,3,0.0,0.0,1.0,1.0,10,21,113
1.0,1.0,0.0,0.0,0.0,0,0.0,False,invalid,203,frame_203_layer_4,0.2815773461555924,invalid_insufficient_depth,13,0.0,4,1.0,0.0,0.0,0.0,0,21,13
0.9055555555555556,1.0,0.09444444444444444,0.0,0.0,0,0.0,False,unknown,203,frame_203_layer_5,0.2815773461555924,unknown_insufficient_evidence,180,0.0,5,1.0,0.0,0.0,0.0,0,21,180
1.0,0.0,0.0,1.0,1.0,14,0.0,False,unknown,203,frame_203_layer_6,0.2815773461555924,unknown_ambiguous,1200,0.0,6,0.0,0.0,1.0,1.0,14,21,1923
1.0,1.0,0.0,0.0,0.0,0,0.0,False,invalid,203,frame_203_layer_7,0.2815773461555924,invalid_insufficient_depth,3,0.0,7,1.0,0.0,0.0,0.0,0,21,3
1.0,1.0,0.0,0.0,0.0,0,0.0,False,invalid,203,frame_203_layer_8,0.0,invalid_insufficient_depth,0,0.0,8,1.0,0.0,0.0,0.0,0,0,0
0.21686746987951808,0.0,0.7831325301204819,1.0,1.0,8,1.5833333333333333,True,drawer,203,frame_203_layer_9,0.2815773461555924,drawer_region_geometry_revealed,166,0.0,9,0.7916666666666666,0.0,0.20833333333333334,0.0,6,21,166
1.0,0.0,0.0,1.0,1.0,3,0.0,False,unknown,203,frame_203_layer_10,0.2815773461555924,unknown_ambiguous,350,0.0,10,0.0,0.0,1.0,1.0,3,21,350
0.6439688715953308,0.0,0.3560311284046693,1.0,1.0,9,1.4757281553398058,False,unknown,203,frame_203_layer_11,0.2815773461555924,unknown_ambiguous,514,0.0,11,0.7378640776699029,0.0,0.2621359223300971,0.16740088105726872,7,21,514
1.0,0.0,0.0,1.0,1.0,3,0.0,False,invalid,203,frame_203_layer_12,0.2815773461555924,invalid_insufficient_depth,94,0.0,12,0.0,0.0,1.0,1.0,11,21,94
1.0,1.0,0.0,0.0,0.0,0,0.0,False,invalid,203,frame_203_layer_13,0.2815773461555924,invalid_insufficient_depth,29,0.0,13,1.0,0.0,0.0,0.0,0,21,29
0.0,0.0,1.0,1.0,1.0,7,1.6428571428571428,False,invalid,203,frame_203_layer_14,0.2815773461555924,invalid_insufficient_depth,40,0.0,14,0.8214285714285714,0.0,0.17857142857142858,0.0,1,21,40
1.0,1.0,0.0,0.0,0.0,0,0.0,False,invalid,203,frame_203_layer_15,0.0,invalid_insufficient_depth,0,0.0,15,1.0,0.0,0.0,0.0,0,0,0
1.0,1.0,0.0,0.0,0.0,0,0.0,False,invalid,203,frame_203_layer_19,0.0,invalid_insufficient_depth,0,0.0,19,1.0,0.0,0.0,0.0,0,0,0
1.0,1.0,0.0,0.0,0.0,0,0.0,False,invalid,203,frame_203_layer_23,0.0,invalid_insufficient_depth,0,0.0,23,1.0,0.0,0.0,0.0,0,0,0
1.0,0.0,0.0,1.0,1.0,4,0.0,False,unknown,203,frame_203_layer_24,0.2815773461555924,unknown_ambiguous,275,0.0,24,0.0,0.0,1.0,1.0,21,21,275
0.145,0.09292929292929293,0.855,0.907070707070707,0.892175572519084,21,1.814141414141414,True,drawer,203,frame_203_layer_25,0.2815773461555924,drawer_region_geometry_with_seed,1200,1.0,25,1.0,0.0,0.0,0.0,0,21,2545
0.9491666666666667,0.0060790273556231,0.0,0.993920972644377,0.9607329842931938,21,-0.012158054711246091,False,unknown,203,frame_203_layer_28,0.2815773461555924,unknown_ambiguous,1200,0.0,28,0.0,0.050833333333333335,1.0,1.0,21,21,4042
1.0,0.0,0.0,1.0,1.0,18,0.0,False,unknown,204,frame_204_layer_0,0.28446401290015544,unknown_ambiguous,1200,0.0,0,0.0,0.0,1.0,1.0,21,21,1938
1.0,1.0,0.0,0.0,0.0,0,-2.0,False,unknown,204,frame_204_layer_1,0.28446401290015544,unknown_insufficient_evidence,337,0.0,1,0.0,0.0,1.0,1.0,10,21,337
0.32242990654205606,0.0,0.677570093457944,1.0,1.0,4,1.726829268292683,True,drawer,204,frame_204_layer_2,0.28446401290015544,drawer_region_geometry_revealed,642,0.0,2,0.8634146341463415,0.0,0.13658536585365855,0.020710194730813286,0,21,642
1.0,0.0,0.0,1.0,1.0,6,0.0,False,unknown,204,frame_204_layer_3,0.28446401290015544,unknown_ambiguous,111,0.0,3,0.0,0.0,1.0,1.0,9,21,111
1.0,1.0,0.0,0.0,0.0,0,0.0,False,invalid,204,frame_204_layer_4,0.28446401290015544,invalid_insufficient_depth,46,0.0,4,1.0,0.0,0.0,0.0,0,21,46
0.8947368421052632,0.0,0.10526315789473684,1.0,1.0,1,2.0,False,unknown,204,frame_204_layer_5,0.28446401290015544,unknown_insufficient_evidence,190,0.0,5,1.0,0.0,0.0,0.0,0,21,190
1.0,0.0,0.0,1.0,1.0,14,0.0,False,unknown,204,frame_204_layer_6,0.28446401290015544,unknown_ambiguous,1200,0.0,6,0.0,0.0,1.0,1.0,14,21,1936
1.0,1.0,0.0,0.0,0.0,0,0.0,False,invalid,204,frame_204_layer_7,0.0,invalid_insufficient_depth,0,0.0,7,1.0,0.0,0.0,0.0,0,0,0
1.0,1.0,0.0,0.0,0.0,0,0.0,False,invalid,204,frame_204_layer_8,0.0,invalid_insufficient_depth,0,0.0,8,1.0,0.0,0.0,0.0,0,0,0
0.24705882352941178,0.0,0.7529411764705882,1.0,1.0,8,1.638095238095238,True,drawer,204,frame_204_layer_9,0.28446401290015544,drawer_region_geometry_revealed,170,0.0,9,0.819047619047619,0.0,0.18095238095238095,0.0,6,21,170
1.0,0.0,0.0,1.0,1.0,3,0.0,False,unknown,204,frame_204_layer_10,0.28446401290015544,unknown_ambiguous,376,0.0,10,0.0,0.0,1.0,1.0,2,21,376
0.6008403361344538,0.0,0.39915966386554624,1.0,1.0,9,1.4464285714285714,False,unknown,204,frame_204_layer_11,0.28446401290015544,unknown_ambiguous,476,0.0,11,0.7232142857142857,0.0,0.2767857142857143,0.1559633027522936,7,21,476
1.0,0.0,0.0,1.0,1.0,4,0.0,False,unknown,204,frame_204_layer_12,0.28446401290015544,unknown_ambiguous,116,0.0,12,0.0,0.0,1.0,1.0,10,21,116
1.0,0.0,0.0,1.0,1.0,1,0.0,False,invalid,204,frame_204_layer_13,0.28446401290015544,invalid_insufficient_depth,46,0.0,13,0.0,0.0,1.0,1.0,1,21,46
0.0,0.0,1.0,1.0,1.0,7,1.333793103448276,False,invalid,204,frame_204_layer_14,0.28446401290015544,invalid_insufficient_depth,36,0.0,14,0.666896551724138,0.0,0.333103448275862,0.06,1,21,36
1.0,1.0,0.0,0.0,0.0,0,0.0,False,invalid,204,frame_204_layer_15,0.0,invalid_insufficient_depth,0,0.0,15,1.0,0.0,0.0,0.0,0,0,0
1.0,1.0,0.0,0.0,0.0,0,0.0,False,invalid,204,frame_204_layer_19,0.0,invalid_insufficient_depth,0,0.0,19,1.0,0.0,0.0,0.0,0,0,0
1.0,1.0,0.0,0.0,0.0,0,0.0,False,invalid,204,frame_204_layer_23,0.0,invalid_insufficient_depth,0,0.0,23,1.0,0.0,0.0,0.0,0,0,0
1.0,0.0,0.0,1.0,1.0,3,0.0,False,unknown,204,frame_204_layer_24,0.28446401290015544,unknown_insufficient_evidence,225,0.0,24,0.0,0.0,1.0,1.0,21,21,225
0.15916666666666668,0.09845559845559845,0.8408333333333333,0.9015444015444015,0.8869047619047619,21,1.803088803088803,True,drawer,204,frame_204_layer_25,0.28446401290015544,drawer_region_geometry_with_seed,1200,1.0,25,1.0,0.0,0.0,0.0,0,21,2537
1.0,1.0,0.0,0.0,0.0,0,0.0,False,invalid,204,frame_204_layer_26,0.0,invalid_insufficient_depth,0,0.0,26,1.0,0.0,0.0,0.0,0,0,0
0.9383333333333334,0.009287925696594427,0.0,0.9907120743034056,0.9606481481481481,21,-0.018575851393188847,False,unknown,204,frame_204_layer_28,0.28446401290015544,unknown_ambiguous,1200,0.0,28,0.0,0.06166666666666667,1.0,1.0,21,21,3957
1.0,0.0,0.0,1.0,1.0,18,0.0,False,unknown,205,frame_205_layer_0,0.29123566231989506,unknown_ambiguous,1200,0.0,0,0.0,0.0,1.0,1.0,21,21,1974
1.0,1.0,0.0,0.0,0.0,0,-2.0,False,unknown,205,frame_205_layer_1,0.29123566231989506,unknown_insufficient_evidence,347,0.0,1,0.0,0.0,1.0,1.0,10,21,347
0.34285714285714286,0.0,0.6571428571428571,1.0,1.0,4,1.8577075098814229,True,drawer,205,frame_205_layer_2,0.29123566231989506,drawer_region_geometry_revealed,630,0.0,2,0.9288537549407114,0.0,0.07114624505928854,0.04496124031007752,0,21,630
1.0,0.0,0.0,1.0,1.0,6,0.0,False,unknown,205,frame_205_layer_3,0.29123566231989506,unknown_ambiguous,103,0.0,3,0.0,0.0,1.0,1.0,10,21,103
1.0,1.0,0.0,0.0,0.0,0,0.0,False,invalid,205,frame_205_layer_4,0.29123566231989506,invalid_insufficient_depth,65,0.0,4,1.0,0.0,0.0,0.0,0,21,65
0.8926829268292683,0.0,0.1073170731707317,1.0,1.0,1,2.0,False,unknown,205,frame_205_layer_5,0.29123566231989506,unknown_insufficient_evidence,205,0.0,5,1.0,0.0,0.0,0.0,0,21,205
1.0,0.0,0.0,1.0,1.0,13,0.0,False,unknown,205,frame_205_layer_6,0.29123566231989506,unknown_ambiguous,1200,0.0,6,0.0,0.0,1.0,1.0,13,21,1959
1.0,1.0,0.0,0.0,0.0,0,0.0,False,invalid,205,frame_205_layer_7,0.0,invalid_insufficient_depth,0,0.0,7,1.0,0.0,0.0,0.0,0,0,0
1.0,1.0,0.0,0.0,0.0,0,0.0,False,invalid,205,frame_205_layer_8,0.0,invalid_insufficient_depth,0,0.0,8,1.0,0.0,0.0,0.0,0,0,0
0.2342857142857143,0.0,0.7657142857142857,1.0,1.0,8,1.7457627118644068,True,drawer,205,frame_205_layer_9,0.29123566231989506,drawer_region_geometry_revealed,175,0.0,9,0.8728813559322034,0.0,0.1271186440677966,0.0,5,21,175
1.0,0.0,0.0,1.0,1.0,2,0.0,False,unknown,205,frame_205_layer_10,0.29123566231989506,unknown_ambiguous,385,0.0,10,0.0,0.0,1.0,1.0,3,21,385
0.5921052631578947,0.0,0.40789473684210525,1.0,1.0,9,1.4739695087521174,False,unknown,205,frame_205_layer_11,0.29123566231989506,unknown_ambiguous,532,0.0,11,0.7369847543760587,0.0,0.2630152456239413,0.12947216428686026,7,21,532
1.0,0.0,0.0,1.0,1.0,4,0.0,False,invalid,205,frame_205_layer_12,0.29123566231989506,invalid_insufficient_depth,70,0.0,12,0.0,0.0,1.0,1.0,7,21,70
1.0,0.0,0.0,1.0,1.0,1,0.0,False,invalid,205,frame_205_layer_13,0.29123566231989506,invalid_insufficient_depth,43,0.0,13,0.0,0.0,1.0,1.0,1,21,43
0.0,0.0,1.0,1.0,1.0,7,1.3793103448275863,False,invalid,205,frame_205_layer_14,0.29123566231989506,invalid_insufficient_depth,42,0.0,14,0.6896551724137931,0.0,0.3103448275862069,0.0,1,21,42
1.0,1.0,0.0,0.0,0.0,0,0.0,False,invalid,205,frame_205_layer_15,0.0,invalid_insufficient_depth,0,0.0,15,1.0,0.0,0.0,0.0,0,0,0
1.0,1.0,0.0,0.0,0.0,0,0.0,False,invalid,205,frame_205_layer_16,0.0,invalid_insufficient_depth,0,0.0,16,1.0,0.0,0.0,0.0,0,0,0
1.0,1.0,0.0,0.0,0.0,0,0.0,False,invalid,205,frame_205_layer_19,0.0,invalid_insufficient_depth,0,0.0,19,1.0,0.0,0.0,0.0,0,0,0
1.0,1.0,0.0,0.0,0.0,0,0.0,False,invalid,205,frame_205_layer_23,0.0,invalid_insufficient_depth,0,0.0,23,1.0,0.0,0.0,0.0,0,0,0
1.0,0.0,0.0,1.0,1.0,2,0.0,False,unknown,205,frame_205_layer_24,0.29123566231989506,unknown_insufficient_evidence,236,0.0,24,0.0,0.0,1.0,1.0,21,21,236
0.17666666666666667,0.10510805500982318,0.8233333333333334,0.8948919449901768,0.8782112274024738,21,1.7897838899803535,True,drawer,205,frame_205_layer_25,0.29123566231989506,drawer_region_geometry_with_seed,1200,1.0,25,1.0,0.0,0.0,0.0,0,21,2545
1.0,1.0,0.0,0.0,0.0,0,0.0,False,invalid,205,frame_205_layer_26,0.0,invalid_insufficient_depth,0,0.0,26,1.0,0.0,0.0,0.0,0,0,0
0.9341666666666667,0.011131725417439703,0.0,0.9888682745825603,0.9319727891156463,21,-0.02226345083487935,False,unknown,205,frame_205_layer_28,0.29123566231989506,unknown_ambiguous,1200,0.0,28,0.0,0.06583333333333333,1.0,1.0,21,21,3883
1.0,0.0,0.0,1.0,1.0,19,0.0,False,unknown,206,frame_206_layer_0,0.2996387806033801,unknown_ambiguous,1200,0.0,0,0.0,0.0,1.0,1.0,22,22,1751
1.0,1.0,0.0,0.0,0.0,0,-2.0,False,unknown,206,frame_206_layer_1,0.2996387806033801,unknown_insufficient_evidence,335,0.0,1,0.0,0.0,1.0,1.0,11,22,335
0.16925465838509315,0.0,0.8307453416149069,1.0,1.0,5,1.8582909707092714,True,drawer,206,frame_206_layer_2,0.2996387806033801,drawer_region_geometry_revealed,644,0.0,2,0.9291454853546357,0.0,0.07085451464536432,0.0,0,22,644
1.0,0.0,0.0,1.0,1.0,4,0.0,False,unknown,206,frame_206_layer_3,0.2996387806033801,unknown_ambiguous,102,0.0,3,0.0,0.0,1.0,1.0,11,22,102
1.0,1.0,0.0,0.0,0.0,0,0.0,False,invalid,206,frame_206_layer_4,0.2996387806033801,invalid_insufficient_depth,62,0.0,4,1.0,0.0,0.0,0.0,0,22,62
0.7647058823529411,0.0,0.23529411764705882,1.0,1.0,1,2.0,False,unknown,206,frame_206_layer_5,0.2996387806033801,unknown_insufficient_evidence,221,0.0,5,1.0,0.0,0.0,0.0,0,22,221
1.0,0.0,0.0,1.0,1.0,14,0.0,False,unknown,206,frame_206_layer_6,0.2996387806033801,unknown_ambiguous,1200,0.0,6,0.0,0.0,1.0,1.0,14,22,1891
1.0,1.0,0.0,0.0,0.0,0,0.0,False,invalid,206,frame_206_layer_7,0.0,invalid_insufficient_depth,0,0.0,7,1.0,0.0,0.0,0.0,0,0,0
1.0,1.0,0.0,0.0,0.0,0,0.0,False,invalid,206,frame_206_layer_8,0.0,invalid_insufficient_depth,0,0.0,8,1.0,0.0,0.0,0.0,0,0,0
0.26256983240223464,0.0,0.7374301675977654,1.0,1.0,9,1.7522727272727272,True,drawer,206,frame_206_layer_9,0.2996387806033801,drawer_region_geometry_revealed,179,0.0,9,0.8761363636363636,0.0,0.12386363636363636,0.0,5,22,179
1.0,0.0,0.0,1.0,1.0,4,0.0,False,unknown,206,frame_206_layer_10,0.2996387806033801,unknown_ambiguous,449,0.0,10,0.0,0.0,1.0,1.0,4,22,449
0.466796875,0.0,0.533203125,1.0,1.0,10,1.3969979296066253,True,drawer,206,frame_206_layer_11,0.2996387806033801,drawer_region_geometry_revealed,512,0.0,11,0.6984989648033126,0.0,0.30150103519668736,0.10187587657784011,9,22,512
1.0,0.0,0.0,1.0,1.0,4,0.0,False,invalid,206,frame_206_layer_12,0.2996387806033801,invalid_insufficient_depth,82,0.0,12,0.0,0.0,1.0,1.0,8,22,82
1.0,1.0,0.0,0.0,0.0,0,-2.0,False,invalid,206,frame_206_layer_13,0.2996387806033801,invalid_insufficient_depth,37,0.0,13,0.0,0.0,1.0,1.0,2,22,37
0.0,0.0,1.0,1.0,1.0,8,1.5172161172161172,False,invalid,206,frame_206_layer_14,0.2996387806033801,invalid_insufficient_depth,42,0.0,14,0.7586080586080586,0.0,0.2413919413919414,0.00641025641025641,2,22,42
1.0,1.0,0.0,0.0,0.0,0,0.0,False,invalid,206,frame_206_layer_15,0.0,invalid_insufficient_depth,0,0.0,15,1.0,0.0,0.0,0.0,0,0,0
1.0,1.0,0.0,0.0,0.0,0,0.0,False,invalid,206,frame_206_layer_19,0.0,invalid_insufficient_depth,0,0.0,19,1.0,0.0,0.0,0.0,0,0,0
1.0,1.0,0.0,0.0,0.0,0,0.0,False,invalid,206,frame_206_layer_23,0.0,invalid_insufficient_depth,0,0.0,23,1.0,0.0,0.0,0.0,0,0,0
1.0,1.0,0.0,0.0,0.0,0,-2.0,False,unknown,206,frame_206_layer_24,0.2996387806033801,unknown_insufficient_evidence,162,0.0,24,0.0,0.0,1.0,1.0,22,22,162
0.1525,0.10683071710017578,0.8475,0.8931692828998242,0.8822381269769755,22,1.7863385657996484,True,drawer,206,frame_206_layer_25,0.2996387806033801,drawer_region_geometry_with_seed,1200,1.0,25,1.0,0.0,0.0,0.0,0,22,2508
1.0,1.0,0.0,0.0,0.0,0,0.0,False,invalid,206,frame_206_layer_26,0.0,invalid_insufficient_depth,0,0.0,26,1.0,0.0,0.0,0.0,0,0,0
0.9291666666666667,0.010385725641132913,0.0,0.9896142743588671,0.9242282374304847,22,-0.020771451282265874,False,unknown,206,frame_206_layer_28,0.2996387806033801,unknown_ambiguous,1200,0.0,28,0.0,0.07083333333333333,1.0,1.0,22,22,3797
1.0,0.0,0.0,1.0,1.0,17,0.0,False,unknown,207,frame_207_layer_0,0.3002295680213606,unknown_ambiguous,1200,0.0,0,0.0,0.0,1.0,1.0,22,22,1905
1.0,1.0,0.0,0.0,0.0,0,-2.0,False,unknown,207,frame_207_layer_1,0.3002295680213606,unknown_insufficient_evidence,320,0.0,1,0.0,0.0,1.0,1.0,11,22,320
0.16589147286821707,0.0,0.834108527131783,1.0,1.0,5,1.8407274412139465,True,drawer,207,frame_207_layer_2,0.3002295680213606,drawer_region_geometry_revealed,645,0.0,2,0.9203637206069732,0.0,0.07963627939302675,0.004120879120879121,0,22,645
1.0,0.0,0.0,1.0,1.0,5,0.0,False,unknown,207,frame_207_layer_3,0.3002295680213606,unknown_ambiguous,110,0.0,3,0.0,0.0,1.0,1.0,10,22,110
1.0,1.0,0.0,0.0,0.0,0,0.0,False,invalid,207,frame_207_layer_4,0.3002295680213606,invalid_insufficient_depth,46,0.0,4,1.0,0.0,0.0,0.0,0,22,46
0.78125,0.0,0.21875,1.0,1.0,1,2.0,False,unknown,207,frame_207_layer_5,0.3002295680213606,unknown_insufficient_evidence,224,0.0,5,1.0,0.0,0.0,0.0,0,22,224
1.0,0.0,0.0,1.0,1.0,14,0.0,False,unknown,207,frame_207_layer_6,0.3002295680213606,unknown_ambiguous,1200,0.0,6,0.0,0.0,1.0,1.0,14,22,1956
1.0,1.0,0.0,0.0,0.0,0,0.0,False,invalid,207,frame_207_layer_7,0.0,invalid_insufficient_depth,0,0.0,7,1.0,0.0,0.0,0.0,0,0,0
1.0,1.0,0.0,0.0,0.0,0,0.0,False,invalid,207,frame_207_layer_8,0.0,invalid_insufficient_depth,0,0.0,8,1.0,0.0,0.0,0.0,0,0,0
0.3181818181818182,0.0,0.6818181818181818,1.0,1.0,9,1.730603448275862,True,drawer,207,frame_207_layer_9,0.3002295680213606,drawer_region_geometry_revealed,176,0.0,9,0.865301724137931,0.0,0.13469827586206895,0.0,5,22,176
1.0,0.0,0.0,1.0,1.0,4,0.0,False,unknown,207,frame_207_layer_10,0.3002295680213606,unknown_ambiguous,459,0.0,10,0.0,0.0,1.0,1.0,4,22,459
0.5182341650671785,0.0,0.4817658349328215,1.0,1.0,10,1.6119402985074627,True,drawer,207,frame_207_layer_11,0.3002295680213606,drawer_region_geometry_revealed,521,0.0,11,0.8059701492537313,0.0,0.19402985074626866,0.1406853281853282,7,22,521
1.0,0.0,0.0,1.0,1.0,4,0.0,False,invalid,207,frame_207_layer_12,0.3002295680213606,invalid_insufficient_depth,79,0.0,12,0.0,0.0,1.0,1.0,8,22,79
1.0,1.0,0.0,0.0,0.0,0,-2.0,False,invalid,207,frame_207_layer_13,0.3002295680213606,invalid_insufficient_depth,46,0.0,13,0.0,0.0,1.0,1.0,2,22,46
0.0,0.0,1.0,1.0,1.0,8,0.8122171945701357,False,invalid,207,frame_207_layer_14,0.3002295680213606,invalid_insufficient_depth,37,0.0,14,0.4061085972850679,0.0,0.5938914027149321,0.3173076923076923,2,22,37
1.0,1.0,0.0,0.0,0.0,0,0.0,False,invalid,207,frame_207_layer_15,0.0,invalid_insufficient_depth,0,0.0,15,1.0,0.0,0.0,0.0,0,0,0
1.0,1.0,0.0,0.0,0.0,0,0.0,False,invalid,207,frame_207_layer_16,0.0,invalid_insufficient_depth,0,0.0,16,1.0,0.0,0.0,0.0,0,0,0
1.0,1.0,0.0,0.0,0.0,0,0.0,False,invalid,207,frame_207_layer_19,0.0,invalid_insufficient_depth,0,0.0,19,1.0,0.0,0.0,0.0,0,0,0
1.0,1.0,0.0,0.0,0.0,0,0.0,False,invalid,207,frame_207_layer_23,0.0,invalid_insufficient_depth,0,0.0,23,1.0,0.0,0.0,0.0,0,0,0
1.0,1.0,0.0,0.0,0.0,0,-2.0,False,unknown,207,frame_207_layer_24,0.3002295680213606,unknown_insufficient_evidence,178,0.0,24,0.0,0.0,1.0,1.0,22,22,178
0.16,0.11044000152911043,0.84,0.8895599984708895,0.8751483855650523,22,1.779119996941779,True,drawer,207,frame_207_layer_25,0.3002295680213606,drawer_region_geometry_with_seed,1200,1.0,25,1.0,0.0,0.0,0.0,0,22,2518
1.0,1.0,0.0,0.0,0.0,0,0.0,False,invalid,207,frame_207_layer_26,0.0,invalid_insufficient_depth,0,0.0,26,1.0,0.0,0.0,0.0,0,0,0
0.9291666666666667,0.010032606683658213,0.0,0.9899673933163418,0.9282372754491018,22,-0.02006521336731637,False,unknown,207,frame_207_layer_28,0.3002295680213606,unknown_ambiguous,1200,0.0,28,0.0,0.07083333333333333,1.0,1.0,22,22,3786
1.0,0.0,0.0,1.0,1.0,15,0.0,False,unknown,208,frame_208_layer_0,0.3002295680213606,unknown_ambiguous,1200,0.0,0,0.0,0.0,1.0,1.0,22,22,2098
1.0,1.0,0.0,0.0,0.0,0,-2.0,False,unknown,208,frame_208_layer_1,0.3002295680213606,unknown_insufficient_evidence,343,0.0,1,0.0,0.0,1.0,1.0,11,22,343
0.15838509316770186,0.0,0.8416149068322981,1.0,1.0,5,1.8436563436563436,True,drawer,208,frame_208_layer_2,0.3002295680213606,drawer_region_geometry_revealed,644,0.0,2,0.9218281718281718,0.0,0.07817182817182816,0.003605769230769231,0,22,644
1.0,0.0,0.0,1.0,1.0,7,0.0,False,unknown,208,frame_208_layer_3,0.3002295680213606,unknown_ambiguous,101,0.0,3,0.0,0.0,1.0,1.0,11,22,101
1.0,1.0,0.0,0.0,0.0,0,0.0,False,invalid,208,frame_208_layer_4,0.3002295680213606,invalid_insufficient_depth,4,0.0,4,1.0,0.0,0.0,0.0,0,22,4
0.7838983050847458,0.0,0.21610169491525424,1.0,1.0,1,2.0,False,unknown,208,frame_208_layer_5,0.3002295680213606,unknown_insufficient_evidence,236,0.0,5,1.0,0.0,0.0,0.0,0,22,236
1.0,0.0,0.0,1.0,1.0,14,0.0,False,unknown,208,frame_208_layer_6,0.3002295680213606,unknown_ambiguous,1200,0.0,6,0.0,0.0,1.0,1.0,14,22,1849
1.0,1.0,0.0,0.0,0.0,0,0.0,False,invalid,208,frame_208_layer_7,0.0,invalid_insufficient_depth,0,0.0,7,1.0,0.0,0.0,0.0,0,0,0
1.0,1.0,0.0,0.0,0.0,0,0.0,False,invalid,208,frame_208_layer_8,0.0,invalid_insufficient_depth,0,0.0,8,1.0,0.0,0.0,0.0,0,0,0
0.2727272727272727,0.0,0.7272727272727273,1.0,1.0,9,1.7270322694410156,True,drawer,208,frame_208_layer_9,0.3002295680213606,drawer_region_geometry_revealed,176,0.0,9,0.8635161347205078,0.0,0.13648386527949216,0.0,5,22,176
1.0,0.0,0.0,1.0,1.0,4,0.0,False,unknown,208,frame_208_layer_10,0.3002295680213606,unknown_ambiguous,405,0.0,10,0.0,0.0,1.0,1.0,4,22,405
0.50390625,0.0,0.49609375,1.0,1.0,10,1.6,True,drawer,208,frame_208_layer_11,0.3002295680213606,drawer_region_geometry_revealed,512,0.0,11,0.8,0.0,0.2,0.12900130196641824,7,22,512
1.0,0.0,0.0,1.0,1.0,4,0.0,False,invalid,208,frame_208_layer_12,0.3002295680213606,invalid_insufficient_depth,77,0.0,12,0.0,0.0,1.0,1.0,8,22,77
1.0,1.0,0.0,0.0,0.0,0,0.0,False,invalid,208,frame_208_layer_13,0.3002295680213606,invalid_insufficient_depth,26,0.0,13,1.0,0.0,0.0,0.0,0,22,26
0.0,0.0,1.0,1.0,1.0,8,1.5454545454545454,False,invalid,208,frame_208_layer_14,0.3002295680213606,invalid_insufficient_depth,45,0.0,14,0.7727272727272727,0.0,0.22727272727272727,0.0,1,22,45
1.0,1.0,0.0,0.0,0.0,0,0.0,False,invalid,208,frame_208_layer_15,0.0,invalid_insufficient_depth,0,0.0,15,1.0,0.0,0.0,0.0,0,0,0
1.0,1.0,0.0,0.0,0.0,0,0.0,False,invalid,208,frame_208_layer_19,0.0,invalid_insufficient_depth,0,0.0,19,1.0,0.0,0.0,0.0,0,0,0
1.0,1.0,0.0,0.0,0.0,0,0.0,False,invalid,208,frame_208_layer_23,0.0,invalid_insufficient_depth,0,0.0,23,1.0,0.0,0.0,0.0,0,0,0
1.0,0.0,0.0,1.0,1.0,1,0.0,False,unknown,208,frame_208_layer_24,0.3002295680213606,unknown_insufficient_evidence,172,0.0,24,0.0,0.0,1.0,1.0,22,22,172
0.15416666666666667,0.1075597554196776,0.8458333333333333,0.8924402445803225,0.8792020048041389,22,1.784880489160645,True,drawer,208,frame_208_layer_25,0.3002295680213606,drawer_region_geometry_with_seed,1200,1.0,25,1.0,0.0,0.0,0.0,0,22,2568
1.0,1.0,0.0,0.0,0.0,0,0.0,False,invalid,208,frame_208_layer_26,0.0,invalid_insufficient_depth,0,0.0,26,1.0,0.0,0.0,0.0,0,0,0
0.9283333333333333,0.007356520798398875,0.0,0.9926434792016011,0.9275610749185668,22,-0.01471304159679776,False,unknown,208,frame_208_layer_28,0.3002295680213606,unknown_ambiguous,1200,0.0,28,0.0,0.07166666666666667,1.0,1.0,22,22,3707
1.0,0.0,0.0,1.0,1.0,19,0.0,False,unknown,209,frame_209_layer_0,0.3002295680213606,unknown_ambiguous,1200,0.0,0,0.0,0.0,1.0,1.0,22,22,2019
1.0,1.0,0.0,0.0,0.0,0,-2.0,False,unknown,209,frame_209_layer_1,0.3002295680213606,unknown_insufficient_evidence,345,0.0,1,0.0,0.0,1.0,1.0,11,22,345
0.17638036809815952,0.0,0.8236196319018405,1.0,1.0,5,1.8514839491217443,True,drawer,209,frame_209_layer_2,0.3002295680213606,drawer_region_geometry_revealed,652,0.0,2,0.9257419745608721,0.0,0.0742580254391278,0.0,0,22,652
1.0,0.0,0.0,1.0,1.0,8,0.0,False,unknown,209,frame_209_layer_3,0.3002295680213606,unknown_ambiguous,105,0.0,3,0.0,0.0,1.0,1.0,10,22,105
1.0,1.0,0.0,0.0,0.0,0,0.0,False,invalid,209,frame_209_layer_4,0.3002295680213606,invalid_insufficient_depth,72,0.0,4,1.0,0.0,0.0,0.0,0,22,72
0.7975206611570248,0.0,0.2024793388429752,1.0,1.0,1,2.0,False,unknown,209,frame_209_layer_5,0.3002295680213606,unknown_insufficient_evidence,242,0.0,5,1.0,0.0,0.0,0.0,0,22,242
1.0,0.0,0.0,1.0,1.0,14,0.0,False,unknown,209,frame_209_layer_6,0.3002295680213606,unknown_ambiguous,1200,0.0,6,0.0,0.0,1.0,1.0,14,22,1865
1.0,1.0,0.0,0.0,0.0,0,0.0,False,invalid,209,frame_209_layer_7,0.0,invalid_insufficient_depth,0,0.0,7,1.0,0.0,0.0,0.0,0,0,0
1.0,1.0,0.0,0.0,0.0,0,0.0,False,invalid,209,frame_209_layer_8,0.0,invalid_insufficient_depth,0,0.0,8,1.0,0.0,0.0,0.0,0,0,0
0.3388888888888889,0.0,0.6611111111111111,1.0,1.0,8,1.6923701298701297,True,drawer,209,frame_209_layer_9,0.3002295680213606,drawer_region_geometry_revealed,180,0.0,9,0.8461850649350648,0.0,0.15381493506493507,0.0,5,22,180
1.0,0.0,0.0,1.0,1.0,4,0.0,False,unknown,209,frame_209_layer_10,0.3002295680213606,unknown_ambiguous,443,0.0,10,0.0,0.0,1.0,1.0,4,22,443
0.5020408163265306,0.0,0.49795918367346936,1.0,1.0,10,1.4690265486725664,True,drawer,209,frame_209_layer_11,0.3002295680213606,drawer_region_geometry_revealed,490,0.0,11,0.7345132743362832,0.0,0.26548672566371684,0.1263537906137184,8,22,490
1.0,0.0,0.0,1.0,1.0,4,0.0,False,invalid,209,frame_209_layer_12,0.3002295680213606,invalid_insufficient_depth,72,0.0,12,0.0,0.0,1.0,1.0,8,22,72
1.0,1.0,0.0,0.0,0.0,0,0.0,False,invalid,209,frame_209_layer_13,0.3002295680213606,invalid_insufficient_depth,28,0.0,13,1.0,0.0,0.0,0.0,0,22,28
0.0,0.0,1.0,1.0,1.0,8,1.507936507936508,False,invalid,209,frame_209_layer_14,0.3002295680213606,invalid_insufficient_depth,45,0.0,14,0.753968253968254,0.0,0.24603174603174602,0.011904761904761904,2,22,45
1.0,1.0,0.0,0.0,0.0,0,0.0,False,invalid,209,frame_209_layer_15,0.0,invalid_insufficient_depth,0,0.0,15,1.0,0.0,0.0,0.0,0,0,0
1.0,1.0,0.0,0.0,0.0,0,0.0,False,invalid,209,frame_209_layer_19,0.0,invalid_insufficient_depth,0,0.0,19,1.0,0.0,0.0,0.0,0,0,0
1.0,1.0,0.0,0.0,0.0,0,0.0,False,invalid,209,frame_209_layer_23,0.0,invalid_insufficient_depth,0,0.0,23,1.0,0.0,0.0,0.0,0,0,0
1.0,1.0,0.0,0.0,0.0,0,-2.0,False,unknown,209,frame_209_layer_24,0.3002295680213606,unknown_insufficient_evidence,160,0.0,24,0.0,0.0,1.0,1.0,22,22,160
0.15416666666666667,0.1063064320411874,0.8458333333333333,0.8936935679588126,0.8789189792914959,22,1.7873871359176252,True,drawer,209,frame_209_layer_25,0.3002295680213606,drawer_region_geometry_with_seed,1200,1.0,25,1.0,0.0,0.0,0.0,0,22,2559
0.9316666666666666,0.011090160439208997,0.0,0.988909839560791,0.9443877551020409,22,-0.022180320878417925,False,unknown,209,frame_209_layer_28,0.3002295680213606,unknown_ambiguous,1200,0.0,28,0.0,0.06833333333333333,1.0,1.0,22,22,3674
1.0,0.0,0.0,1.0,1.0,17,0.0,False,unknown,210,frame_210_layer_0,0.3002295680213606,unknown_ambiguous,1200,0.0,0,0.0,0.0,1.0,1.0,22,22,2444
1.0,1.0,0.0,0.0,0.0,0,-2.0,False,unknown,210,frame_210_layer_1,0.3002295680213606,unknown_insufficient_evidence,337,0.0,1,0.0,0.0,1.0,1.0,11,22,337
0.17972350230414746,0.0,0.8202764976958525,1.0,1.0,5,1.8650205761316871,True,drawer,210,frame_210_layer_2,0.3002295680213606,drawer_region_geometry_revealed,651,0.0,2,0.9325102880658436,0.0,0.06748971193415639,0.0,0,22,651
1.0,0.0,0.0,1.0,1.0,7,0.0,False,unknown,210,frame_210_layer_3,0.3002295680213606,unknown_ambiguous,108,0.0,3,0.0,0.0,1.0,1.0,11,22,108
1.0,1.0,0.0,0.0,0.0,0,0.0,False,unknown,210,frame_210_layer_4,0.3002295680213606,unknown_insufficient_evidence,108,0.0,4,1.0,0.0,0.0,0.0,0,22,108
0.7672413793103449,0.0,0.23275862068965517,1.0,1.0,1,2.0,False,unknown,210,frame_210_layer_5,0.3002295680213606,unknown_insufficient_evidence,232,0.0,5,1.0,0.0,0.0,0.0,0,22,232
1.0,0.0,0.0,1.0,1.0,14,0.0,False,unknown,210,frame_210_layer_6,0.3002295680213606,unknown_ambiguous,1200,0.0,6,0.0,0.0,1.0,1.0,14,22,1935
1.0,1.0,0.0,0.0,0.0,0,0.0,False,invalid,210,frame_210_layer_7,0.0,invalid_insufficient_depth,0,0.0,7,1.0,0.0,0.0,0.0,0,0,0
1.0,1.0,0.0,0.0,0.0,0,0.0,False,invalid,210,frame_210_layer_8,0.0,invalid_insufficient_depth,0,0.0,8,1.0,0.0,0.0,0.0,0,0,0
0.2916666666666667,0.0,0.7083333333333334,1.0,1.0,9,1.7167288157387168,True,drawer,210,frame_210_layer_9,0.3002295680213606,drawer_region_geometry_revealed,168,0.0,9,0.8583644078693584,0.0,0.14163559213064164,0.0,5,22,168
1.0,0.0,0.0,1.0,1.0,3,0.0,False,unknown,210,frame_210_layer_10,0.3002295680213606,unknown_ambiguous,449,0.0,10,0.0,0.0,1.0,1.0,4,22,449
0.5334608030592735,0.0,0.4665391969407266,1.0,1.0,10,1.5327102803738317,True,drawer,210,frame_210_layer_11,0.3002295680213606,drawer_region_geometry_revealed,523,0.0,11,0.7663551401869159,0.0,0.2336448598130841,0.14939024390243902,8,22,523
1.0,0.0,0.0,1.0,1.0,4,0.0,False,invalid,210,frame_210_layer_12,0.3002295680213606,invalid_insufficient_depth,69,0.0,12,0.0,0.0,1.0,1.0,8,22,69
1.0,1.0,0.0,0.0,0.0,0,0.0,False,invalid,210,frame_210_layer_13,0.3002295680213606,invalid_insufficient_depth,19,0.0,13,1.0,0.0,0.0,0.0,0,22,19
0.0,0.0,1.0,1.0,1.0,8,1.5625,False,invalid,210,frame_210_layer_14,0.3002295680213606,invalid_insufficient_depth,41,0.0,14,0.78125,0.0,0.21875,0.0,2,22,41
1.0,1.0,0.0,0.0,0.0,0,0.0,False,invalid,210,frame_210_layer_15,0.0,invalid_insufficient_depth,0,0.0,15,1.0,0.0,0.0,0.0,0,0,0
1.0,1.0,0.0,0.0,0.0,0,0.0,False,invalid,210,frame_210_layer_19,0.0,invalid_insufficient_depth,0,0.0,19,1.0,0.0,0.0,0.0,0,0,0
1.0,1.0,0.0,0.0,0.0,0,0.0,False,invalid,210,frame_210_layer_23,0.0,invalid_insufficient_depth,0,0.0,23,1.0,0.0,0.0,0.0,0,0,0
1.0,0.0,0.0,1.0,1.0,1,0.0,False,unknown,210,frame_210_layer_24,0.3002295680213606,unknown_insufficient_evidence,167,0.0,24,0.0,0.0,1.0,1.0,22,22,167
0.14666666666666667,0.09823625498831752,0.8533333333333334,0.9017637450116824,0.8868574051407588,22,1.8035274900233649,True,drawer,210,frame_210_layer_25,0.3002295680213606,drawer_region_geometry_with_seed,1200,1.0,25,1.0,0.0,0.0,0.0,0,22,2588
0.9316666666666666,0.009168640206960177,0.0,0.9908313597930398,0.9411183459676353,22,-0.018337280413920354,False,unknown,210,frame_210_layer_28,0.3002295680213606,unknown_ambiguous,1200,0.0,28,0.0,0.06833333333333333,1.0,1.0,22,22,3672
1.0,0.0,0.0,1.0,1.0,18,0.0,False,unknown,211,frame_211_layer_0,0.3002295680213606,unknown_ambiguous,1200,0.0,0,0.0,0.0,1.0,1.0,22,22,2500
1.0,1.0,0.0,0.0,0.0,0,-2.0,False,unknown,211,frame_211_layer_1,0.3002295680213606,unknown_insufficient_evidence,334,0.0,1,0.0,0.0,1.0,1.0,11,22,334
0.1492776886035313,0.0,0.8507223113964687,1.0,1.0,5,1.8804895276702904,True,drawer,211,frame_211_layer_2,0.3002295680213606,drawer_region_geometry_revealed,623,0.0,2,0.9402447638351452,0.0,0.059755236164854744,0.0,0,22,623
1.0,0.0,0.0,1.0,1.0,8,0.0,False,unknown,211,frame_211_layer_3,0.3002295680213606,unknown_ambiguous,113,0.0,3,0.0,0.0,1.0,1.0,11,22,113
1.0,1.0,0.0,0.0,0.0,0,0.0,False,unknown,211,frame_211_layer_4,0.3002295680213606,unknown_insufficient_evidence,166,0.0,4,1.0,0.0,0.0,0.0,0,22,166
0.8240343347639485,0.0,0.1759656652360515,1.0,1.0,1,2.0,False,unknown,211,frame_211_layer_5,0.3002295680213606,unknown_insufficient_evidence,233,0.0,5,1.0,0.0,0.0,0.0,0,22,233
1.0,0.0,0.0,1.0,1.0,14,0.0,False,unknown,211,frame_211_layer_6,0.3002295680213606,unknown_ambiguous,1200,0.0,6,0.0,0.0,1.0,1.0,14,22,2042
1.0,1.0,0.0,0.0,0.0,0,0.0,False,invalid,211,frame_211_layer_7,0.0,invalid_insufficient_depth,0,0.0,7,1.0,0.0,0.0,0.0,0,0,0
1.0,1.0,0.0,0.0,0.0,0,0.0,False,invalid,211,frame_211_layer_8,0.0,invalid_insufficient_depth,0,0.0,8,1.0,0.0,0.0,0.0,0,0,0
0.2958579881656805,0.0,0.7041420118343196,1.0,1.0,9,1.6854008930304796,True,drawer,211,frame_211_layer_9,0.3002295680213606,drawer_region_geometry_revealed,169,0.0,9,0.8427004465152398,0.0,0.15729955348476024,0.0,5,22,169
1.0,0.0,0.0,1.0,1.0,3,0.0,False,unknown,211,frame_211_layer_10,0.3002295680213606,unknown_ambiguous,445,0.0,10,0.0,0.0,1.0,1.0,4,22,445
0.5344827586206896,0.0,0.46551724137931033,1.0,1.0,10,1.5660377358490567,True,drawer,211,frame_211_layer_11,0.3002295680213606,drawer_region_geometry_revealed,522,0.0,11,0.7830188679245284,0.0,0.2169811320754717,0.1365822536317236,8,22,522
1.0,0.0,0.0,1.0,1.0,4,0.0,False,invalid,211,frame_211_layer_12,0.3002295680213606,invalid_insufficient_depth,61,0.0,12,0.0,0.0,1.0,1.0,8,22,61
1.0,1.0,0.0,0.0,0.0,0,0.0,False,invalid,211,frame_211_layer_13,0.3002295680213606,invalid_insufficient_depth,22,0.0,13,1.0,0.0,0.0,0.0,0,22,22
0.0,0.0,1.0,1.0,1.0,7,1.1333333333333333,False,invalid,211,frame_211_layer_14,0.3002295680213606,invalid_insufficient_depth,41,0.0,14,0.5666666666666667,0.0,0.43333333333333335,0.0,2,22,41
1.0,1.0,0.0,0.0,0.0,0,0.0,False,invalid,211,frame_211_layer_15,0.0,invalid_insufficient_depth,0,0.0,15,1.0,0.0,0.0,0.0,0,0,0
1.0,1.0,0.0,0.0,0.0,0,0.0,False,invalid,211,frame_211_layer_19,0.0,invalid_insufficient_depth,0,0.0,19,1.0,0.0,0.0,0.0,0,0,0
1.0,1.0,0.0,0.0,0.0,0,0.0,False,invalid,211,frame_211_layer_23,0.0,invalid_insufficient_depth,0,0.0,23,1.0,0.0,0.0,0.0,0,0,0
1.0,1.0,0.0,0.0,0.0,0,-2.0,False,unknown,211,frame_211_layer_24,0.3002295680213606,unknown_insufficient_evidence,181,0.0,24,0.0,0.0,1.0,1.0,22,22,181
0.15916666666666668,0.1105067219398094,0.8408333333333333,0.8894932780601905,0.8794781835252261,22,1.778986556120381,True,drawer,211,frame_211_layer_25,0.3002295680213606,drawer_region_geometry_with_seed,1200,1.0,25,1.0,0.0,0.0,0.0,0,22,2615
0.9266666666666666,0.009669081774585316,0.0,0.9903309182254146,0.9410508782556026,22,-0.019338163549170728,False,unknown,211,frame_211_layer_28,0.3002295680213606,unknown_ambiguous,1200,0.0,28,0.0,0.07333333333333333,1.0,1.0,22,22,3647
1.0,0.0,0.0,1.0,1.0,20,0.0,False,unknown,212,frame_212_layer_0,0.3002295680213606,unknown_ambiguous,1200,0.0,0,0.0,0.0,1.0,1.0,22,22,2732
1.0,1.0,0.0,0.0,0.0,0,-2.0,False,unknown,212,frame_212_layer_1,0.3002295680213606,unknown_insufficient_evidence,341,0.0,1,0.0,0.0,1.0,1.0,11,22,341
0.152276295133438,0.0,0.847723704866562,1.0,1.0,5,1.8466567216567218,True,drawer,212,frame_212_layer_2,0.3002295680213606,drawer_region_geometry_revealed,637,0.0,2,0.9233283608283609,0.0,0.07667163917163917,0.0,0,22,637
1.0,0.0,0.0,1.0,1.0,7,0.0,False,unknown,212,frame_212_layer_3,0.3002295680213606,unknown_ambiguous,103,0.0,3,0.0,0.0,1.0,1.0,11,22,103
1.0,1.0,0.0,0.0,0.0,0,0.0,False,unknown,212,frame_212_layer_4,0.3002295680213606,unknown_insufficient_evidence,128,0.0,4,1.0,0.0,0.0,0.0,0,22,128
0.8027522935779816,0.0,0.19724770642201836,1.0,1.0,1,2.0,False,unknown,212,frame_212_layer_5,0.3002295680213606,unknown_insufficient_evidence,218,0.0,5,1.0,0.0,0.0,0.0,0,22,218
1.0,0.0,0.0,1.0,1.0,13,0.0,False,unknown,212,frame_212_layer_6,0.3002295680213606,unknown_ambiguous,1200,0.0,6,0.0,0.0,1.0,1.0,14,22,2216
1.0,1.0,0.0,0.0,0.0,0,0.0,False,invalid,212,frame_212_layer_7,0.0,invalid_insufficient_depth,0,0.0,7,1.0,0.0,0.0,0.0,0,0,0
1.0,1.0,0.0,0.0,0.0,0,0.0,False,invalid,212,frame_212_layer_8,0.0,invalid_insufficient_depth,0,0.0,8,1.0,0.0,0.0,0.0,0,0,0
0.26785714285714285,0.0,0.7321428571428571,1.0,1.0,9,1.6697836450311698,True,drawer,212,frame_212_layer_9,0.3002295680213606,drawer_region_geometry_revealed,168,0.0,9,0.8348918225155849,0.0,0.1651081774844151,0.0,5,22,168
1.0,0.0,0.0,1.0,1.0,4,0.0,False,unknown,212,frame_212_layer_10,0.3002295680213606,unknown_ambiguous,396,0.0,10,0.0,0.0,1.0,1.0,4,22,396
0.5387840670859538,0.0,0.4612159329140461,1.0,1.0,10,1.4285714285714286,True,drawer,212,frame_212_layer_11,0.3002295680213606,drawer_region_geometry_revealed,477,0.0,11,0.7142857142857143,0.0,0.2857142857142857,0.1526202880784554,8,22,477
1.0,0.0,0.0,1.0,1.0,4,0.0,False,invalid,212,frame_212_layer_12,0.3002295680213606,invalid_insufficient_depth,68,0.0,12,0.0,0.0,1.0,1.0,8,22,68
1.0,1.0,0.0,0.0,0.0,0,0.0,False,invalid,212,frame_212_layer_13,0.3002295680213606,invalid_insufficient_depth,25,0.0,13,1.0,0.0,0.0,0.0,0,22,25
0.0,0.0,1.0,1.0,1.0,8,1.2,False,invalid,212,frame_212_layer_14,0.3002295680213606,invalid_insufficient_depth,40,0.0,14,0.6,0.0,0.4,0.0,2,22,40
1.0,1.0,0.0,0.0,0.0,0,0.0,False,invalid,212,frame_212_layer_15,0.0,invalid_insufficient_depth,0,0.0,15,1.0,0.0,0.0,0.0,0,0,0
1.0,1.0,0.0,0.0,0.0,0,0.0,False,invalid,212,frame_212_layer_19,0.0,invalid_insufficient_depth,0,0.0,19,1.0,0.0,0.0,0.0,0,0,0
1.0,1.0,0.0,0.0,0.0,0,0.0,False,invalid,212,frame_212_layer_23,0.0,invalid_insufficient_depth,0,0.0,23,1.0,0.0,0.0,0.0,0,0,0
1.0,1.0,0.0,0.0,0.0,0,-2.0,False,unknown,212,frame_212_layer_24,0.3002295680213606,unknown_insufficient_evidence,127,0.0,24,0.0,0.0,1.0,1.0,21,22,127
0.15,0.1031807282048455,0.85,0.8968192717951545,0.8822420319140164,22,1.793638543590309,True,drawer,212,frame_212_layer_25,0.3002295680213606,drawer_region_geometry_with_seed,1200,1.0,25,1.0,0.0,0.0,0.0,0,22,2576
0.93,0.007737556561085972,0.0,0.992262443438914,0.9424208562289839,22,-0.01547511312217198,False,unknown,212,frame_212_layer_28,0.3002295680213606,unknown_ambiguous,1200,0.0,28,0.0,0.07,1.0,1.0,22,22,3587
1.0,0.0,0.0,1.0,1.0,17,0.0,False,unknown,213,frame_213_layer_0,0.3002295680213606,unknown_ambiguous,1200,0.0,0,0.0,0.0,1.0,1.0,22,22,3542
1.0,1.0,0.0,0.0,0.0,0,-2.0,False,unknown,213,frame_213_layer_1,0.3002295680213606,unknown_insufficient_evidence,339,0.0,1,0.0,0.0,1.0,1.0,11,22,339
0.14897260273972604,0.0,0.851027397260274,1.0,1.0,5,1.8717160701893527,True,drawer,213,frame_213_layer_2,0.3002295680213606,drawer_region_geometry_revealed,584,0.0,2,0.9358580350946764,0.0,0.06414196490532369,0.0,0,22,584
1.0,0.0,0.0,1.0,1.0,5,0.0,False,invalid,213,frame_213_layer_3,0.3002295680213606,invalid_insufficient_depth,90,0.0,3,0.0,0.0,1.0,1.0,10,22,90
1.0,1.0,0.0,0.0,0.0,0,-2.0,False,unknown,213,frame_213_layer_4,0.3002295680213606,unknown_insufficient_evidence,289,0.0,4,0.0,0.0,1.0,1.0,1,22,289
0.8169014084507042,0.0,0.18309859154929578,1.0,1.0,1,2.0,False,unknown,213,frame_213_layer_5,0.3002295680213606,unknown_insufficient_evidence,213,0.0,5,1.0,0.0,0.0,0.0,0,22,213
1.0,0.0,0.0,1.0,1.0,13,0.0,False,unknown,213,frame_213_layer_6,0.3002295680213606,unknown_ambiguous,1200,0.0,6,0.0,0.0,1.0,1.0,14,22,2349
1.0,1.0,0.0,0.0,0.0,0,0.0,False,invalid,213,frame_213_layer_7,0.0,invalid_insufficient_depth,0,0.0,7,1.0,0.0,0.0,0.0,0,0,0
1.0,1.0,0.0,0.0,0.0,0,0.0,False,invalid,213,frame_213_layer_8,0.0,invalid_insufficient_depth,0,0.0,8,1.0,0.0,0.0,0.0,0,0,0
0.175,0.0,0.825,1.0,1.0,9,1.67981220657277,True,drawer,213,frame_213_layer_9,0.3002295680213606,drawer_region_geometry_revealed,120,0.0,9,0.839906103286385,0.0,0.160093896713615,0.0,6,22,120
1.0,0.0,0.0,1.0,1.0,4,0.0,False,unknown,213,frame_213_layer_10,0.3002295680213606,unknown_ambiguous,359,0.0,10,0.0,0.0,1.0,1.0,4,22,359
0.5205183585313174,0.0,0.4794816414686825,1.0,1.0,10,1.5605577689243026,True,drawer,213,frame_213_layer_11,0.3002295680213606,drawer_region_geometry_revealed,463,0.0,11,0.7802788844621513,0.0,0.2197211155378486,0.12825332562174668,7,22,463
1.0,0.0,0.0,1.0,1.0,2,0.0,False,invalid,213,frame_213_layer_12,0.3002295680213606,invalid_insufficient_depth,69,0.0,12,0.0,0.0,1.0,1.0,8,22,69
1.0,1.0,0.0,0.0,0.0,0,0.0,False,invalid,213,frame_213_layer_13,0.3002295680213606,invalid_insufficient_depth,15,0.0,13,1.0,0.0,0.0,0.0,0,22,15
0.0,0.0,1.0,1.0,1.0,7,1.1724137931034482,False,invalid,213,frame_213_layer_14,0.3002295680213606,invalid_insufficient_depth,34,0.0,14,0.5862068965517241,0.0,0.41379310344827586,0.20689655172413793,1,22,34
1.0,1.0,0.0,0.0,0.0,0,0.0,False,invalid,213,frame_213_layer_15,0.0,invalid_insufficient_depth,0,0.0,15,1.0,0.0,0.0,0.0,0,0,0
1.0,1.0,0.0,0.0,0.0,0,0.0,False,invalid,213,frame_213_layer_19,0.0,invalid_insufficient_depth,0,0.0,19,1.0,0.0,0.0,0.0,0,0,0
1.0,1.0,0.0,0.0,0.0,0,0.0,False,invalid,213,frame_213_layer_23,0.0,invalid_insufficient_depth,0,0.0,23,1.0,0.0,0.0,0.0,0,0,0
1.0,1.0,0.0,0.0,0.0,0,-2.0,False,unknown,213,frame_213_layer_24,0.3002295680213606,unknown_insufficient_evidence,136,0.0,24,0.0,0.0,1.0,1.0,22,22,136
0.14833333333333334,0.10372101039891224,0.8516666666666667,0.8962789896010878,0.8884059029807131,22,1.7925579792021755,True,drawer,213,frame_213_layer_25,0.3002295680213606,drawer_region_geometry_with_seed,1200,1.0,25,1.0,0.0,0.0,0.0,0,22,2435
0.9191666666666667,0.014082092476489028,0.0,0.9859179075235109,0.9398608922293612,22,-0.02816418495297801,False,unknown,213,frame_213_layer_28,0.3002295680213606,unknown_ambiguous,1200,0.0,28,0.0,0.08083333333333333,1.0,1.0,22,22,3621
