track_id,label,reason,unique_frame_count,q_span_m,q_span_fraction,static_median_residual_m,static_p90_residual_m,static_max_residual_m,E_static_m,drawer_median_residual_m,drawer_p90_residual_m,drawer_max_residual_m,E_drawer_m,observation_confidence
0,unknown,unknown_insufficient_support,1,0.0,0.0,0.0,0.0,0.0,0.0,0.0,0.0,0.0,0.0,1.0
1,unknown,unknown_low_excitation,5,0.019908451540738836,0.06631076236742411,0.07722598531864856,0.14820309594299563,0.1830047358534291,0.14820309594299563,0.0771979776570238,0.14081193144325097,0.18297083800082198,0.14081193144325097,0.9994560599327087
2,unknown,unknown_insufficient_support,2,0.0,0.0,0.05338749991254563,0.05338749991254598,0.05338749991254607,0.05338749991254598,0.05338749991254563,0.05338749991254598,0.05338749991254607,0.05338749991254598,0.999938428401947
3,unknown,unknown_insufficient_support,1,0.0,0.0,0.0,0.0,0.0,0.0,0.0,0.0,0.0,0.0,1.0
4,unknown,unknown_insufficient_support,2,0.0,0.0,0.06960011980320283,0.06960011980320285,0.06960011980320285,0.06960011980320285,0.06960011980320283,0.06960011980320285,0.06960011980320285,0.06960011980320285,0.999999463558197
5,unknown,unknown_insufficient_support,2,0.0,0.0,0.07859754831333642,0.07859754831333643,0.07859754831333643,0.07859754831333643,0.07859754831333642,0.07859754831333643,0.07859754831333643,0.07859754831333643,0.9755948185920715
6,unknown,unknown_absolute_residual,11,0.12346363394546822,0.411230761710599,0.09755601672211041,0.1201301340888424,0.15844739697769872,0.1201301340888424,0.08225927771913433,0.1306538634250204,0.16706249110602228,0.1306538634250204,0.880497699434107
7,unknown,unknown_low_excitation,4,0.00019289409045231132,0.0006424886520124074,0.08136153565260949,0.13362253267634008,0.13746674510026854,0.13362253267634008,0.08137057924935134,0.13350529764739286,0.13730463324792413,0.13350529764739286,0.8379728123545647
8,unknown,unknown_insufficient_support,3,0.0011284266228279716,0.0037585459362473148,0.05355487706770774,0.07724953327613515,0.08317319732824201,0.07724953327613515,0.053365199744171345,0.07657505928497678,0.08237752417017813,0.07657505928497678,0.9510543346405029
9,unknown,unknown_absolute_residual,6,0.045213219262714155,0.15059549117926102,0.03359889978363423,0.061687859702881875,0.08398309990923757,0.061687859702881875,0.0449658939009884,0.0812228902735618,0.10367213722712287,0.0812228902735618,0.811546673377355
10,unknown,unknown_absolute_residual,7,0.07293716335462896,0.24293797521448543,0.049445584761305776,0.1374216389551698,0.21076544400720354,0.1374216389551698,0.04859869342937766,0.1516843275109459,0.2467713407792707,0.1516843275109459,0.9897909760475159
11,unknown,unknown_absolute_residual,8,0.12346363394546822,0.411230761710599,0.09307190732385076,0.2142419492946561,0.2535941693441215,0.2142419492946561,0.09529894187399274,0.2747035797400594,0.3386464952930457,0.2747035797400594,0.8664760142564774
12,unknown,unknown_insufficient_support,2,0.07293716335462896,0.24293797521448543,0.10516065079156445,0.10516065079156463,0.10516065079156467,0.10516065079156463,0.11214192239949922,0.11214192239949934,0.11214192239949937,0.11214192239949934,0.7065133601427078
13,static,static_track,4,0.045213219262714155,0.15059549117926102,0.011743760804094332,0.035675986849869355,0.045726212072047655,0.035675986849869355,0.014512062391638589,0.0581988970714228,0.0724169267420891,0.0581988970714228,0.8467616736888885
14,unknown,unknown_insufficient_support,1,0.0,0.0,0.0,0.0,0.0,0.0,0.0,0.0,0.0,0.0,1.0
15,unknown,unknown_insufficient_support,3,0.0,0.0,0.018182931501355918,0.08544666445202381,0.10226259768969077,0.08544666445202381,0.018182931501355918,0.08544666445202381,0.10226259768969077,0.08544666445202381,0.9507011771202087
16,unknown,unknown_absolute_residual,4,0.045213219262714155,0.15059549117926102,0.04803547570892627,0.0748793742900099,0.07558483516229197,0.0748793742900099,0.03195161404780499,0.08910403934556177,0.10488757126542957,0.08910403934556177,0.8055718541145325
17,unknown,unknown_insufficient_support,1,0.0,0.0,0.0,0.0,0.0,0.0,0.0,0.0,0.0,0.0,1.0
18,unknown,unknown_absolute_residual,6,0.05919969964910532,0.1971814436507913,0.026259663519724946,0.09801270623142334,0.14840094465441583,0.09801270623142334,0.018324766914500967,0.11935283636171684,0.16991472661513157,0.11935283636171684,0.9620371957619985
19,unknown,unknown_absolute_residual,6,0.05919969964910532,0.1971814436507913,0.018310586702083118,0.1089902506603495,0.161785365144453,0.1089902506603495,0.03126790352209656,0.12797414997834577,0.18814191763910604,0.12797414997834577,0.9771453340848287
20,unknown,unknown_absolute_residual,8,0.12346363394546822,0.411230761710599,0.12569982188762122,0.23072654500757198,0.278841027173759,0.23072654500757198,0.17591382103441436,0.27784411188098784,0.3358229021545041,0.27784411188098784,0.9505065828561783
21,unknown,unknown_low_excitation,4,0.00019289409045231132,0.0006424886520124074,0.037529716339782325,0.06991352500459311,0.07459260542963872,0.06991352500459311,0.03746126117901004,0.06987245190812974,0.07459260542963872,0.06987245190812974,0.9229734241962433
22,unknown,unknown_insufficient_support,3,0.00019289409045231132,0.0006424886520124074,0.053703806606734183,0.05631222361514593,0.056964327867248865,0.05631222361514593,0.05355542519072427,0.05628254733194395,0.056964327867248865,0.05628254733194395,0.9981402158737183
23,unknown,unknown_absolute_residual,4,0.2117328619537343,0.7052365406550165,0.13079673811758405,0.252144851648882,0.28074937227302055,0.252144851648882,0.14624228122644017,0.3247856070092776,0.3793611225215586,0.3247856070092776,0.7052400559186935
24,unknown,unknown_insufficient_support,2,0.0011284266228279716,0.0037585459362473148,0.033567593519858344,0.033567593519858496,0.03356759351985854,0.033567593519858496,0.03300878443620915,0.0330087844362093,0.03300878443620933,0.0330087844362093,0.8085050880908966
25,unknown,unknown_insufficient_support,2,0.0011284266228279716,0.0037585459362473148,0.030186231661185316,0.03018623166118532,0.03018623166118532,0.03018623166118532,0.029628435341263557,0.029628435341263568,0.02962843534126357,0.029628435341263568,0.9762335121631622
26,unknown,unknown_insufficient_support,3,0.12346363394546822,0.411230761710599,0.06897579845611647,0.2302508735447002,0.2705696423168461,0.2302508735447002,0.0999426053678647,0.3076774880447061,0.35961120871391644,0.3076774880447061,0.9420689543088278
27,unknown,unknown_absolute_residual,4,0.12346363394546822,0.411230761710599,0.053927479997897564,0.2276358256678576,0.287290124400789,0.2276358256678576,0.06833010991321051,0.30358818548405997,0.3863673836425476,0.30358818548405997,0.7579471617937088
28,unknown,unknown_absolute_residual,18,0.3002295680213606,1.0,0.06681491947229867,0.7591792363091291,0.9744397263978314,0.7591792363091291,0.072417046331899,0.9950683343277549,1.264135970806241,0.9950683343277549,0.9656875961356692
29,unknown,unknown_absolute_residual,5,0.1583840011236365,0.5275429804181307,0.20972899355321942,0.2532351952769007,0.26839399313610796,0.2532351952769007,0.29183999984558257,0.333958592940681,0.3619901981933501,0.333958592940681,0.9999559760093689
30,unknown,unknown_insufficient_support,3,0.019908451540738836,0.06631076236742411,0.013366228716649255,0.049523624447970094,0.0585629733808003,0.049523624447970094,0.019098947700596173,0.06377946451074201,0.07494959371327847,0.06377946451074201,0.9999936819076538
31,unknown,unknown_insufficient_support,1,0.0,0.0,0.0,0.0,0.0,0.0,0.0,0.0,0.0,0.0,1.0
32,unknown,unknown_insufficient_support,3,0.05919969964910532,0.1971814436507913,0.029126189285814785,0.13034491416671176,0.15564959538693598,0.13034491416671176,0.03036472643079069,0.16930698611489342,0.2040425510359191,0.16930698611489342,0.8001422782739004
33,unknown,unknown_absolute_residual,5,0.2117328619537343,0.7052365406550165,0.09293612295188902,0.2720647576187939,0.29129834436266167,0.2720647576187939,0.13641699305429378,0.40382806016679884,0.4313679466150283,0.40382806016679884,0.8164991199970245
34,unknown,unknown_absolute_residual,10,0.2996387806033801,0.9980322144088805,0.19738153767287722,0.4753533443191119,0.7574495443036032,0.4753533443191119,0.24135434204504247,0.6146202231280488,0.9422407213403082,0.6146202231280488,0.8367171317338944
35,unknown,unknown_absolute_residual,7,0.27760910093009805,0.9246560981973196,0.04980579039241561,0.3695224072911763,0.7461825176914634,0.3695224072911763,0.06407004971553852,0.4844242905594403,0.9725254392769128,0.4844242905594403,0.9336873888969421
36,static,static_track,4,0.045213219262714155,0.15059549117926102,0.01604515102308868,0.03495611342009536,0.040077414365372675,0.03495611342009536,0.02136324124648893,0.058276097226791834,0.0663756091714417,0.058276097226791834,0.9871475249528885
37,unknown,unknown_absolute_residual,6,0.12346363394546822,0.411230761710599,0.061050375403752785,0.2511830611262398,0.27425554618728815,0.2511830611262398,0.08995399871668311,0.32911140819733,0.35694553751822905,0.32911140819733,0.9174582262833914
38,unknown,unknown_absolute_residual,4,0.07293716335462896,0.24293797521448543,0.09281246799548698,0.12355077162569568,0.12367661523632738,0.12355077162569568,0.11323106653723425,0.16080231086890118,0.16283977525863216,0.16080231086890118,0.8655452728271484
39,unknown,unknown_absolute_residual,4,0.2117328619537343,0.7052365406550165,0.03981486432974974,0.5076925852856431,0.6997714159143399,0.5076925852856431,0.04813917485163867,0.6486030322515643,0.8948776199158293,0.6486030322515643,0.8987488746643066
40,unknown,unknown_absolute_residual,6,0.17589940581780827,0.5858830193743392,0.1427802133388578,0.37718764636106383,0.45314833552084965,0.37718764636106383,0.19263990394181313,0.4764983082088696,0.5702469702899843,0.4764983082088696,0.8698512315750122
41,unknown,unknown_absolute_residual,10,0.3002295680213606,1.0,0.14878674690501453,0.3152013243270231,0.37719671935451526,0.3152013243270231,0.08660483517141387,0.1775278382933679,0.1934097384339324,0.1775278382933679,0.8977949976921081
42,unknown,unknown_absolute_residual,9,0.27760910093009805,0.9246560981973196,0.22792962352523408,0.3149426143959452,0.31700974435883283,0.3149426143959452,0.13631437318081238,0.19813772061434579,0.20839693410828294,0.19813772061434579,0.8510251078340743
43,unknown,unknown_insufficient_support,3,0.05919969964910532,0.1971814436507913,0.09638945511322021,0.10294133725627372,0.1045793077920371,0.10294133725627372,0.11264467061654854,0.12912402283345964,0.13324386088768742,0.12912402283345964,0.8289845188458761
44,unknown,unknown_insufficient_support,1,0.0,0.0,0.0,0.0,0.0,0.0,0.0,0.0,0.0,0.0,1.0
45,unknown,unknown_absolute_residual,9,0.19341339188972073,0.6442183332054752,0.1899359087851201,0.2829104218418417,0.32111785811332433,0.2829104218418417,0.22122070255217305,0.3619893207189926,0.4255450091206204,0.3619893207189926,0.9546382625897726
46,unknown,unknown_absolute_residual,9,0.1583840011236365,0.5275429804181307,0.14031203675006262,0.17898913017117482,0.2077324050714463,0.17898913017117482,0.1805797462959467,0.23216274270947027,0.2530229169368245,0.23216274270947027,0.8936041593551636
47,unknown,unknown_absolute_residual,8,0.2758790548320902,0.9188936874214271,0.0587578775507525,0.6220655890600431,0.9991033010866099,0.6220655890600431,0.098462120439494,0.7737794448978005,1.2219166241919932,0.7737794448978005,0.9456075355410576
48,unknown,unknown_absolute_residual,11,0.3002295680213606,1.0,0.2650174980184172,0.8668077209305799,0.9282000896958998,0.8668077209305799,0.2912644957533453,1.1243264344117485,1.1985381986682013,1.1243264344117485,0.8990876620466058
49,unknown,unknown_absolute_residual,20,0.3002295680213606,1.0,0.02848393175482771,0.3233104688827629,0.46891317647627845,0.3233104688827629,0.03076484461688372,0.18123977229221633,0.25725335633814295,0.18123977229221633,0.9546823829412461
50,unknown,unknown_absolute_residual,17,0.3002295680213606,1.0,0.055307806319095376,0.3295163070120889,0.45318363556610397,0.3295163070120889,0.053219471115618484,0.1907986511169887,0.24263689737388272,0.1907986511169887,0.9731941258206087
51,unknown,unknown_insufficient_support,1,0.0,0.0,0.0,0.0,0.0,0.0,0.0,0.0,0.0,0.0,1.0
52,unknown,unknown_insufficient_support,2,0.12346363394546822,0.411230761710599,0.10726030661289761,0.10726030661289772,0.10726030661289775,0.10726030661289772,0.14708330516537296,0.14708330516537307,0.1470833051653731,0.14708330516537307,0.8442630171775818
53,unknown,unknown_absolute_residual,6,0.1583840011236365,0.5275429804181307,0.11800624101906583,0.15073252555957312,0.16277695745519535,0.15073252555957312,0.16068790613463274,0.21641325163552985,0.23817376923378672,0.21641325163552985,0.8667389750480652
54,unknown,unknown_absolute_residual,8,0.14041430579681058,0.4676897972514834,0.05957509374413997,0.17366231798667778,0.23554889929528502,0.17366231798667778,0.09500676621865098,0.22331162547745337,0.29095559810571925,0.22331162547745337,0.836967583745718
55,unknown,unknown_absolute_residual,11,0.28446401290015544,0.9474883329276766,0.16341514365589338,0.9358411482848004,0.9875705049270163,0.9358411482848004,0.23115927536017042,1.147983523454864,1.197507843453034,1.147983523454864,0.920800425789573
56,unknown,unknown_absolute_residual,15,0.3002295680213606,1.0,0.2939880885160928,0.7487841904918757,0.9245011103673607,0.7487841904918757,0.32052967620607653,0.9638549264105378,1.194591955238523,0.9638549264105378,0.8501403669516245
57,unknown,unknown_absolute_residual,16,0.3002295680213606,1.0,0.04010603914731492,0.3513179699033069,0.47952970670452555,0.3513179699033069,0.03716297573142178,0.18084956207892866,0.21694604345092225,0.18084956207892866,0.8227361869066954
58,unknown,unknown_absolute_residual,13,0.3002295680213606,1.0,0.16236406735346698,0.3638610432037805,0.43133870061216906,0.3638610432037805,0.15206282848415892,0.19541865674404194,0.19761039609482264,0.19541865674404194,0.9981204363015982
59,unknown,unknown_absolute_residual,13,0.3002295680213606,1.0,0.03540845854795489,0.37991251645004853,0.49906431832283304,0.37991251645004853,0.03986648681052229,0.24707557516369247,0.289669660858873,0.24707557516369247,0.9179610243210425
60,unknown,unknown_insufficient_support,2,0.12346363394546822,0.411230761710599,0.10279256304040968,0.1027925630404097,0.1027925630404097,0.1027925630404097,0.13822933373334695,0.1382293337333472,0.13822933373334725,0.1382293337333472,0.7804349660873413
61,unknown,unknown_insufficient_support,3,0.17589940581780827,0.5858830193743392,0.15453609340122998,0.21416858910114317,0.22907671302612148,0.21416858910114317,0.20469418674351456,0.29671647568595083,0.3197220479215599,0.29671647568595083,0.8558711409568787
62,unknown,unknown_absolute_residual,7,0.14041430579681058,0.4676897972514834,0.07003658737443505,0.1838750190283211,0.2176722720878118,0.1838750190283211,0.10594880926724429,0.24700242631809138,0.2999015793034647,0.24700242631809138,0.8729244300297329
63,unknown,unknown_absolute_residual,12,0.3002295680213606,1.0,0.19266154968529883,0.8886739731020507,0.8956657892741667,0.8886739731020507,0.25942186747767604,1.0696046335873952,1.099573473610683,1.0696046335873952,0.8751597851514816
64,unknown,unknown_absolute_residual,17,0.3002295680213606,1.0,0.04477635986496434,0.3882062395341993,0.4855553260789424,0.3882062395341993,0.04992371681373868,0.17910444332177763,0.4095637078757299,0.17910444332177763,0.926276799510507
65,unknown,unknown_absolute_residual,18,0.3002295680213606,1.0,0.05016841017078712,0.3722899388127833,0.47428258511137766,0.3722899388127833,0.04659051785611648,0.21277457460818092,0.3890028997642106,0.21277457460818092,0.9496382309330834
66,unknown,unknown_absolute_residual,17,0.3002295680213606,1.0,0.05867364390118143,0.4215977630352852,0.49178324136772655,0.4215977630352852,0.060879022692442504,0.230360946945196,0.24610022396175538,0.230360946945196,0.9631749181186452
67,unknown,unknown_insufficient_support,1,0.0,0.0,0.0,0.0,0.0,0.0,0.0,0.0,0.0,0.0,1.0
68,unknown,unknown_insufficient_support,3,0.05919969964910532,0.1971814436507913,0.08262954054206355,0.10301117578804811,0.10810658459954424,0.10301117578804811,0.11603517069010508,0.11873597849133216,0.11941118044163894,0.11873597849133216,0.9996195038159689
69,unknown,unknown_absolute_residual,5,0.12346363394546822,0.411230761710599,0.1632736925727877,0.2132778036925888,0.23115971468765587,0.2132778036925888,0.20485689697288953,0.25078274691774466,0.27486197894799286,0.25078274691774466,0.9349906206130981
70,unknown,unknown_absolute_residual,7,0.19341339188972073,0.6442183332054752,0.11091658540630725,0.33733923242404407,0.5307219239935977,0.33733923242404407,0.1477903368614759,0.41626098762093333,0.6461858671887637,0.41626098762093333,0.8059047545705523
71,unknown,unknown_absolute_residual,23,0.3002295680213606,1.0,0.13166371023926962,0.3781093799824971,0.41008695991914484,0.3781093799824971,0.1072179810183881,0.22377703728365,0.41121963505356024,0.22377703728365,0.8937171580998794
72,unknown,unknown_absolute_residual,18,0.3002295680213606,1.0,0.10353292710938092,0.34577245237274445,0.4335635106453193,0.34577245237274445,0.11197618823897217,0.22069814260017534,0.39675410791744525,0.22069814260017534,0.9386076927185059
73,unknown,unknown_absolute_residual,11,0.3002295680213606,1.0,0.04260307472272966,0.40760169154442205,0.5036644561132411,0.40760169154442205,0.030120266719564085,0.27011267952285206,0.2810230583329305,0.27011267952285206,0.9528500817038796
74,unknown,unknown_insufficient_support,1,0.0,0.0,0.0,0.0,0.0,0.0,0.0,0.0,0.0,0.0,1.0
75,unknown,unknown_absolute_residual,6,0.2117328619537343,0.7052365406550165,0.1142079380310461,0.37013131832403195,0.5916255241979305,0.37013131832403195,0.13560264225171736,0.4752810484396547,0.7698046700844117,0.4752810484396547,0.8912807007630666
76,unknown,unknown_absolute_residual,6,0.07293716335462896,0.24293797521448543,0.08837531755591208,0.15270316994389044,0.1547808635016692,0.15270316994389044,0.12287226002129437,0.16597784268115395,0.1660810446334941,0.16597784268115395,0.9815513789653778
77,unknown,unknown_absolute_residual,18,0.3002295680213606,1.0,0.04124914109931616,0.3134995028459103,0.4828125323684786,0.3134995028459103,0.03793544066150085,0.21685967118184457,0.28149592762372094,0.21685967118184457,0.9966130952040354
78,unknown,unknown_absolute_residual,11,0.3002295680213606,1.0,0.15947147372627127,0.38080349019219273,0.38919609602164223,0.38080349019219273,0.15382461983287632,0.26421416123894353,0.37922985894091293,0.26421416123894353,0.7871335826136849
79,unknown,unknown_absolute_residual,6,0.2758790548320902,0.9188936874214271,0.1809222182253857,0.28727896811135994,0.30952407347838706,0.28727896811135994,0.12165552457188089,0.19470687009428667,0.2066188076893854,0.19470687009428667,0.7645086844762167
80,unknown,unknown_absolute_residual,5,0.045213219262714155,0.15059549117926102,0.039618054345166034,0.09005666158240387,0.11209284118349742,0.09005666158240387,0.039618054345166034,0.11484732682904038,0.15341061659455826,0.11484732682904038,0.9142978191375732
81,unknown,unknown_absolute_residual,6,0.08973465676920167,0.2988868063881612,0.07297026934575929,0.1651181761674611,0.19418068432963753,0.1651181761674611,0.0909388962519257,0.206900563131722,0.2546988053950902,0.206900563131722,0.8531794448693594
82,unknown,unknown_absolute_residual,6,0.14041430579681058,0.4676897972514834,0.07372970351169109,0.3033667546048595,0.4767273289195237,0.3033667546048595,0.09183061631180274,0.3651131535752131,0.5756951005275415,0.3651131535752131,0.7984710882107416
83,unknown,unknown_absolute_residual,9,0.3002295680213606,1.0,0.18807275492234798,0.26097098049526823,0.367018377964369,0.26097098049526823,0.12883515329109552,0.2306794695436495,0.23505170153044522,0.2306794695436495,0.9231341083844503
84,unknown,unknown_insufficient_support,3,0.2117328619537343,0.7052365406550165,0.18279796654631134,0.2948335479653525,0.32284244332011275,0.2948335479653525,0.12638718739638033,0.18321498900009345,0.19742193940102173,0.18321498900009345,0.7980077564716339
85,unknown,unknown_insufficient_support,1,0.0,0.0,0.0,0.0,0.0,0.0,0.0,0.0,0.0,0.0,1.0
86,unknown,unknown_insufficient_support,3,0.019908451540738836,0.06631076236742411,0.03043009892432356,0.059523430684611446,0.06679676362468341,0.059523430684611446,0.018013080564331426,0.04985487790193228,0.05781532723633249,0.04985487790193228,0.9999998807907104
87,moving,moving_track,6,0.045213219262714155,0.15059549117926102,0.02339851768045232,0.04236391016471001,0.052459872060729294,0.04236391016471001,0.018550549856984372,0.027863085328078963,0.0337747663367658,0.027863085328078963,0.9999703268210093
88,unknown,unknown_absolute_residual,7,0.045213219262714155,0.15059549117926102,0.0319259330782479,0.0956144747102631,0.12786430810883892,0.0956144747102631,0.039016960384930716,0.10439858437704935,0.16140763350127377,0.10439858437704935,0.9890358448028564
89,unknown,unknown_low_excitation,4,0.019908451540738836,0.06631076236742411,0.030968667626486597,0.05770640270583598,0.06268149462731779,0.05770640270583598,0.026776404271910817,0.06195813950231928,0.06898181527546049,0.06195813950231928,0.9999929368495941
90,moving,moving_track,4,0.045213219262714155,0.15059549117926102,0.027595133752545437,0.046313966946546964,0.05280969921319206,0.046313966946546964,0.020617361748823573,0.027617627787345892,0.028621951747095108,0.027617627787345892,0.9999958872795105
91,moving,moving_track,6,0.045213219262714155,0.15059549117926102,0.02644854954565092,0.054007036186017696,0.06485047537093495,0.054007036186017696,0.013866343238374865,0.04257169078058512,0.04866737280648977,0.04257169078058512,0.9937818845113119
92,unknown,unknown_absolute_residual,10,0.12346363394546822,0.411230761710599,0.05208464775913557,0.09393477473883347,0.12436473231156733,0.09393477473883347,0.043191647619948766,0.12723226317343944,0.1783777896907033,0.12723226317343944,0.8761063873767853
93,unknown,unknown_low_excitation,5,0.03180521933127545,0.10593633245681047,0.018867511258728386,0.031085554024235015,0.03326893673260132,0.031085554024235015,0.009179706901138888,0.031552222797815666,0.04114351576076524,0.031552222797815666,0.9999997854232788
94,unknown,unknown_low_excitation,4,0.019908451540738836,0.06631076236742411,0.023573727711464848,0.0388238528946414,0.042439509519669696,0.0388238528946414,0.019169716178467203,0.043255243334109336,0.04900910272119597,0.043255243334109336,0.9999363422393799
95,unknown,unknown_insufficient_support,3,0.00917081126755237,0.030545996278753897,0.025878720663472948,0.055097725887263034,0.062402477193210557,0.055097725887263034,0.03148619715048365,0.05611020657640243,0.06226620893288212,0.05611020657640243,0.9999750852584839
96,unknown,unknown_insufficient_support,3,0.00917081126755237,0.030545996278753897,0.026851139968441854,0.064656515751656,0.07410785969745953,0.064656515751656,0.03209223020632402,0.06562970429754562,0.07401407282035102,0.06562970429754562,0.9999961455663046
97,unknown,unknown_insufficient_support,1,0.0,0.0,0.0,0.0,0.0,0.0,0.0,0.0,0.0,0.0,1.0
98,unknown,unknown_absolute_residual,10,0.08973465676920167,0.2988868063881612,0.051004469544165446,0.20750118834354905,0.20822123055514463,0.20750118834354905,0.05475797582518398,0.24514829882115013,0.25374389709015055,0.24514829882115013,0.9990496218204499
99,unknown,unknown_absolute_residual,16,0.19341339188972073,0.6442183332054752,0.1505723309918794,0.25589824177284004,0.30578377219282055,0.25589824177284004,0.18123451578639094,0.32434882583211844,0.39055842282711883,0.32434882583211844,0.9968141652643681
100,unknown,unknown_absolute_residual,14,0.17589940581780827,0.5858830193743392,0.07531738065160531,0.2416643254027047,0.2992841200718747,0.2416643254027047,0.07848341310382669,0.3316624227184059,0.3964096271780603,0.3316624227184059,0.907811205301966
101,moving,moving_track,5,0.045213219262714155,0.15059549117926102,0.02549569871077762,0.03225110372811066,0.03401283651013212,0.03225110372811066,0.01576155282188911,0.02641588411120837,0.027182367825426768,0.02641588411120837,0.9994731545448303
102,moving,moving_track,5,0.045213219262714155,0.15059549117926102,0.0153553687070081,0.03710933474794718,0.038356014917640256,0.03710933474794718,0.014003486458032512,0.016674442139130274,0.016803351439759653,0.016674442139130274,0.9987809300422669
103,unknown,unknown_absolute_residual,6,0.05919969964910532,0.1971814436507913,0.030050706516308208,0.05869706801613154,0.08325422760353467,0.05869706801613154,0.019595708665930935,0.08048979754284852,0.11821015575315241,0.08048979754284852,0.9992339710394541
104,unknown,unknown_low_excitation,5,0.03180521933127545,0.10593633245681047,0.0183484184175027,0.02504680569390725,0.025738715463813774,0.02504680569390725,0.015761129958574933,0.03245405290407724,0.04016627905179104,0.03245405290407724,0.9142389059066772
105,unknown,unknown_insufficient_support,3,0.00917081126755237,0.030545996278753897,0.01681365242704231,0.044207531419465734,0.05105600116757159,0.044207531419465734,0.021992580830257284,0.04513029144689414,0.05091471910105336,0.04513029144689414,0.9999145070711771
106,unknown,unknown_insufficient_support,2,0.07293716335462896,0.24293797521448543,0.12237155107833064,0.12237155107833081,0.12237155107833085,0.12237155107833081,0.15736473935217238,0.15736473935217257,0.1573647393521726,0.15736473935217257,0.9997169673442841
107,unknown,unknown_absolute_residual,4,0.10665393781713517,0.35524128592673127,0.033209066687503105,0.1984129211726091,0.26105611573190135,0.1984129211726091,0.04586789662994262,0.2595890579846818,0.33906357984397545,0.2595890579846818,0.9938712865114212
108,unknown,unknown_insufficient_support,1,0.0,0.0,0.0,0.0,0.0,0.0,0.0,0.0,0.0,0.0,1.0
109,unknown,unknown_insufficient_support,3,0.19341339188972073,0.6442183332054752,0.05958654200600355,0.4754667443879728,0.5794367949834651,0.4754667443879728,0.04490550186167663,0.6166931900812546,0.759640112136149,0.6166931900812546,0.9961752494176229
110,unknown,unknown_insufficient_support,2,0.23088570413786158,0.7690305310682612,0.3617467908297791,0.3617467908297793,0.36174679082977934,0.3617467908297793,0.4749801432364513,0.4749801432364515,0.47498014323645155,0.4749801432364515,0.9098031222820282
111,unknown,unknown_low_excitation,4,0.00917081126755237,0.030545996278753897,0.02976185237584513,0.033120712439981555,0.03423090551346412,0.033120712439981555,0.027182070850517923,0.03355686240515058,0.0362529818638891,0.03355686240515058,0.9999974966049194
112,unknown,unknown_absolute_residual,8,0.12346363394546822,0.411230761710599,0.1304282107618197,0.22949973278005278,0.24216092343633686,0.22949973278005278,0.14907766982272663,0.28724339858192927,0.31212425754050044,0.28724339858192927,0.9874750971794128
113,unknown,unknown_absolute_residual,11,0.23088570413786158,0.7690305310682612,0.16032388400557046,0.3215170909660854,0.32281671310979526,0.3215170909660854,0.1895250792778974,0.41559043683950914,0.425298809872044,0.41559043683950914,0.9403273571621288
114,unknown,unknown_absolute_residual,5,0.3002295680213606,1.0,0.028879594933025367,0.6502029196765293,0.8321221228733316,0.6502029196765293,0.021317379302094097,0.8616344089416161,1.11157598763296,0.8616344089416161,0.856205403804779
115,unknown,unknown_absolute_residual,8,0.3002295680213606,1.0,0.09656770525961123,0.8373357216104723,0.8710493680350145,0.8373357216104723,0.1757921525625462,1.0520177090839224,1.0857728189263942,1.0520177090839224,0.8661168962717056
116,unknown,unknown_insufficient_support,1,0.0,0.0,0.0,0.0,0.0,0.0,0.0,0.0,0.0,0.0,1.0
117,unknown,unknown_insufficient_support,2,0.045213219262714155,0.15059549117926102,0.05494305224406917,0.05494305224406931,0.05494305224406935,0.05494305224406931,0.077453149092818,0.07745314909281815,0.0774531490928182,0.07745314909281815,0.9876875281333923
118,unknown,unknown_insufficient_support,3,0.14041430579681058,0.4676897972514834,0.12888675602927976,0.24568384600730775,0.27488311850181474,0.24568384600730775,0.17343532640857626,0.3268569780553108,0.3652123909669944,0.3268569780553108,0.9747743805249532
119,unknown,unknown_absolute_residual,5,0.17589940581780827,0.5858830193743392,0.15712933159258924,0.23959683489438122,0.24512851792087414,0.23959683489438122,0.22432794221855987,0.3295200805132518,0.3492122643133403,0.3295200805132518,0.8616512537002563
120,unknown,unknown_insufficient_support,2,0.17589940581780827,0.5858830193743392,0.2612942807145891,0.26129428071458927,0.2612942807145893,0.26129428071458927,0.3463644283439814,0.3463644283439814,0.3463644283439814,0.3463644283439814,0.9249933958053589
121,unknown,unknown_insufficient_support,3,0.17589940581780827,0.5858830193743392,0.12609518422750682,0.37648440904039293,0.43908171524361445,0.37648440904039293,0.1703693959824984,0.48506695717747655,0.5637413474762211,0.48506695717747655,0.8424036105473837
122,unknown,unknown_absolute_residual,9,0.2758790548320902,0.9188936874214271,0.18788610174404297,0.5736873493629023,0.5937930230618185,0.5736873493629023,0.12440507717047009,0.44098463193122983,0.46865590069306556,0.44098463193122983,0.8876023325655196
123,unknown,unknown_absolute_residual,10,0.2468650200273087,0.8222541892001286,0.18333213236403428,0.45368666579157735,0.5583369962081942,0.45368666579157735,0.11309528232649246,0.30379731935789756,0.6592113127359409,0.30379731935789756,0.9809187293052674
124,unknown,unknown_insufficient_support,3,0.0011284266228279716,0.0037585459362473148,0.03667610999531657,0.04448908684293307,0.046442331054837194,0.04448908684293307,0.03555308102368035,0.04434442100485753,0.04654225600015183,0.04434442100485753,0.9999748468399048
125,unknown,unknown_absolute_residual,4,0.12346363394546822,0.411230761710599,0.019870462444257487,0.23613761227144597,0.32507586815144907,0.23613761227144597,0.0158389665738098,0.29469578753268455,0.4123648452476918,0.29469578753268455,0.8650687783956528
126,unknown,unknown_absolute_residual,6,0.2468650200273087,0.8222541892001286,0.2272939375524628,0.25770640678633083,0.2622670963566151,0.25770640678633083,0.3132811593324927,0.40188954232666885,0.4020865299106966,0.40188954232666885,0.8923391203085581
127,unknown,unknown_absolute_residual,8,0.3002295680213606,1.0,0.18736898349197756,0.8052691229557618,0.8627141356521862,0.8052691229557618,0.2815274796169638,0.9971131942399162,1.0553793404732374,0.9971131942399162,0.9522659182548523
128,unknown,unknown_absolute_residual,9,0.2996387806033801,0.9980322144088805,0.13604782428137296,0.7674128026951575,0.8824042509826044,0.7674128026951575,0.18963809725807976,0.9790199156409249,1.1105923292589912,0.9790199156409249,0.7688171433077918
129,unknown,unknown_absolute_residual,9,0.3002295680213606,1.0,0.1863381749955486,0.3277508043965148,0.8170253994058084,0.3277508043965148,0.24996425717118828,0.4309587432428962,1.0401686634406937,0.4309587432428962,0.8092053797509935
130,unknown,unknown_absolute_residual,5,0.1583840011236365,0.5275429804181307,0.17522175385751737,0.18809846008280193,0.1950718773136674,0.18809846008280193,0.24082795288423728,0.26330439148741325,0.2660578261333788,0.26330439148741325,0.9959629893302917
131,unknown,unknown_insufficient_support,3,0.07293716335462896,0.24293797521448543,0.11250005404952206,0.11448493794007823,0.11498115891271728,0.11448493794007823,0.14004546199033927,0.15375714218116535,0.15718506222887185,0.15375714218116535,0.8131015499432882
132,unknown,unknown_absolute_residual,4,0.2117328619537343,0.7052365406550165,0.33738206888102135,0.3661351721227578,0.3722759248865667,0.3661351721227578,0.4196412041101344,0.46391047092527277,0.4823759415289114,0.46391047092527277,0.8057558387517929
133,unknown,unknown_absolute_residual,16,0.3002295680213606,1.0,0.06454751416717355,0.47472993034290306,1.3682996079285958,0.47472993034290306,0.054830333011228,0.24818053151818775,1.366076853582295,0.24818053151818775,0.9162032902240753
134,unknown,unknown_absolute_residual,18,0.3002295680213606,1.0,0.09060554270961982,0.4569261051816026,0.4781370550259934,0.4569261051816026,0.08480368897513088,0.21448218817882944,0.22649751821019362,0.21448218817882944,0.9626646671030257
135,unknown,unknown_absolute_residual,7,0.2468650200273087,0.8222541892001286,0.07229021302841501,0.22919073374585458,0.4082720106906049,0.22919073374585458,0.048257407761473345,0.12984359628488518,0.23947510514528872,0.12984359628488518,0.9950369085584369
136,unknown,unknown_insufficient_support,1,0.0,0.0,0.0,0.0,0.0,0.0,0.0,0.0,0.0,0.0,1.0
137,unknown,unknown_insufficient_support,1,0.0,0.0,0.0,0.0,0.0,0.0,0.0,0.0,0.0,0.0,1.0
138,unknown,unknown_absolute_residual,7,0.2117328619537343,0.7052365406550165,0.16211802104653655,0.1944967758168434,0.19927930367685126,0.1944967758168434,0.23243225401334572,0.2652137360572857,0.2718857131789293,0.2652137360572857,0.9969480463436672
139,unknown,unknown_absolute_residual,4,0.10665393781713517,0.35524128592673127,0.07454498862706818,0.09566807889425848,0.10295673341335598,0.09566807889425848,0.10773916776470396,0.1401712626487316,0.15294962203028611,0.1401712626487316,0.9999476671218872
140,unknown,unknown_insufficient_support,2,0.00019289409045231132,0.0006424886520124074,0.013649289247112019,0.013649289247112019,0.013649289247112019,0.013649289247112019,0.013553005288793472,0.013553005288793631,0.013553005288793671,0.013553005288793631,1.0
141,unknown,unknown_absolute_residual,5,0.1583840011236365,0.5275429804181307,0.1279138129707087,0.20540941844739072,0.2146766129380394,0.20540941844739072,0.19753631025864546,0.26852987426978375,0.2818972609413836,0.26852987426978375,0.9372201800346375
142,unknown,unknown_insufficient_support,3,0.05919969964910532,0.1971814436507913,0.022144328621419088,0.09105271157570492,0.10827980731427637,0.09105271157570492,0.021952263162085435,0.13730337972754772,0.16614115886891329,0.13730337972754772,0.9999494949976603
143,unknown,unknown_absolute_residual,12,0.3002295680213606,1.0,0.04420892248566619,0.4395919473313035,0.9996021800021176,0.4395919473313035,0.05134108409869424,0.5344433976539694,1.2927337376488397,0.5344433976539694,0.8880676329135895
144,moving,moving_track,4,0.045213219262714155,0.15059549117926102,0.03432404336178926,0.05133740639533623,0.053295505491268325,0.05133740639533623,0.02233705393894276,0.028467284865511987,0.028892663999369888,0.028467284865511987,1.0
145,unknown,unknown_absolute_residual,14,0.3002295680213606,1.0,0.19009209004905897,0.3757956982641731,0.41643437864728794,0.3757956982641731,0.1701689736066031,0.1897511418452017,0.19334040826520246,0.1897511418452017,0.9229513704776764
146,unknown,unknown_absolute_residual,11,0.3002295680213606,1.0,0.2671964379420835,0.33792108948089544,0.40518748711732683,0.33792108948089544,0.1846087542208993,0.2180896659990533,0.3915689134034345,0.2180896659990533,0.9896095828576521
147,unknown,unknown_absolute_residual,5,0.26164481925107075,0.8714825157809086,0.10548077393826191,0.3422005395998198,0.4703384881684278,0.3422005395998198,0.06614190573514712,0.22561221262547693,0.31142520223596304,0.22561221262547693,0.99999840259552
148,unknown,unknown_insufficient_support,3,0.00917081126755237,0.030545996278753897,0.017632772538966446,0.027769246586886866,0.030303365098866972,0.027769246586886866,0.01764985378381656,0.020657446617864696,0.02140934482637673,0.020657446617864696,1.0
149,unknown,unknown_absolute_residual,7,0.19341339188972073,0.6442183332054752,0.12499340800980675,0.1862977172700054,0.19145637403755153,0.1862977172700054,0.14067769046199086,0.26602479391109446,0.26935788194146504,0.26602479391109446,0.8448308876582554
150,unknown,unknown_absolute_residual,5,0.10665393781713517,0.35524128592673127,0.025194884901615252,0.13830309278116068,0.1563071193372374,0.13830309278116068,0.029928586809030495,0.2159070852528485,0.23855526698173038,0.2159070852528485,0.9998806118965149
151,unknown,unknown_absolute_residual,5,0.3002295680213606,1.0,0.33988776706473145,0.5982142007181966,0.7555899344109779,0.5982142007181966,0.45626847611444765,0.731473376235567,0.9117235647441571,0.731473376235567,0.7561846435070038
152,unknown,unknown_absolute_residual,17,0.3002295680213606,1.0,0.39144312572090506,0.6171366917990191,0.6781921825764081,0.6171366917990191,0.45880095805321774,0.8167842179650224,0.9049387389046188,0.8167842179650224,0.8259844972806818
153,unknown,unknown_insufficient_support,1,0.0,0.0,0.0,0.0,0.0,0.0,0.0,0.0,0.0,0.0,1.0
154,unknown,unknown_absolute_residual,11,0.3002295680213606,1.0,0.11166011820751938,0.4408471512176277,0.4728707577017771,0.4408471512176277,0.1246476061020699,0.24421410579552388,0.25052020501479416,0.24421410579552388,0.8443015271967108
155,unknown,unknown_absolute_residual,12,0.3002295680213606,1.0,0.18049223247872048,0.3522465144588427,0.39095855694584397,0.3522465144588427,0.1622143442917503,0.19471344493134615,0.20437880161861854,0.19471344493134615,0.9845718344052633
156,unknown,unknown_absolute_residual,22,0.3002295680213606,1.0,0.1213237069206875,0.46158881402891744,0.4951863685845306,0.46158881402891744,0.11799724959594932,0.27975136442383075,0.337682023450151,0.27975136442383075,0.9940650815313513
157,unknown,unknown_absolute_residual,12,0.3002295680213606,1.0,0.22838715815433475,0.3012479808401188,0.3193432980409409,0.3012479808401188,0.16131875302064802,0.2354843955145776,0.2574092050550186,0.2354843955145776,0.9830342829227448
158,unknown,unknown_insufficient_support,3,0.08973465676920167,0.2988868063881612,0.027850395122978443,0.09106603624034709,0.10686994651968924,0.09106603624034709,0.03356323460004411,0.1438233886300469,0.1713884271375476,0.1438233886300469,0.9812344312667847
159,unknown,unknown_insufficient_support,3,0.08973465676920167,0.2988868063881612,0.027995912477237248,0.10548638505723604,0.12485900320223572,0.10548638505723604,0.032642669054890806,0.1601399268521436,0.19201424130145678,0.1601399268521436,0.9918198188145956
160,unknown,unknown_insufficient_support,2,0.00019289409045231132,0.0006424886520124074,0.01177002053928459,0.011770020539284725,0.011770020539284758,0.011770020539284725,0.011673988078131707,0.011673988078131707,0.011673988078131707,0.011673988078131707,1.0
161,unknown,unknown_absolute_residual,4,0.17589940581780827,0.5858830193743392,0.12618592756313196,0.31403242749745475,0.3802996269523811,0.31403242749745475,0.1615733317363625,0.41183481243425024,0.5082097619480487,0.41183481243425024,0.9003927111625671
162,unknown,unknown_absolute_residual,4,0.3002295680213606,1.0,0.25556093275646885,0.6734499205934943,0.8450542177671669,0.6734499205934943,0.1727865360941026,0.7126420855755748,0.9256491091987952,0.7126420855755748,0.8866259157657623
163,unknown,unknown_absolute_residual,12,0.3002295680213606,1.0,0.19450990584113775,0.3260412024091014,0.4428332067622977,0.3260412024091014,0.13080194976258014,0.1701151467376467,0.4332644888955785,0.1701151467376467,0.8956509009003639
164,unknown,unknown_absolute_residual,13,0.3002295680213606,1.0,0.25698092251586974,0.3473589387977866,0.4366996912136862,0.3473589387977866,0.19719283875576152,0.20747618965528233,0.43840962093288816,0.20747618965528233,0.9023177715448233
165,unknown,unknown_absolute_residual,10,0.2734369146971839,0.9107594448449846,0.1545430086620938,0.3668072248655503,0.39425232261366433,0.3668072248655503,0.08347337536846983,0.2159212791786485,0.24730809541374935,0.2159212791786485,0.9999822497367858
166,unknown,unknown_insufficient_support,2,0.00019289409045231132,0.0006424886520124074,0.03062509046543578,0.030625090465436006,0.030625090465436062,0.030625090465436006,0.03053609297877043,0.03053609297877043,0.03053609297877043,0.03053609297877043,0.9999984502792358
167,unknown,unknown_insufficient_support,3,0.08973465676920167,0.2988868063881612,0.02421516293627189,0.09599920822130084,0.11394521954255807,0.09599920822130084,0.029880391052678583,0.15007882296873956,0.1801284309477548,0.15007882296873956,0.7844632963339487
168,unknown,unknown_absolute_residual,4,0.1583840011236365,0.5275429804181307,0.1929408848400722,0.21424926168113478,0.21776771892129335,0.21424926168113478,0.24764847203977658,0.27430645755541255,0.27939965894186125,0.27430645755541255,0.9652668535709381
169,unknown,unknown_absolute_residual,6,0.12346363394546822,0.411230761710599,0.11469652298749722,0.20552449635195863,0.21065229445326805,0.20552449635195863,0.1440165955724181,0.27031067740393,0.27579808088927926,0.27031067740393,0.9582054813702902
170,unknown,unknown_absolute_residual,17,0.3002295680213606,1.0,0.08321623427478322,0.42235399938169105,0.49789249729854534,0.42235399938169105,0.047797057086539474,0.25177013571420065,0.32176965968433185,0.25177013571420065,0.9839554358931148
171,unknown,unknown_absolute_residual,11,0.3002295680213606,1.0,0.18675886360153685,0.2715801974498764,0.45292469800875623,0.2715801974498764,0.11399257602028377,0.17803852565410175,0.4064533220378353,0.17803852565410175,0.9599305770613931
172,unknown,unknown_absolute_residual,13,0.3002295680213606,1.0,0.17797243504315596,0.30415037891639113,0.3330512011074357,0.30415037891639113,0.105375999705486,0.20235490434417847,0.24772976940179886,0.20235490434417847,0.9429158797630897
173,unknown,unknown_absolute_residual,15,0.3002295680213606,1.0,0.2750930139283208,0.31723741374484343,0.3410493716230139,0.31723741374484343,0.1390037552472366,0.2512817370057663,0.2756559238192353,0.2512817370057663,0.9072944521903992
174,moving,moving_track,4,0.045213219262714155,0.15059549117926102,0.025984940125578337,0.0412439540532483,0.045983530211450005,0.0412439540532483,0.01491162147434241,0.02470867068392088,0.027889434384144676,0.02470867068392088,0.8440827801823616
175,unknown,unknown_absolute_residual,6,0.2117328619537343,0.7052365406550165,0.28547144218824294,0.3467067387921683,0.3823912325784257,0.3467067387921683,0.3715900587033119,0.45874041233551816,0.503519835688375,0.45874041233551816,0.8572460412979126
176,unknown,unknown_absolute_residual,8,0.19341339188972073,0.6442183332054752,0.22930197311393835,0.301210889768504,0.32531719044294505,0.301210889768504,0.3236862913757973,0.38281127614371896,0.4190652937269997,0.38281127614371896,0.8668006993830204
177,unknown,unknown_absolute_residual,11,0.3002295680213606,1.0,0.054782971824643034,0.49192101447502784,0.49430767914235957,0.49192101447502784,0.05768426962432346,0.21751971597836622,0.22275094436019344,0.21751971597836622,0.8999767086722634
178,unknown,unknown_absolute_residual,9,0.29123566231989506,0.9700432380436772,0.08012084318026742,0.5299154257856636,0.5338369574132875,0.5299154257856636,0.06411572415999792,0.29500910653069906,0.3054789070387061,0.29500910653069906,0.9748068584336175
179,unknown,unknown_insufficient_support,1,0.0,0.0,0.0,0.0,0.0,0.0,0.0,0.0,0.0,0.0,1.0
180,unknown,unknown_insufficient_support,3,0.2815773461555924,0.9378734679975254,0.011954231891772697,0.6535012256086576,0.8138879740378788,0.6535012256086576,0.014069468778033247,0.642059660482212,0.7990572084082566,0.642059660482212,0.7473563452561697
181,unknown,unknown_insufficient_support,3,0.0011284266228279716,0.0037585459362473148,0.029764442456114263,0.03686956161541483,0.038645841405239974,0.03686956161541483,0.029573039764920334,0.03679482788199071,0.0386002749112583,0.03679482788199071,0.9998803536097208
182,unknown,unknown_insufficient_support,3,0.0011284266228279716,0.0037585459362473148,0.013013486455724133,0.031494929216900745,0.0361152899071949,0.031494929216900745,0.01290772239730942,0.03093817568509032,0.035445789007035544,0.03093817568509032,0.9999995231628418
183,unknown,unknown_absolute_residual,5,0.17589940581780827,0.5858830193743392,0.14019448002542687,0.4987726376740734,0.499027110101011,0.4987726376740734,0.14193715230513257,0.6331894201503915,0.6332401500423714,0.6331894201503915,0.714898431301117
184,unknown,unknown_absolute_residual,14,0.3002295680213606,1.0,0.22881441585067824,0.4721232373746891,0.4972000528040146,0.4721232373746891,0.19743604917384378,0.24180936008311477,0.25516241588672134,0.24180936008311477,0.864016449877194
185,unknown,unknown_insufficient_support,2,0.00019289409045231132,0.0006424886520124074,0.01446470016370821,0.01446470016370821,0.01446470016370821,0.01446470016370821,0.014453127034039906,0.014453127034040007,0.01445312703404003,0.014453127034040007,1.0
186,unknown,unknown_insufficient_support,3,0.022634408063723077,0.07539033617805657,0.022341807724697006,0.05790577244468613,0.06679676362468341,0.05790577244468613,0.011965319160945516,0.04871512086691513,0.057902571293407534,0.04871512086691513,0.9999982913335165
187,unknown,unknown_low_excitation,4,0.036042407995161785,0.12004949490050713,0.014510335789880695,0.036891347737370773,0.04357519497326235,0.036891347737370773,0.014199143726252118,0.02108155066535035,0.0216573554707313,0.02108155066535035,0.999998152256012
188,unknown,unknown_low_excitation,4,0.036042407995161785,0.12004949490050713,0.01065353885736579,0.041495507895557816,0.053812466952906396,0.041495507895557816,0.016676746538398103,0.031168890516359075,0.035343431685540064,0.031168890516359075,0.9999517053365707
189,unknown,unknown_insufficient_support,3,0.022634408063723077,0.07539033617805657,0.007129133016265886,0.04153986752373371,0.050142551150600664,0.04153986752373371,0.015034905854369285,0.029650806297311573,0.03330478140804714,0.029650806297311573,0.9998325109481812
190,unknown,unknown_low_excitation,4,0.036042407995161785,0.12004949490050713,0.01625634768718457,0.024194637429222857,0.02746596825802896,0.024194637429222857,0.014779797964944597,0.02753036479653089,0.02998795345181528,0.02753036479653089,1.0
191,unknown,unknown_insufficient_support,3,0.022634408063723077,0.07539033617805657,0.020809001453913505,0.04247958684306559,0.047897233190353605,0.04247958684306559,0.009923862895148513,0.03289842295110733,0.03864206296509703,0.03289842295110733,0.9999998410542806
192,unknown,unknown_absolute_residual,8,0.11429282267791585,0.38068476543184515,0.05457366686770497,0.07612080838582372,0.09895466793755828,0.07612080838582372,0.05263638645707974,0.10705376719014387,0.14797892470620436,0.10705376719014387,0.9218088835477829
193,unknown,unknown_insufficient_support,3,0.022634408063723077,0.07539033617805657,0.015353259326245013,0.01688406192070155,0.017266762569315683,0.01688406192070155,0.006291006035366409,0.00781791806136694,0.008199646067867071,0.00781791806136694,0.9999999205271403
194,static,static_track,5,0.0637663520870766,0.21239197893573153,0.038755824330054256,0.04430186698234478,0.04716608941817216,0.04430186698234478,0.023316430122574696,0.09205716287936028,0.10209084327454193,0.09205716287936028,0.9786890625953675
195,unknown,unknown_insufficient_support,3,0.05002888838155295,0.1666354473720374,0.04545644250471925,0.07462894845213343,0.08192207493898697,0.07462894845213343,0.036228015648395395,0.10530143816342165,0.12256979379217821,0.10530143816342165,0.9039584795633951
196,unknown,unknown_insufficient_support,2,0.010737640273186466,0.03576476608867022,0.008970961099219429,0.008970961099219429,0.008970961099219429,0.008970961099219429,0.010380107113650732,0.010380107113650784,0.010380107113650798,0.010380107113650784,1.0
197,unknown,unknown_insufficient_support,2,0.010737640273186466,0.03576476608867022,0.002006138772024074,0.0020061387720242364,0.0020061387720242767,0.0020061387720242364,0.0034065641568208358,0.0034065641568209364,0.0034065641568209615,0.0034065641568209364,1.0
198,unknown,unknown_insufficient_support,2,0.010737640273186466,0.03576476608867022,0.017492223198442028,0.017492223198442146,0.017492223198442174,0.017492223198442146,0.014369370275831548,0.014369370275831609,0.014369370275831624,0.014369370275831609,1.0
199,unknown,unknown_absolute_residual,10,0.18424258062216836,0.6136723369267212,0.1662389610546247,0.27457639836438874,0.32105063499718683,0.27457639836438874,0.20200826631360413,0.345011389103275,0.4074112812556238,0.345011389103275,0.9974728047847747
200,unknown,unknown_absolute_residual,9,0.1667285945502559,0.5553370230955853,0.09760180303913005,0.25991550018440784,0.2954983609377621,0.25991550018440784,0.11277629665660568,0.33393432284651103,0.3750162603596846,0.33393432284651103,0.9619612561331855
201,unknown,unknown_low_excitation,4,0.036042407995161785,0.12004949490050713,0.01928724776836476,0.025553916455812068,0.025594436049897987,0.025553916455812068,0.02097140846436754,0.02347268174644823,0.023948453171719897,0.02347268174644823,0.9999988973140717
202,static,static_track,6,0.0637663520870766,0.21239197893573153,0.016829004778089275,0.04720151562113615,0.0717421915919525,0.04720151562113615,0.01922801055285492,0.07238986382643248,0.1124071891765585,0.07238986382643248,0.989926834901174
203,unknown,unknown_absolute_residual,5,0.11429282267791585,0.38068476543184515,0.015048893326597266,0.08811386570791127,0.09530964079538715,0.08811386570791127,0.025087238769363085,0.14708706079477435,0.17639495564125934,0.14708706079477435,0.9990237593650818
204,unknown,unknown_insufficient_support,3,0.05002888838155295,0.1666354473720374,0.016653028569091413,0.027672518123511687,0.030427390512116754,0.027672518123511687,0.009613764612402343,0.05386932138509769,0.06493321057827152,0.05386932138509769,0.9704265395800272
205,unknown,unknown_absolute_residual,6,0.0974831265495828,0.3246952896479774,0.035160237234318964,0.26320676471880694,0.2721653533228118,0.26320676471880694,0.07795075674097675,0.2880276746958491,0.3037337224419279,0.2880276746958491,0.8448629677295685
206,unknown,unknown_insufficient_support,3,0.11429282267791585,0.38068476543184515,0.008956878846653428,0.29084856076986987,0.361321481250674,0.29084856076986987,0.0035345057655770773,0.374618078419323,0.46738897158275944,0.374618078419323,0.918462852636973
207,unknown,unknown_absolute_residual,6,0.11429282267791585,0.38068476543184515,0.1500510504727589,0.19063232697572002,0.2112341004019235,0.19063232697572002,0.19797406458780262,0.24276391643632758,0.25261647666688675,0.24276391643632758,0.9880964855353037
208,unknown,unknown_insufficient_support,1,0.0,0.0,0.0,0.0,0.0,0.0,0.0,0.0,0.0,0.0,1.0
209,unknown,unknown_insufficient_support,2,0.010737640273186466,0.03576476608867022,0.010470534402760124,0.010470534402760282,0.01047053440276032,0.010470534402760282,0.015418216031075668,0.015418216031075842,0.015418216031075885,0.015418216031075842,1.0
210,unknown,unknown_absolute_residual,8,0.2684382896625457,0.8941101019185658,0.14242100530015228,0.8010353906619454,0.8168265550873773,0.8010353906619454,0.17142916991856755,1.0279618021657027,1.0502757852559788,1.0279618021657027,0.9072461873292923
211,unknown,unknown_absolute_residual,5,0.05002888838155295,0.1666354473720374,0.015468160414425114,0.08731600484563917,0.11333226662529197,0.08731600484563917,0.02119464943573385,0.1028060002465965,0.1331333049438615,0.1028060002465965,0.9999866247177124
212,unknown,unknown_absolute_residual,8,0.14921318985608412,0.4969969841393769,0.09586659854771376,0.2790648212671741,0.33255117330646705,0.2790648212671741,0.11919275448615832,0.34548557566490384,0.40734826171781613,0.34548557566490384,0.9997089952230453
213,unknown,unknown_absolute_residual,13,0.2217148928703092,0.7384845347895073,0.18967919979488396,0.30662463823971053,0.30974646240166576,0.30662463823971053,0.22300749452870816,0.39126073879418,0.39910263135553153,0.39126073879418,0.9344258079162011
214,unknown,unknown_absolute_residual,5,0.2820648510523427,0.9394972417649233,0.021283806380727605,0.4964479138417093,0.8120179256924365,0.4964479138417093,0.027876519117993933,0.6546143411127776,1.0708812208865726,0.6546143411127776,0.9199742436408996
215,unknown,unknown_absolute_residual,8,0.1312434945292582,0.43714380097272953,0.07121183748601874,0.10611821436733229,0.10673005801763119,0.10611821436733229,0.10770158669579452,0.1556729061249524,0.15577163540920405,0.1556729061249524,0.8856004849076271
216,unknown,unknown_insufficient_support,3,0.022634408063723077,0.07539033617805657,0.008594609820722023,0.011352153182431405,0.01204153902285875,0.011352153182431405,0.005320900481016189,0.014740177895641714,0.017094997249298093,0.014740177895641714,0.990269939104716
217,unknown,unknown_absolute_residual,12,0.2910587567538082,0.9694540037212461,0.044559985073834935,0.6367439866284423,0.84147411138605,0.6367439866284423,0.04641865177171911,0.8341721702509741,1.1220035380745297,0.8341721702509741,0.8576514273881912
218,unknown,unknown_absolute_residual,5,0.14921318985608412,0.4969969841393769,0.06555105681800547,0.19115832539230548,0.231684810180703,0.19115832539230548,0.0793108845130798,0.2685749444717714,0.32760767547654535,0.2685749444717714,0.9952473998069763
219,unknown,unknown_absolute_residual,4,0.11429282267791585,0.38068476543184515,0.04746036403618831,0.1827513639053794,0.22917283911193345,0.1827513639053794,0.06003903105479818,0.25130220616980725,0.3178545449717408,0.25130220616980725,0.7830861657857895
220,unknown,unknown_insufficient_support,3,0.0805638455016493,0.2683408101094073,0.0266015940309136,0.16409640458816613,0.19847010722747924,0.16409640458816613,0.0365547363350205,0.22084955670643872,0.26692326179929327,0.22084955670643872,0.9971325397491455
221,unknown,unknown_absolute_residual,7,0.2910587567538082,0.9694540037212461,0.2186342654284507,0.3781342890144199,0.3854782329974644,0.3781342890144199,0.120462526636203,0.24919176993914827,0.25299076001535103,0.24919176993914827,0.8577217970575605
222,unknown,unknown_absolute_residual,12,0.2910587567538082,0.9694540037212461,0.20531291003313237,0.3591450434173453,0.36106116967092533,0.3591450434173453,0.14093666850684758,0.21922667313003982,0.2437655162539285,0.21922667313003982,0.987086554368337
223,unknown,unknown_absolute_residual,13,0.2667082435645378,0.8883476911426732,0.18100114761902894,0.2935247765039994,0.30354462345089694,0.2935247765039994,0.12927830965665368,0.20245192508274154,0.20745988439928195,0.20245192508274154,0.9432366352814895
224,unknown,unknown_absolute_residual,4,0.0637663520870766,0.21239197893573153,0.01620138632828851,0.13068421758408869,0.1766761196905998,0.13068421758408869,0.01854370448690885,0.15639914380810094,0.2094302739077525,0.15639914380810094,0.9908570349216461
225,unknown,unknown_absolute_residual,5,0.11429282267791585,0.38068476543184515,0.023935246390968376,0.2581314012745409,0.31909360113501944,0.2581314012745409,0.03091186242527483,0.31684584999778864,0.3939855193964616,0.31684584999778864,0.8690553545951843
226,unknown,unknown_absolute_residual,9,0.27240653488804,0.9073274717187715,0.21837946929320146,0.42074278030452317,0.546640003057457,0.42074278030452317,0.3357823575869555,0.5179386031139268,0.6662054299434466,0.5179386031139268,0.9142141805754768
227,unknown,unknown_absolute_residual,5,0.14921318985608412,0.4969969841393769,0.03619846820895142,0.17491148158221065,0.21979935629921277,0.17491148158221065,0.04815081950553394,0.2421125962226151,0.2876265697429473,0.2421125962226151,0.8559685468673706
228,unknown,unknown_absolute_residual,11,0.2910587567538082,0.9694540037212461,0.31378612931690336,0.558496020386215,0.5756502549025088,0.558496020386215,0.3904755982867683,0.6526973001504562,0.7912164655526353,0.6526973001504562,0.8758016445420005
229,unknown,unknown_absolute_residual,8,0.27240653488804,0.9073274717187715,0.38406561532548356,0.5170535480982261,0.5367915523987911,0.5170535480982261,0.47603996538093507,0.6358016299691337,0.708626171694592,0.6358016299691337,0.9499044716358185
230,unknown,unknown_insufficient_support,3,0.0805638455016493,0.2683408101094073,0.01269817704046246,0.16329476952317482,0.2009439176438529,0.16329476952317482,0.027610861807532992,0.2172186849622834,0.26462064075097097,0.2172186849622834,0.9092353383700053
231,unknown,unknown_absolute_residual,4,0.27240653488804,0.9073274717187715,0.2531589986351609,0.26673837850452053,0.2722893993305019,0.26673837850452053,0.1541044489176132,0.1596559252719793,0.1605212906985082,0.1596559252719793,0.8364881053566933
232,unknown,unknown_absolute_residual,5,0.18424258062216836,0.6136723369267212,0.19977021458531377,0.2164140350864183,0.22416215807664558,0.2164140350864183,0.12174435842060394,0.13663464158038974,0.14123315006604023,0.13663464158038974,0.9360352516174316
233,unknown,unknown_absolute_residual,18,0.2910587567538082,0.9694540037212461,0.03217356204301556,0.4614561924699025,0.5018751247368602,0.4614561924699025,0.027344321448089775,0.25061548569691516,0.2547471761320848,0.25061548569691516,0.9990873104996152
234,unknown,unknown_absolute_residual,18,0.2910587567538082,0.9694540037212461,0.05614625921454304,0.4588724926045831,0.4947383196262479,0.4588724926045831,0.05034336782699064,0.23721108472610278,0.24445747224401623,0.23721108472610278,0.9998963707023196
235,unknown,unknown_absolute_residual,9,0.2667082435645378,0.8883476911426732,0.17745270407817346,0.28405028656011067,0.3357756249315987,0.28405028656011067,0.112991500759314,0.14805393742973036,0.15741394952213936,0.14805393742973036,0.9914393756124709
236,unknown,unknown_low_excitation,4,0.036042407995161785,0.12004949490050713,0.015850942970094668,0.04592747422333106,0.056148269248292804,0.04592747422333106,0.017708363822789234,0.05818921093935574,0.06978810066122988,0.05818921093935574,0.9999996423721313
237,unknown,unknown_insufficient_support,3,0.0974831265495828,0.3246952896479774,0.01877464624643168,0.1544700202392653,0.1883938637374737,0.1544700202392653,0.028024638028296897,0.20737182667432938,0.2522086238358375,0.20737182667432938,0.9936803778012594
238,unknown,unknown_insufficient_support,3,0.0974831265495828,0.3246952896479774,0.022769302038617996,0.12528853215285454,0.15091833968141366,0.12528853215285454,0.02697074120749308,0.17869956377081803,0.21663176941164924,0.17869956377081803,0.9889888167381287
239,unknown,unknown_insufficient_support,2,0.0637663520870766,0.21239197893573153,0.045294884687506295,0.0452948846875064,0.04529488468750642,0.0452948846875064,0.07215846783645119,0.07215846783645129,0.07215846783645131,0.07215846783645129,0.9861859679222107
240,unknown,unknown_insufficient_support,1,0.0,0.0,0.0,0.0,0.0,0.0,0.0,0.0,0.0,0.0,1.0
241,unknown,unknown_insufficient_support,2,0.2820648510523427,0.9394972417649233,0.49288410652221104,0.49288410652221115,0.4928841065222112,0.49288410652221115,0.6332859560687191,0.6332859560687191,0.6332859560687191,0.6332859560687191,0.7249513864517212
242,unknown,unknown_absolute_residual,4,0.2910587567538082,0.9694540037212461,0.026047071082856855,0.3397405775855218,0.4669158076785546,0.3397405775855218,0.015246894979691651,0.2201209960106213,0.3071589336261341,0.2201209960106213,0.998393639922142
243,unknown,unknown_absolute_residual,18,0.2910587567538082,0.9694540037212461,0.048620304872568416,0.2982959726007959,0.5161207168012655,0.2982959726007959,0.044117711351994694,0.2168836214322788,0.2904769306697228,0.2168836214322788,0.9656822201278474
244,unknown,unknown_absolute_residual,18,0.2910587567538082,0.9694540037212461,0.05847963519633052,0.4101822178051455,0.5398362712538484,0.4101822178051455,0.05926560318565025,0.2683322513434183,0.3309030790527526,0.2683322513434183,0.9987424711386362
245,unknown,unknown_insufficient_support,3,0.022634408063723077,0.07539033617805657,0.011573778588092104,0.014303409074741827,0.014985816696404256,0.014303409074741827,0.011707433345310492,0.022209701957903605,0.024835269111051883,0.022209701957903605,0.9999997615814209
246,unknown,unknown_absolute_residual,4,0.0974831265495828,0.3246952896479774,0.0701591633652888,0.09911602671142664,0.11002884369706674,0.09911602671142664,0.100707606879671,0.13697369181840285,0.14892722652962717,0.13697369181840285,0.9994921088218689
247,unknown,unknown_insufficient_support,3,0.0974831265495828,0.3246952896479774,0.027549819295147913,0.1341846293010241,0.16084333180249313,0.1341846293010241,0.03174446843958495,0.18671139479170412,0.22545312637973391,0.18671139479170412,0.9999942382176717
248,unknown,unknown_absolute_residual,11,0.2910587567538082,0.9694540037212461,0.36936807761553025,0.6812970102205442,0.6890119194208153,0.6812970102205442,0.4530353872915126,0.8806159693379955,0.8974626283935924,0.8806159693379955,0.8243698667396199
249,unknown,unknown_insufficient_support,2,0.29046796933582775,0.9674862181301266,0.5109093224284792,0.5109093224284792,0.5109093224284792,0.5109093224284792,0.6531918931790417,0.6531918931790418,0.6531918931790418,0.6531918931790418,0.7015834599733353
250,unknown,unknown_insufficient_support,2,0.18424258062216836,0.6136723369267212,0.47498056249159737,0.4749805624915975,0.47498056249159754,0.4749805624915975,0.5424746028419211,0.5424746028419211,0.5424746028419211,0.5424746028419211,0.7187983691692352
251,unknown,unknown_absolute_residual,12,0.2910587567538082,0.9694540037212461,0.05674144238421777,0.4716777414577554,0.5015702259663124,0.4716777414577554,0.0684841270373306,0.2511120093147578,0.25469919571185495,0.2511120093147578,0.9025198916594187
252,unknown,unknown_absolute_residual,17,0.2910587567538082,0.9694540037212461,0.038033511152822656,0.47859719829975905,0.5167496546154312,0.47859719829975905,0.0358409873762516,0.2711953539855974,0.35886029739552067,0.2711953539855974,0.9833849423071918
253,unknown,unknown_absolute_residual,21,0.2910587567538082,0.9694540037212461,0.08173388692754256,0.37365161558080007,0.5357833326737338,0.37365161558080007,0.0784235386442247,0.3113047623758019,0.32593279237984674,0.3113047623758019,0.992772618929545
254,unknown,unknown_absolute_residual,6,0.2910587567538082,0.9694540037212461,0.10822632215310836,0.40172639071191907,0.4884789119948606,0.40172639071191907,0.055735490160195314,0.3052544835183623,0.37149245253998014,0.3052544835183623,0.9999990463256836
255,unknown,unknown_insufficient_support,3,0.022634408063723077,0.07539033617805657,0.024818473225897933,0.03924559145224451,0.04285237100883115,0.03924559145224451,0.033376310863527284,0.03713579621451967,0.03807566755226777,0.03713579621451967,0.9999990463256836
256,unknown,unknown_insufficient_support,2,0.0805638455016493,0.2683408101094073,0.0795386553218239,0.0795386553218239,0.0795386553218239,0.0795386553218239,0.11087348665118837,0.11087348665118862,0.11087348665118868,0.11087348665118862,0.9405409097671509
257,unknown,unknown_insufficient_support,3,0.20256205068618194,0.6746905443762626,0.17490906218419244,0.3062587651604197,0.33909619090447657,0.3062587651604197,0.23918780271270249,0.4155660435915062,0.4596606038112071,0.4155660435915062,0.934005339940389
258,unknown,unknown_absolute_residual,7,0.27529320163260307,0.9169423366489228,0.41426498602157136,0.6852503866117715,0.6930538258556516,0.6852503866117715,0.5289096457018388,0.8076579927394538,0.810395444940238,0.8076579927394538,0.718212046793529
259,unknown,unknown_absolute_residual,6,0.2910587567538082,0.9694540037212461,0.1985811477494344,0.5647791442876144,0.7256429499991375,0.5647791442876144,0.22129335117448626,0.6957898738639061,0.8484505245817767,0.6957898738639061,0.7071485072374344
260,unknown,unknown_insufficient_support,3,0.022634408063723077,0.07539033617805657,0.02899205054346984,0.03101851466754188,0.03152513069855989,0.03101851466754188,0.019452259888251014,0.02174883359639543,0.022322977023431535,0.02174883359639543,1.0
261,unknown,unknown_absolute_residual,24,0.2910587567538082,0.9694540037212461,0.07426994295186655,0.4279301244144337,0.4849742524753147,0.4279301244144337,0.07338072425205446,0.21322375298951232,0.23326568822257063,0.21322375298951232,0.9537839281062285
262,unknown,unknown_absolute_residual,17,0.2910587567538082,0.9694540037212461,0.05859920995985892,0.4946627255382606,0.5398754322978142,0.4946627255382606,0.06345603745266734,0.29454035014530794,0.31907670349781836,0.29454035014530794,0.9680757312213674
263,unknown,unknown_absolute_residual,13,0.2910587567538082,0.9694540037212461,0.1729337697563195,0.41836073803203927,0.4769900109188754,0.41836073803203927,0.16158929966991223,0.257077228365434,0.2785558670363717,0.257077228365434,0.967598034785344
264,unknown,unknown_insufficient_support,2,0.0805638455016493,0.2683408101094073,0.05650639128536389,0.05650639128536403,0.05650639128536406,0.05650639128536403,0.08786344144867175,0.08786344144867185,0.08786344144867186,0.08786344144867185,0.9986750781536102
265,unknown,unknown_absolute_residual,7,0.18424258062216836,0.6136723369267212,0.16341774015730567,0.22236664279759172,0.22530619018131723,0.22236664279759172,0.20881833002989808,0.2465253107214297,0.2678284204094397,0.2465253107214297,0.8270925326006753
266,unknown,unknown_absolute_residual,4,0.14921318985608412,0.4969969841393769,0.06770594658557852,0.2752659601364735,0.35850937884295725,0.2752659601364735,0.09747832183103526,0.3368908378901757,0.428970909406608,0.3368908378901757,0.9296738803386688
267,unknown,unknown_absolute_residual,5,0.1667285945502559,0.5553370230955853,0.09250682387272634,0.3748927031265455,0.41350591196795794,0.3748927031265455,0.14361212451878874,0.4562425906168494,0.5179963669012082,0.4562425906168494,0.7342353820800781
268,unknown,unknown_absolute_residual,8,0.2524740079835184,0.8409365195021548,0.09642815982731504,0.39817068976904757,0.42824524866017316,0.39817068976904757,0.061316887622644915,0.23528830886824478,0.24805662236909212,0.23528830886824478,0.9000825211405754
269,unknown,unknown_absolute_residual,9,0.2910587567538082,0.9694540037212461,0.12180844628170473,0.23008299973791133,0.4056386070344069,0.23008299973791133,0.06080752804351454,0.17375626854317913,0.23886645299540238,0.17375626854317913,0.9290914336840311
270,unknown,unknown_absolute_residual,11,0.2910587567538082,0.9694540037212461,0.20863331142458047,0.37335877746600904,0.41082429276739413,0.37335877746600904,0.16568888125506456,0.2214062077849571,0.25280563479362683,0.2214062077849571,0.8248676440932534
271,unknown,unknown_absolute_residual,7,0.23769420875975633,0.7917081929213747,0.196501787996356,0.25908874165484574,0.30173590948314105,0.25908874165484574,0.1347056589752968,0.17311210322019124,0.18692203493706444,0.17311210322019124,0.9988317149026054
272,unknown,unknown_low_excitation,4,0.036042407995161785,0.12004949490050713,0.026343553450903917,0.027506274193661535,0.027701188643944958,0.027506274193661535,0.02864793924855799,0.03075613957047085,0.03118210808210743,0.03075613957047085,0.9999998211860657
273,unknown,unknown_low_excitation,4,0.036042407995161785,0.12004949490050713,0.023915284814649797,0.041368426542852756,0.04542595018013055,0.041368426542852756,0.012930807215038791,0.03887855466256162,0.0491585284123024,0.03887855466256162,0.9999991655349731
274,unknown,unknown_absolute_residual,4,0.18424258062216836,0.6136723369267212,0.26567195690568185,0.28716997855321935,0.29466542806358736,0.28716997855321935,0.34640089400724505,0.37861823966389513,0.38850233970157083,0.37861823966389513,0.938901498913765
275,unknown,unknown_absolute_residual,20,0.2910587567538082,0.9694540037212461,0.05894176364933146,0.4500054674014187,0.49462716847027743,0.4500054674014187,0.041292792889789945,0.23381888729618377,0.24443440270585073,0.23381888729618377,0.9066598623991012
276,unknown,unknown_absolute_residual,21,0.2910587567538082,0.9694540037212461,0.0683130592680552,0.44790069767287005,0.49242811337920916,0.44790069767287005,0.05235576466910908,0.25222763805178483,0.25794585202416775,0.25222763805178483,0.952352055481502
277,unknown,unknown_insufficient_support,2,0.010737640273186466,0.03576476608867022,0.0165682663466356,0.01656826634663574,0.016568266346635774,0.01656826634663574,0.01597969803591573,0.015979698035915903,0.015979698035915944,0.015979698035915903,1.0
278,unknown,unknown_absolute_residual,6,0.0974831265495828,0.3246952896479774,0.030333224824902114,0.1434391148569725,0.16778476642309997,0.1434391148569725,0.018359205783141423,0.20207207278404335,0.23085240219247324,0.20207207278404335,0.9199390212694804
279,unknown,unknown_absolute_residual,5,0.1312434945292582,0.43714380097272953,0.036219814495791945,0.21019416929995627,0.325017337377061,0.21019416929995627,0.045898692096908396,0.27435145851249765,0.4249651517038209,0.27435145851249765,0.9449806451797486
280,unknown,unknown_absolute_residual,5,0.20256205068618194,0.6746905443762626,0.08591093264740346,0.41355173823198665,0.6091317650088129,0.41355173823198665,0.08746183907327998,0.5174869852312511,0.759783059299079,0.5174869852312511,0.7999739289283753
281,unknown,unknown_absolute_residual,10,0.2910587567538082,0.9694540037212461,0.06390771563178506,0.4782863122022769,0.5153299846547789,0.4782863122022769,0.06610673507954797,0.23777118185414414,0.2494181075190307,0.23777118185414414,0.8927850067615509
282,unknown,unknown_insufficient_support,2,0.010737640273186466,0.03576476608867022,0.00860604809287012,0.008606048092870326,0.008606048092870378,0.008606048092870326,0.004876101889975993,0.00487610188997616,0.004876101889976202,0.00487610188997616,1.0
283,unknown,unknown_insufficient_support,1,0.0,0.0,0.0,0.0,0.0,0.0,0.0,0.0,0.0,0.0,1.0
284,unknown,unknown_insufficient_support,2,0.013986480386391165,0.04658595247153026,0.053036039715549085,0.053036039715549085,0.053036039715549085,0.053036039715549085,0.04773711277813614,0.04773711277813632,0.04773711277813636,0.04773711277813632,0.9999573230743408
285,unknown,unknown_insufficient_support,2,0.013986480386391165,0.04658595247153026,0.05847637755507954,0.05847637755507954,0.05847637755507954,0.05847637755507954,0.05398992012406474,0.053989920124064915,0.053989920124064956,0.053989920124064915,0.9981792271137238
286,unknown,unknown_insufficient_support,2,0.013986480386391165,0.04658595247153026,0.027112170997663377,0.027112170997663377,0.027112170997663377,0.027112170997663377,0.03151797957489427,0.03151797957489429,0.0315179795748943,0.03151797957489429,0.9999999403953552
287,unknown,unknown_insufficient_support,1,0.0,0.0,0.0,0.0,0.0,0.0,0.0,0.0,0.0,0.0,1.0
288,unknown,unknown_insufficient_support,2,0.061440718554421014,0.20464579474747024,0.06606720765563502,0.06606720765563502,0.06606720765563502,0.06606720765563502,0.07868787490026868,0.07868787490026884,0.07868787490026888,0.07868787490026884,0.7897317111492157
289,unknown,unknown_insufficient_support,1,0.0,0.0,0.0,0.0,0.0,0.0,0.0,0.0,0.0,0.0,1.0
290,unknown,unknown_insufficient_support,3,0.044521437506487516,0.14829131520890015,0.05217694505145595,0.09146635566195377,0.10128870831457822,0.09146635566195377,0.0654361567939783,0.11324742078890693,0.12520023678763909,0.11324742078890693,0.9999584356943766
291,unknown,unknown_insufficient_support,1,0.0,0.0,0.0,0.0,0.0,0.0,0.0,0.0,0.0,0.0,1.0
292,unknown,unknown_insufficient_support,2,0.02772394409191481,0.09234248403522441,0.03140526837566805,0.031405268375668226,0.03140526837566827,0.031405268375668226,0.04497617872834017,0.044976178728340324,0.04497617872834036,0.044976178728340324,0.9999940991401672
293,unknown,unknown_insufficient_support,2,0.013986480386391165,0.04658595247153026,0.0492187074731297,0.049218707473130056,0.04921870747313014,0.049218707473130056,0.053648848878953756,0.05364884887895377,0.05364884887895378,0.05364884887895377,1.0
294,unknown,unknown_absolute_residual,5,0.14820017262700658,0.4936228420262141,0.07922751625780641,0.32299126727517674,0.3530436959001576,0.32299126727517674,0.09664924329167851,0.40140684398738796,0.4353533111865078,0.40140684398738796,0.9783828258514404
295,unknown,unknown_absolute_residual,5,0.11317078186092233,0.3769474892388697,0.13965079711299622,0.1570751976970387,0.1686900370712392,0.1570751976970387,0.1602509249582775,0.21505480152096895,0.23086588141491168,0.21505480152096895,0.9695535063743591
296,unknown,unknown_absolute_residual,4,0.09520108653409642,0.3170943060722224,0.05150873998317465,0.1490322976400762,0.18236990717961488,0.1490322976400762,0.05995052051236506,0.19054424571094158,0.236481422808831,0.19054424571094158,0.863988608121872
297,unknown,unknown_absolute_residual,7,0.09520108653409642,0.3170943060722224,0.054491077883196265,0.10143387331116284,0.10587170527079189,0.10143387331116284,0.08318256962973426,0.134827114987986,0.146226839524989,0.134827114987986,0.8635142956461225
298,unknown,unknown_insufficient_support,2,0.07825041468275407,0.260635270531338,0.0696453030851684,0.0696453030851684,0.0696453030851684,0.0696453030851684,0.10294862147279013,0.10294862147279032,0.10294862147279037,0.10294862147279032,0.7724307775497437
299,unknown,unknown_insufficient_support,1,0.0,0.0,0.0,0.0,0.0,0.0,0.0,0.0,0.0,0.0,1.0
300,unknown,unknown_absolute_residual,8,0.22822369543446974,0.7601639536657235,0.12543615008814452,0.3281832326483401,0.4264216956744772,0.3281832326483401,0.18112683401355295,0.44284064037662113,0.5232240958486327,0.44284064037662113,0.847433365881443
301,unknown,unknown_insufficient_support,3,0.18567248487514743,0.6184350398890002,0.06393254591093216,0.37862357573674027,0.4572963331931923,0.37862357573674027,0.08898963943749018,0.5059586184463107,0.6102008631985159,0.5059586184463107,0.9669003883997599
302,unknown,unknown_insufficient_support,2,0.02772394409191481,0.09234248403522441,0.03784489365153171,0.03784489365153189,0.03784489365153193,0.03784489365153189,0.050868988307007666,0.05086898830700784,0.05086898830700788,0.05086898830700784,0.9999998807907104
303,unknown,unknown_absolute_residual,4,0.14820017262700658,0.4936228420262141,0.11979581924884218,0.23491606612652746,0.2550380129593484,0.23491606612652746,0.152941182691325,0.31205438433211946,0.3411625372098074,0.31205438433211946,0.9996140599250793
304,unknown,unknown_absolute_residual,5,0.23925079363744128,0.7968928417484157,0.03590127058228257,0.47114431328262224,0.7341553674355199,0.47114431328262224,0.041152238630135916,0.6180098136692342,0.9670262015698786,0.6180098136692342,0.9884697198867798
305,unknown,unknown_insufficient_support,1,0.0,0.0,0.0,0.0,0.0,0.0,0.0,0.0,0.0,0.0,1.0
306,unknown,unknown_insufficient_support,2,0.013986480386391165,0.04658595247153026,0.0412293183446055,0.041229318344605706,0.041229318344605755,0.041229318344605706,0.04611602515104399,0.04611602515104411,0.04611602515104415,0.04611602515104411,0.9999995827674866
307,unknown,unknown_insufficient_support,3,0.11317078186092233,0.3769474892388697,0.08129459444573059,0.24756803532509203,0.28913639554493237,0.24756803532509203,0.09164364034063556,0.3064970507066514,0.36021040329815535,0.3064970507066514,0.9999748865763346
308,unknown,unknown_absolute_residual,6,0.14820017262700658,0.4936228420262141,0.11075080502157897,0.2705533819492953,0.30394554726725065,0.2705533819492953,0.13223510472453995,0.33791418643848836,0.37571422444022956,0.33791418643848836,0.9815603593985239
309,unknown,unknown_absolute_residual,13,0.2550163487586464,0.8494045088207389,0.25506332174025026,0.7129311435905741,0.776814947650217,0.7129311435905741,0.3448440830652544,0.8527215323789548,0.9155420185774128,0.8527215323789548,0.8675778187238253
310,unknown,unknown_absolute_residual,5,0.09520108653409642,0.3170943060722224,0.059916339353488286,0.09603974020917017,0.11202403979139318,0.09603974020917017,0.09653547608944828,0.12955427306290357,0.15027058931499931,0.12955427306290357,0.8868971347808838
311,unknown,unknown_insufficient_support,3,0.18567248487514743,0.6184350398890002,0.10377938436522743,0.42134132161998117,0.5007318059336696,0.42134132161998117,0.12774353313396747,0.5484139295941299,0.6535815287091705,0.5484139295941299,0.9927024443944296
312,unknown,unknown_insufficient_support,2,0.20165180076459455,0.6716586980208675,0.20290046574149118,0.20290046574149131,0.20290046574149134,0.20290046574149131,0.114490189428858,0.11449018942885804,0.11449018942885804,0.11449018942885804,1.0
313,unknown,unknown_insufficient_support,1,0.0,0.0,0.0,0.0,0.0,0.0,0.0,0.0,0.0,0.0,1.0
314,unknown,unknown_insufficient_support,2,0.013986480386391165,0.04658595247153026,0.03905662749349276,0.039056627493492965,0.039056627493493014,0.039056627493492965,0.043723724808615555,0.04372372480861569,0.04372372480861572,0.04372372480861569,0.9999998807907104
315,unknown,unknown_absolute_residual,5,0.14820017262700658,0.4936228420262141,0.06067248496094065,0.2258707010141382,0.3070298096277063,0.2258707010141382,0.06324391373513219,0.28111562360315434,0.38471512678619,0.28111562360315434,0.9664050340652466
316,unknown,unknown_absolute_residual,7,0.16651964269102015,0.5546410494757555,0.08572622235756336,0.2890071886695047,0.31778311200232706,0.2890071886695047,0.10078062439285043,0.3592342180812562,0.39407774670818146,0.3592342180812562,0.9932492119925362
317,unknown,unknown_absolute_residual,11,0.2550163487586464,0.8494045088207389,0.14366559785401473,0.7124116162905375,0.7381850838102998,0.7124116162905375,0.1627130288368013,0.879842279681131,0.9054604721292436,0.879842279681131,0.8929800391197205
318,unknown,unknown_absolute_residual,14,0.2550163487586464,0.8494045088207389,0.3217908212499381,0.6146645530910207,0.7247858892405592,0.6146645530910207,0.36926205729933237,0.7718141017149984,0.9290874373427909,0.7718141017149984,0.8871864080429077
319,unknown,unknown_absolute_residual,19,0.2550163487586464,0.8494045088207389,0.2505113483538589,0.57670472516213,0.697080595738479,0.57670472516213,0.28856857107009126,0.7495808138913133,0.908920699462785,0.7495808138913133,0.8848189648829008
320,unknown,unknown_absolute_residual,5,0.16651964269102015,0.5546410494757555,0.12259730557477168,0.19231081900604,0.23815440313543007,0.19231081900604,0.06362656213537494,0.13022544751557275,0.16839934511467725,0.13022544751557275,0.999989104270935
321,unknown,unknown_absolute_residual,5,0.2550163487586464,0.8494045088207389,0.1532306582088376,0.25885996721511717,0.31845764810732063,0.25885996721511717,0.07961483896197265,0.20856194396480324,0.21288191079732374,0.20856194396480324,0.9999105572700501
322,unknown,unknown_absolute_residual,8,0.2550163487586464,0.8494045088207389,0.0875650921910209,0.19240299627943333,0.3194847689248927,0.19240299627943333,0.052985949789267316,0.14344377200670816,0.1942156187079314,0.14344377200670816,0.8995608948171139
323,unknown,unknown_absolute_residual,9,0.2550163487586464,0.8494045088207389,0.17887998390113793,0.25902483852123714,0.32216586433923594,0.25902483852123714,0.11008575123256831,0.20086596507164198,0.23570992791722117,0.20086596507164198,0.9905703398916457
324,unknown,unknown_insufficient_support,3,0.20165180076459455,0.6716586980208675,0.14089573198059507,0.2561524913069209,0.2849666811385024,0.2561524913069209,0.08774568749084323,0.14702869643711614,0.16184944867368437,0.14702869643711614,1.0
325,unknown,unknown_insufficient_support,1,0.0,0.0,0.0,0.0,0.0,0.0,0.0,0.0,0.0,0.0,1.0
326,unknown,unknown_absolute_residual,4,0.13068618655509412,0.4352875281950781,0.14835385129356268,0.1920597706054512,0.19985112316697023,0.1920597706054512,0.18168540959195656,0.23065660322803597,0.2396383442585261,0.23065660322803597,0.9975060820579529
327,unknown,unknown_absolute_residual,6,0.2460224430571809,0.8194477468644162,0.0673420788100956,0.4971754311114778,0.6867782365410552,0.4971754311114778,0.08109967181497425,0.5982438445059819,0.8170198668060171,0.5982438445059819,0.9324824512004852
328,unknown,unknown_insufficient_support,3,0.061440718554421014,0.20464579474747024,0.03438508212981178,0.10998483818296179,0.12888477719624927,0.10998483818296179,0.0464088829561834,0.14372279287638584,0.16805127035643644,0.14372279287638584,0.9901466766993204
329,unknown,unknown_absolute_residual,5,0.2550163487586464,0.8494045088207389,0.13492921732107532,0.7574359847028551,0.9571176736761551,0.7574359847028551,0.17480464369084747,0.9368677047970133,1.1636759031872594,0.9368677047970133,0.8401349663734436
330,unknown,unknown_absolute_residual,4,0.22822369543446974,0.7601639536657235,0.10778791506229574,0.25534555799266656,0.29933383427008564,0.25534555799266656,0.06460975816010515,0.160045720417366,0.18839787901278127,0.160045720417366,1.0
331,unknown,unknown_absolute_residual,16,0.2550163487586464,0.8494045088207389,0.05124780223744729,0.198677066967621,0.45789793354778047,0.198677066967621,0.049958082357833763,0.1573059151734591,0.2997612075692119,0.1573059151734591,0.9372235890477896
332,unknown,unknown_absolute_residual,7,0.22822369543446974,0.7601639536657235,0.10559177938189064,0.29330746980899997,0.38033244204804545,0.29330746980899997,0.08263522553914165,0.169916209889213,0.22129561607324477,0.169916209889213,0.9145054774624961
333,unknown,unknown_insufficient_support,2,0.061440718554421014,0.20464579474747024,0.07094781914690633,0.07094781914690633,0.07094781914690633,0.07094781914690633,0.046251595526412094,0.04625159552641213,0.046251595526412136,0.04625159552641213,1.0
334,unknown,unknown_insufficient_support,1,0.0,0.0,0.0,0.0,0.0,0.0,0.0,0.0,0.0,0.0,1.0
335,unknown,unknown_insufficient_support,2,0.11317078186092233,0.3769474892388697,0.16931564599279025,0.1693156459927904,0.16931564599279042,0.1693156459927904,0.20400093112471346,0.20400093112471357,0.2040009311247136,0.20400093112471357,0.9163132607936859
336,unknown,unknown_insufficient_support,3,0.13068618655509412,0.4352875281950781,0.06086152092772901,0.26047599433130986,0.31037961268220504,0.26047599433130986,0.06497655683934242,0.31455697398539173,0.376952078271904,0.31455697398539173,0.6421354711055756
337,unknown,unknown_absolute_residual,10,0.2550163487586464,0.8494045088207389,0.09150790558837679,0.7994695765529289,0.907433830042924,0.7994695765529289,0.1089977233291454,0.9879221569721209,1.1325310849415253,0.9879221569721209,0.8456328332424163
338,unknown,unknown_absolute_residual,4,0.09520108653409642,0.3170943060722224,0.08734280200078963,0.17737349714993172,0.20373842345179252,0.17737349714993172,0.11297952314799359,0.22142257964341802,0.2532875435573335,0.22142257964341802,0.8514287620782852
339,unknown,unknown_absolute_residual,9,0.2550163487586464,0.8494045088207389,0.05917599202475314,0.2679598606443666,0.4221844359910717,0.2679598606443666,0.0564572619294019,0.13886106593323463,0.23983270635757387,0.13886106593323463,0.9874125454160902
340,unknown,unknown_absolute_residual,6,0.23066583556937603,0.768298196242166,0.07427721360809392,0.2443159890008142,0.3676742100629213,0.2443159890008142,0.04004300230105574,0.16442939433301776,0.22340414401141,0.16442939433301776,0.999990979830424
341,unknown,unknown_absolute_residual,12,0.2550163487586464,0.8494045088207389,0.10708389062918283,0.3912381232389065,0.41129557105509296,0.3912381232389065,0.11413832390179851,0.2635863964086868,0.3559297681944562,0.2635863964086868,0.9812282423178355
342,unknown,unknown_absolute_residual,9,0.2550163487586464,0.8494045088207389,0.09405439306028818,0.3197776070137065,0.4217364976547153,0.3197776070137065,0.08445358894531475,0.23634523329608786,0.27165940212975204,0.23634523329608786,0.8609514103995429
343,unknown,unknown_insufficient_support,1,0.0,0.0,0.0,0.0,0.0,0.0,0.0,0.0,0.0,0.0,1.0
344,unknown,unknown_insufficient_support,1,0.0,0.0,0.0,0.0,0.0,0.0,0.0,0.0,0.0,0.0,1.0
345,unknown,unknown_absolute_residual,5,0.14820017262700658,0.4936228420262141,0.11357555331972764,0.2319156563496977,0.24864969861574954,0.2319156563496977,0.14973612233371042,0.2900858653115542,0.30981896011160415,0.2900858653115542,0.8750050485134124
346,unknown,unknown_absolute_residual,6,0.2550163487586464,0.8494045088207389,0.27272601399939095,0.6456201584399583,0.7183431166193578,0.6456201584399583,0.36393546686844813,0.7924529174403903,0.86373371847657,0.7924529174403903,0.9214899043242136
347,unknown,unknown_absolute_residual,5,0.2550163487586464,0.8494045088207389,0.3605065697259127,0.7802499556594749,0.8077405813849916,0.7802499556594749,0.38440845828126624,0.9842937872284181,1.0159256599077766,0.9842937872284181,0.8469010591506958
348,unknown,unknown_insufficient_support,2,0.18567248487514743,0.6184350398890002,0.20452114567490715,0.20452114567490723,0.20452114567490726,0.20452114567490723,0.11865513807265224,0.11865513807265225,0.11865513807265225,0.11865513807265225,0.9999975562095642
349,unknown,unknown_absolute_residual,6,0.2550163487586464,0.8494045088207389,0.11006446276092553,0.3554855672384743,0.3933027492339194,0.3554855672384743,0.11977940031858952,0.2897152781316036,0.32711138551734975,0.2897152781316036,0.9384140372276306
350,unknown,unknown_absolute_residual,12,0.25442556134066596,0.8474367232296195,0.08690691997730313,0.4150738616008793,0.4542802910368996,0.4150738616008793,0.08012592726358157,0.2774231337895758,0.2990630364697053,0.2774231337895758,0.9311624517043432
351,unknown,unknown_insufficient_support,1,0.0,0.0,0.0,0.0,0.0,0.0,0.0,0.0,0.0,0.0,1.0
352,unknown,unknown_absolute_residual,8,0.14820017262700658,0.4936228420262141,0.05095335294691963,0.25512168328804097,0.30232519048242135,0.25512168328804097,0.08436212120309691,0.3049744391585473,0.3550109898935548,0.3049744391585473,0.9129161313176155
353,unknown,unknown_insufficient_support,3,0.16651964269102015,0.5546410494757555,0.14605748698916265,0.31022714463611123,0.35126955904784835,0.31022714463611123,0.1846441252800637,0.41344885299954803,0.4706500349294191,0.41344885299954803,0.835280199845632
354,unknown,unknown_absolute_residual,5,0.23925079363744128,0.7968928417484157,0.2118117261477112,0.5965063734189505,0.7224165575950139,0.5965063734189505,0.24541561957236774,0.7533869453197791,0.9134856596884199,0.7533869453197791,0.784710305929184
355,unknown,unknown_absolute_residual,16,0.2550163487586464,0.8494045088207389,0.03571751515339014,0.294878957591929,0.4151579580990791,0.294878957591929,0.028456175248295818,0.2089480646270629,0.21400069268379432,0.2089480646270629,0.9870216771960258
356,unknown,unknown_absolute_residual,7,0.2550163487586464,0.8494045088207389,0.042790474895339194,0.19744253380501625,0.42745342765034017,0.19744253380501625,0.03453298794928723,0.12009018447435621,0.2188445169192914,0.12009018447435621,0.942721460546766
357,unknown,unknown_absolute_residual,17,0.2550163487586464,0.8494045088207389,0.06649044037534381,0.35001186387768984,0.44685132466324873,0.35001186387768984,0.07293161279538735,0.2099801863896248,0.2777381074453514,0.2099801863896248,0.9547392410390517
358,unknown,unknown_absolute_residual,5,0.09520108653409642,0.3170943060722224,0.10207689746485529,0.1370268006596978,0.13854243483374168,0.1370268006596978,0.06921361052021217,0.09707454662934738,0.10358172401305683,0.09707454662934738,0.95603346824646
359,unknown,unknown_insufficient_support,2,0.013986480386391165,0.04658595247153026,0.020469435939477136,0.0204694359394772,0.020469435939477212,0.0204694359394772,0.023133111222803412,0.02313311122280356,0.0231331112228036,0.02313311122280356,0.999539852142334
360,unknown,unknown_insufficient_support,2,0.044521437506487516,0.14829131520890015,0.06474230513191495,0.06474230513191495,0.06474230513191495,0.06474230513191495,0.08386012114987856,0.08386012114987856,0.08386012114987856,0.08386012114987856,0.9250929057598114
361,unknown,unknown_absolute_residual,19,0.2550163487586464,0.8494045088207389,0.028615702567020566,0.14773144093527263,0.43410534083117397,0.14773144093527263,0.028703651927168273,0.12898913912117274,0.22456395680998126,0.12898913912117274,0.9361581425917777
362,unknown,unknown_absolute_residual,11,0.2550163487586464,0.8494045088207389,0.034150017598730945,0.053920279965214236,0.4405158915509363,0.053920279965214236,0.03983750323092586,0.0547032101163635,0.24155062241592765,0.0547032101163635,0.9315760135650635
363,unknown,unknown_insufficient_support,3,0.061440718554421014,0.20464579474747024,0.04700139396474579,0.09564382006658328,0.10780442659204266,0.09564382006658328,0.05614599440317323,0.127284107322638,0.14506863555250418,0.127284107322638,0.9999880393346151
364,unknown,unknown_absolute_residual,4,0.061440718554421014,0.20464579474747024,0.06368686435681087,0.0798302443517914,0.08192690856515197,0.0798302443517914,0.08240716809810326,0.10620484703755834,0.10962360325910007,0.10620484703755834,0.9000882804393768
365,unknown,unknown_absolute_residual,13,0.2550163487586464,0.8494045088207389,0.03601882660872326,0.05480097379587924,0.4410334040080213,0.05480097379587924,0.03251857565314864,0.0625815232025452,0.2312347447223894,0.0625815232025452,0.9778666129479041
366,unknown,unknown_absolute_residual,5,0.06864934435443482,0.22865617402996957,0.030450477426279637,0.07682063310186407,0.08597635242368047,0.07682063310186407,0.037685091089950475,0.06598491404737407,0.07137911317744793,0.06598491404737407,0.9989681124687195
367,unknown,unknown_insufficient_support,3,0.03372897717626655,0.11234395532243785,0.009712224532895091,0.059145959133696524,0.07150439278389688,0.059145959133696524,0.023508216267755826,0.07397884858132685,0.0865965066597196,0.07397884858132685,0.9999998013178507
368,unknown,unknown_insufficient_support,3,0.03372897717626655,0.11234395532243785,0.036823519928581634,0.05076095687723166,0.05424531611439416,0.05076095687723166,0.051672242680953114,0.0645697798929422,0.06779416419593948,0.0645697798929422,0.9999988873799642
369,unknown,unknown_insufficient_support,2,0.0169192810479335,0.056354479538570076,0.025604880761567778,0.02560488076156779,0.025604880761567795,0.02560488076156779,0.03321440034194683,0.03321440034194699,0.03321440034194703,0.03321440034194699,1.0
370,unknown,unknown_insufficient_support,2,0.03372897717626655,0.11234395532243785,0.06073959903210538,0.060739599032105726,0.06073959903210581,0.060739599032105726,0.07222155800455221,0.07222155800455257,0.07222155800455266,0.07222155800455257,0.999997615814209
371,unknown,unknown_absolute_residual,17,0.2104949112521589,0.7011131936118388,0.16297788747901928,0.40984408533840583,0.445892748607027,0.40984408533840583,0.262421917223391,0.4746352478379754,0.5198125223214006,0.4746352478379754,0.8140873049988466
372,static,static_track,5,0.06864934435443482,0.22865617402996957,0.03331551547649781,0.046454412342793634,0.050242470294820554,0.046454412342793634,0.03163374887615378,0.06220699046322586,0.08094714940266885,0.06220699046322586,0.9169479966163635
373,unknown,unknown_absolute_residual,4,0.05067964902760891,0.16880299086332223,0.020982321100265978,0.05182010401551464,0.06357159900671902,0.05182010401551464,0.025618891733280837,0.05578847623177908,0.06437377271063228,0.05578847623177908,0.99665467441082
374,unknown,unknown_insufficient_support,3,0.03372897717626655,0.11234395532243785,0.03657324057703644,0.038210735042974536,0.03862010865945906,0.038210735042974536,0.05233862715373548,0.05280693263672403,0.052924009007471164,0.05280693263672403,0.9999691645304362
375,unknown,unknown_absolute_residual,4,0.06864934435443482,0.22865617402996957,0.050957206766155554,0.08215505540966946,0.08742328676003201,0.08215505540966946,0.06498425275688613,0.1198644038608391,0.1320862657278064,0.1198644038608391,0.8380384296178818
376,unknown,unknown_insufficient_support,2,0.06864934435443482,0.22865617402996957,0.08073052933444588,0.0807305293344459,0.0807305293344459,0.0807305293344459,0.11343448684675597,0.11343448684675599,0.11343448684675599,0.11343448684675599,0.9999488592147827
377,unknown,unknown_absolute_residual,5,0.2104949112521589,0.7011131936118388,0.15792398789964063,0.8082001749735359,0.8405187814542074,0.8082001749735359,0.22311976778172243,0.9480561724721275,0.9801793150448874,0.9480561724721275,0.9879953026771545
378,unknown,unknown_absolute_residual,5,0.18787444416089638,0.6257692918091584,0.18200554634291144,0.3647413268380687,0.480600219296924,0.3647413268380687,0.23600310012788803,0.4599562496346056,0.5991561336351561,0.4599562496346056,0.9396560192108154
379,unknown,unknown_absolute_residual,7,0.10367873512051906,0.34533152681731394,0.037159455590135504,0.10821528800257448,0.13345297341727363,0.10821528800257448,0.05552577141202838,0.14164002457104316,0.17011013228080127,0.14164002457104316,0.9999793086733136
380,unknown,unknown_absolute_residual,10,0.15713036325810703,0.5233673828119674,0.06992517544358266,0.1673172271098433,0.24492038672154007,0.1673172271098433,0.08886837116321582,0.24743042506985083,0.3374314851178074,0.24743042506985083,0.9862407624721528
381,unknown,unknown_absolute_residual,7,0.10367873512051906,0.34533152681731394,0.04053209004277244,0.08922863085097897,0.10793206584497753,0.08922863085097897,0.05906372886007973,0.12100376697965468,0.13638883971045693,0.12100376697965468,0.9994561076164246
382,static,static_track,4,0.05067964902760891,0.16880299086332223,0.018993112240912012,0.03648494190500661,0.042189720653037874,0.03648494190500661,0.025921514406407463,0.05481632633010659,0.0648655696921399,0.05481632633010659,0.9999305158853531
383,unknown,unknown_insufficient_support,3,0.03372897717626655,0.11234395532243785,0.029124313535672994,0.04630717799015146,0.05060289410377107,0.04630717799015146,0.04257323889693859,0.06176985747149548,0.0665690121151347,0.06176985747149548,0.9999999602635702
384,unknown,unknown_absolute_residual,13,0.2104949112521589,0.7011131936118388,0.04425268146940605,0.5653896076947729,0.6608577211923831,0.5653896076947729,0.039221994609444005,0.7276861132296639,0.8603945466236039,0.7276861132296639,0.9881154023683988
385,unknown,unknown_absolute_residual,7,0.18614439806288852,0.6200068810332658,0.1785552695349293,0.36699437003438606,0.4629950309593404,0.36699437003438606,0.22019063637647113,0.46440343872356127,0.5997447888560675,0.46440343872356127,0.9872137308120728
386,unknown,unknown_absolute_residual,6,0.18787444416089638,0.6257692918091584,0.1455568997469937,0.4399497153828589,0.5362229054959763,0.4399497153828589,0.17581847453120986,0.5587344730864826,0.6871239327018039,0.5587344730864826,0.9999106129010519
387,unknown,unknown_insufficient_support,1,0.0,0.0,0.0,0.0,0.0,0.0,0.0,0.0,0.0,0.0,1.0
388,unknown,unknown_insufficient_support,3,0.06864934435443482,0.22865617402996957,0.057788585632786986,0.12393627172201929,0.14047319324432736,0.12393627172201929,0.05831842966871392,0.16473615665946928,0.19134058840715812,0.16473615665946928,0.9904075662295023
389,unknown,unknown_absolute_residual,4,0.2015010055506934,0.671156431655516,0.3524212224766632,0.3713723067841062,0.3762115622937025,0.3713723067841062,0.4443722359607867,0.4729140028186762,0.4802615519538891,0.4729140028186762,0.9998425096273422
390,unknown,unknown_absolute_residual,4,0.05067964902760891,0.16880299086332223,0.02830689546601814,0.05427120080312603,0.06242162290399264,0.05427120080312603,0.03442615552486706,0.07416668585897085,0.08767700193219824,0.07416668585897085,0.9999991655349731
391,unknown,unknown_absolute_residual,9,0.1411510473686599,0.4701437246801,0.08613813902977305,0.1581424830978943,0.16236050333894314,0.1581424830978943,0.10357868200063063,0.2166098277250617,0.23304350928763506,0.2166098277250617,0.9999739991294013
392,unknown,unknown_absolute_residual,14,0.2104949112521589,0.7011131936118388,0.16717599518171466,0.6106759252557363,0.6622672942867914,0.6106759252557363,0.24093445592908758,0.7092278062882128,0.7670307627792968,0.7092278062882128,0.8682937707219806
393,unknown,unknown_absolute_residual,8,0.20990412383417845,0.6991454080207193,0.09666579322868821,0.6464538572120229,0.7738480479957979,0.6464538572120229,0.14131842550026075,0.779838045942256,0.9193195285828162,0.779838045942256,0.8686999827623367
394,unknown,unknown_absolute_residual,17,0.2104949112521589,0.7011131936118388,0.04138993167448785,0.6800960867493747,0.7251678034931507,0.6800960867493747,0.046902114769876865,0.8502366265281506,0.9214401049133307,0.8502366265281506,0.898209191420499
395,unknown,unknown_absolute_residual,9,0.2104949112521589,0.7011131936118388,0.21554024854585943,0.4606823988830935,0.5020222264239754,0.4606823988830935,0.2496982982025986,0.5317874424382024,0.6566884867582689,0.5317874424382024,0.960159162680308
396,unknown,unknown_absolute_residual,5,0.2104949112521589,0.7011131936118388,0.030509992872102702,0.2523402142780841,0.34699547475023557,0.2523402142780841,0.026038554196481243,0.14049187674207758,0.1785718950778193,0.14049187674207758,0.7307750463485718
397,unknown,unknown_absolute_residual,11,0.2104949112521589,0.7011131936118388,0.049302013077850586,0.27295863570894213,0.30821775568471194,0.27295863570894213,0.04744938444432121,0.16089572085849668,0.17081809913999835,0.16089572085849668,0.8749624788761139
398,unknown,unknown_absolute_residual,4,0.2104949112521589,0.7011131936118388,0.12820546729798235,0.20697671755837632,0.22563671120001277,0.20697671755837632,0.09435017900288749,0.11824591013107583,0.1245763480867552,0.11824591013107583,0.9605650901794434
399,unknown,unknown_absolute_residual,4,0.05067964902760891,0.16880299086332223,0.028353112255094993,0.051186963774652997,0.05786912075542203,0.051186963774652997,0.033767739363034524,0.07067220075104595,0.08294658711587787,0.07067220075104595,1.0
400,unknown,unknown_absolute_residual,7,0.12199820518453264,0.40634973426685533,0.07765010046057089,0.13005471848430938,0.15695532532498244,0.13005471848430938,0.08503022139717722,0.17135004792765793,0.21576878431701021,0.17135004792765793,0.9342777729034424
401,unknown,unknown_absolute_residual,9,0.2104949112521589,0.7011131936118388,0.09719446285898739,0.7006143425681297,0.7238064953726162,0.7006143425681297,0.10081850598244634,0.8875610619432084,0.9230076402169093,0.8875610619432084,0.8578306867016686
402,unknown,unknown_absolute_residual,12,0.2104949112521589,0.7011131936118388,0.07688309572732828,0.7273559461574501,0.7570646196499311,0.7273559461574501,0.08423059957914947,0.908898570350872,0.9565048633049347,0.908898570350872,0.9366896053155264
403,unknown,unknown_absolute_residual,8,0.2104949112521589,0.7011131936118388,0.02780063930553294,0.2572213559666131,0.7372964864590679,0.2572213559666131,0.02779240047551951,0.31918853787831447,0.9438241424224749,0.31918853787831447,0.892053559422493
404,unknown,unknown_absolute_residual,4,0.2104949112521589,0.7011131936118388,0.02375225504596859,0.23251013699075565,0.32178790795639844,0.23251013699075565,0.032974762687568,0.1360562366115217,0.1761557874583478,0.1360562366115217,1.0
405,unknown,unknown_absolute_residual,13,0.2104949112521589,0.7011131936118388,0.01972095064237077,0.09135263653225476,0.33929429242921405,0.09135263653225476,0.023053827901501588,0.07407524506468359,0.205248373723216,0.07407524506468359,0.9999975241147555
406,unknown,unknown_absolute_residual,15,0.2104949112521589,0.7011131936118388,0.02775280978875185,0.07331790579827031,0.33450535890025,0.07331790579827031,0.02161651073431746,0.06622693177245234,0.18733962211562702,0.06622693177245234,0.9994291067123413
407,unknown,unknown_absolute_residual,7,0.2104949112521589,0.7011131936118388,0.036257506266818,0.23865782362738253,0.3586470794831654,0.23865782362738253,0.04017429575050784,0.17088028674289008,0.22720444366431644,0.17088028674289008,0.9999771629061017
408,unknown,unknown_absolute_residual,6,0.0861647490486066,0.28699621298617795,0.0435914006672337,0.09150194867358742,0.10162838175854869,0.09150194867358742,0.05711593858516213,0.11520020799024704,0.11790746180845359,0.11520020799024704,0.9999998410542806
409,unknown,unknown_absolute_residual,7,0.10367873512051906,0.34533152681731394,0.057845837787704975,0.1266770105298182,0.1563735242492527,0.1266770105298182,0.07927239078227721,0.1589868727258508,0.18550763546606377,0.1589868727258508,0.9999423197337559
410,unknown,unknown_absolute_residual,6,0.10367873512051906,0.34533152681731394,0.05426757413519004,0.12471363426674495,0.14644007656875968,0.12471363426674495,0.07667779818715253,0.14565080629624189,0.1761306704689426,0.14565080629624189,0.9212860961755117
411,unknown,unknown_absolute_residual,9,0.2104949112521589,0.7011131936118388,0.1411896678424551,0.7701553397879888,0.7901657544298502,0.7701553397879888,0.14165568795264027,0.9613417270668737,0.9941641655271007,0.9613417270668737,0.6947658525572883
412,unknown,unknown_absolute_residual,12,0.2104949112521589,0.7011131936118388,0.10548212392177066,0.6870284974418923,0.7430006502695028,0.6870284974418923,0.11323520617107091,0.862978195293629,0.9396156973410221,0.862978195293629,0.7630476206541061
413,unknown,unknown_insufficient_support,2,0.0169192810479335,0.056354479538570076,0.012867523353675213,0.012867523353675213,0.012867523353675213,0.012867523353675213,0.010403563926456617,0.01040356392645672,0.010403563926456746,0.01040356392645672,1.0
414,unknown,unknown_absolute_residual,4,0.2104949112521589,0.7011131936118388,0.037464242951550646,0.24556558826888752,0.3308007093383901,0.24556558826888752,0.05428213845035922,0.143176001294831,0.18121283280516617,0.143176001294831,0.981031596660614
415,unknown,unknown_absolute_residual,4,0.2104949112521589,0.7011131936118388,0.06670252554531786,0.24446755958579527,0.31577224802128057,0.24446755958579527,0.0785125957142687,0.15138816087979173,0.17696707530632316,0.15138816087979173,0.999582052230835
416,unknown,unknown_absolute_residual,11,0.2104949112521589,0.7011131936118388,0.032785539737033464,0.13438598868685017,0.3879546751048492,0.13438598868685017,0.03213711551671274,0.13558529537999822,0.2504351757137277,0.13558529537999822,0.9457002986561168
417,unknown,unknown_absolute_residual,15,0.2104949112521589,0.7011131936118388,0.04125840856859536,0.20887742191586797,0.39074869092827963,0.20887742191586797,0.03478878953320637,0.20639682459982536,0.2598732957955038,0.20639682459982536,0.9765298088391622
418,unknown,unknown_absolute_residual,15,0.2104949112521589,0.7011131936118388,0.04115366934588667,0.19963179167874429,0.4054371462433823,0.19963179167874429,0.04209901276285488,0.1912848033693542,0.3005912688077195,0.1912848033693542,0.9997041622797648
419,unknown,unknown_insufficient_support,2,0.0169192810479335,0.056354479538570076,0.02505204555570139,0.02505204555570139,0.02505204555570139,0.02505204555570139,0.0311859430904079,0.0311859430904079,0.0311859430904079,0.0311859430904079,1.0
420,unknown,unknown_absolute_residual,7,0.10367873512051906,0.34533152681731394,0.04383645554204989,0.11557545805220569,0.15364395699567127,0.11557545805220569,0.06387931730509823,0.14712846713791178,0.1861783141303958,0.14712846713791178,0.9989695038114276
421,unknown,unknown_absolute_residual,7,0.10367873512051906,0.34533152681731394,0.07471334441988756,0.10765757791134473,0.11910039661871338,0.10765757791134473,0.0910584154096511,0.13837285232853852,0.1480169619815954,0.13837285232853852,0.973307592528207
422,unknown,unknown_absolute_residual,7,0.2104949112521589,0.7011131936118388,0.08059063809727172,0.8118303077189545,0.8276422311380377,0.8118303077189545,0.0811302399483014,1.0053205307416622,1.0302249829607568,1.0053205307416622,0.9810070225170681
423,unknown,unknown_absolute_residual,5,0.20990412383417845,0.6991454080207193,0.09917052915144312,0.5184144741957204,0.6720749209605132,0.5184144741957204,0.12714485477627616,0.6586652016180908,0.8466998276662081,0.6586652016180908,0.9908914923667907
424,unknown,unknown_absolute_residual,8,0.2104949112521589,0.7011131936118388,0.3072194605191927,0.436044192866725,0.48954985748973223,0.436044192866725,0.253489923923536,0.42300417674862345,0.43448134631941115,0.42300417674862345,0.9236888810992241
425,unknown,unknown_absolute_residual,4,0.2104949112521589,0.7011131936118388,0.04833745836540292,0.7588146305322037,1.055096614071199,0.7588146305322037,0.0482711587986463,0.8025823550997577,1.1176787630820677,0.8025823550997577,0.9999985694885254
426,unknown,unknown_absolute_residual,6,0.2104949112521589,0.7011131936118388,0.037541539492443876,0.2209012799891765,0.34644193702183995,0.2209012799891765,0.05038109154050972,0.16341340057768572,0.2243869581074915,0.16341340057768572,0.9166260461012522
427,unknown,unknown_absolute_residual,16,0.2104949112521589,0.7011131936118388,0.027664406897941626,0.19992568156787302,0.37301599870835034,0.19992568156787302,0.028038021082840894,0.16212702893208303,0.24888036435206062,0.16212702893208303,0.9837433360517025
428,unknown,unknown_absolute_residual,14,0.2104949112521589,0.7011131936118388,0.03021779952073668,0.186997862917454,0.4163732129716045,0.186997862917454,0.027788609967891852,0.18862595098926074,0.31612396451228225,0.18862595098926074,0.9950030871800014
429,unknown,unknown_insufficient_support,3,0.1918426893863907,0.6389866616093641,0.19716734360409316,0.23251432276094489,0.2413510675501578,0.23251432276094489,0.17177394135656104,0.1759503034705296,0.17699439399902173,0.1759503034705296,0.9999998410542806
430,unknown,unknown_insufficient_support,1,0.0,0.0,0.0,0.0,0.0,0.0,0.0,0.0,0.0,0.0,1.0
431,unknown,unknown_insufficient_support,3,0.15713036325810703,0.5233673828119674,0.040968662906549665,0.3564164263116497,0.4352783671629247,0.3564164263116497,0.05207105699682464,0.4714572735566109,0.5763038276965574,0.4714572735566109,0.9282878637313843
432,unknown,unknown_absolute_residual,9,0.2015010055506934,0.671156431655516,0.12242679074678442,0.33164852265360334,0.590667453736286,0.33164852265360334,0.1430538810091164,0.4002066300512923,0.7559916607086077,0.4002066300512923,0.8499304685327742
433,unknown,unknown_absolute_residual,6,0.1918426893863907,0.6389866616093641,0.18893122428241604,0.37447724332048093,0.5232319469601523,0.37447724332048093,0.2333350706329974,0.4723760184251266,0.6598562223517699,0.4723760184251266,0.8314194083213806
434,unknown,unknown_absolute_residual,12,0.2104949112521589,0.7011131936118388,0.029510152353313536,0.33215877908591457,0.37567464414229934,0.33215877908591457,0.04149864774145064,0.19990692190784576,0.21392457285352448,0.19990692190784576,0.998936062057813
435,unknown,unknown_absolute_residual,14,0.2104949112521589,0.7011131936118388,0.029269061866565887,0.25445736320812357,0.33742817505921285,0.25445736320812357,0.02382928717920068,0.14770712723245782,0.19586786746701884,0.14770712723245782,0.9999986631529671
436,unknown,unknown_absolute_residual,16,0.2104949112521589,0.7011131936118388,0.03763209625555981,0.17275446508053116,0.3475281979055161,0.17275446508053116,0.04148034972504956,0.13384955214741778,0.1985587048494382,0.13384955214741778,0.9979401268064976
437,unknown,unknown_absolute_residual,12,0.2104949112521589,0.7011131936118388,0.04224879206661245,0.25565667475754816,0.40359629144778314,0.25565667475754816,0.04625661985746714,0.26225549469239673,0.28983292732610455,0.26225549469239673,0.9679307738939921
438,unknown,unknown_insufficient_support,3,0.10367873512051906,0.34533152681731394,0.052649690543692895,0.18480246411327192,0.21784065750566667,0.18480246411327192,0.04281111039356748,0.11535302446220953,0.13348850297937004,0.11535302446220953,0.9999585151672363
439,unknown,unknown_insufficient_support,3,0.03372897717626655,0.11234395532243785,0.02611581929029322,0.04250252823363522,0.04659920546947072,0.04250252823363522,0.03769586783676677,0.05296127163501595,0.05677762258457824,0.05296127163501595,0.9999939997990926
440,unknown,unknown_absolute_residual,8,0.15713036325810703,0.5233673828119674,0.1675278963457254,0.23707371797302407,0.2556730720031105,0.23707371797302407,0.22075895744799823,0.31805721940973414,0.3469060412946383,0.31805721940973414,0.8636055737733841
441,unknown,unknown_insufficient_support,3,0.17191016248186908,0.5725957093927474,0.010289329277001541,0.305579635550345,0.37940221211868086,0.305579635550345,0.006722752399141601,0.1985616796820997,0.2465214115028392,0.1985616796820997,0.9998807112375895
442,unknown,unknown_absolute_residual,10,0.2104949112521589,0.7011131936118388,0.03930053458480416,0.3316135394179578,0.3603291199391172,0.3316135394179578,0.03905484465862409,0.20219572446744455,0.21833321154404808,0.20219572446744455,0.9708260357379913
443,unknown,unknown_absolute_residual,11,0.2104949112521589,0.7011131936118388,0.02697511906829161,0.07836119821257548,0.34990800320259013,0.07836119821257548,0.03155408021879735,0.084358396591418,0.1962145350665705,0.084358396591418,0.9865195426073942
444,unknown,unknown_absolute_residual,8,0.2104949112521589,0.7011131936118388,0.08738663219238485,0.18114371240594063,0.30449715036083336,0.18114371240594063,0.062051206691170646,0.14209451928471492,0.17735015812969007,0.14209451928471492,0.9989591687917709
445,unknown,unknown_absolute_residual,4,0.10367873512051906,0.34533152681731394,0.046206968614559384,0.16739938265462712,0.21025900404690878,0.16739938265462712,0.03335565075750821,0.11475690718099096,0.14398243918783388,0.11475690718099096,0.9995144754648209
446,unknown,unknown_insufficient_support,2,0.0169192810479335,0.056354479538570076,0.019233519462115496,0.019233519462115583,0.019233519462115604,0.019233519462115583,0.02559113961884748,0.02559113961884771,0.02559113961884777,0.02559113961884771,1.0
447,unknown,unknown_absolute_residual,4,0.12199820518453264,0.40634973426685533,0.14525233165928697,0.20827729666589734,0.22075775963940067,0.20827729666589734,0.1953478915434046,0.2681823326978986,0.2816908353792771,0.2681823326978986,0.9688512235879898
448,unknown,unknown_absolute_residual,4,0.1411510473686599,0.4701437246801,0.06757892462627953,0.2468556065003684,0.3085276228574076,0.2468556065003684,0.08588399472472519,0.33313684019870654,0.4199805576010717,0.33313684019870654,0.9844389110803604
449,unknown,unknown_absolute_residual,9,0.2104949112521589,0.7011131936118388,0.031458814044070124,0.20219704731269092,0.3392637501784911,0.20219704731269092,0.03564240047971817,0.1500767091777435,0.17632506557231775,0.1500767091777435,0.9381404055489434
450,unknown,unknown_insufficient_support,2,0.0169192810479335,0.056354479538570076,0.02863820426939455,0.02863820426939455,0.02863820426939455,0.02863820426939455,0.03434316446611452,0.03434316446611467,0.034343164466114705,0.03434316446611467,0.9999999403953552
451,unknown,unknown_insufficient_support,1,0.0,0.0,0.0,0.0,0.0,0.0,0.0,0.0,0.0,0.0,1.0
452,unknown,unknown_insufficient_support,2,0.05067964902760891,0.16880299086332223,0.08158375994811845,0.08158375994811853,0.08158375994811855,0.08158375994811853,0.06076824443277251,0.06076824443277255,0.06076824443277256,0.06076824443277255,0.7181360572576523
453,unknown,unknown_insufficient_support,2,0.017969695326825907,0.05985318316664736,0.016935830767917215,0.01693583076791722,0.01693583076791722,0.01693583076791722,0.011047266112748241,0.011047266112748276,0.011047266112748285,0.011047266112748276,1.0
454,unknown,unknown_insufficient_support,2,0.017969695326825907,0.05985318316664736,0.014104200682064647,0.014104200682064656,0.014104200682064657,0.014104200682064656,0.005174905595016231,0.0051749055950163925,0.005174905595016433,0.0051749055950163925,0.9999785423278809
455,unknown,unknown_insufficient_support,1,0.0,0.0,0.0,0.0,0.0,0.0,0.0,0.0,0.0,0.0,1.0
456,unknown,unknown_insufficient_support,1,0.0,0.0,0.0,0.0,0.0,0.0,0.0,0.0,0.0,0.0,1.0
457,unknown,unknown_insufficient_support,1,0.0,0.0,0.0,0.0,0.0,0.0,0.0,0.0,0.0,0.0,1.0
458,unknown,unknown_absolute_residual,15,0.15981526222455,0.5323102027485166,0.1067598837529189,0.43973467860201937,0.4514662973591799,0.43973467860201937,0.10812684182131842,0.5719518821268876,0.6062597043554286,0.5719518821268876,0.8581607063611348
459,unknown,unknown_insufficient_support,2,0.017969695326825907,0.05985318316664736,0.008972225466091794,0.008972225466091863,0.00897222546609188,0.008972225466091863,0.01210585392175504,0.012105853921755196,0.012105853921755236,0.012105853921755196,0.9996042847633362
460,unknown,unknown_insufficient_support,1,0.0,0.0,0.0,0.0,0.0,0.0,0.0,0.0,0.0,0.0,1.0
461,unknown,unknown_insufficient_support,2,0.15981526222455,0.5323102027485166,0.381332269184654,0.3813322691846541,0.3813322691846542,0.3813322691846541,0.4595299940228449,0.4595299940228449,0.4595299940228449,0.4595299940228449,0.9993955194950104
462,unknown,unknown_absolute_residual,4,0.13719479513328747,0.45696630094583623,0.1815317096026302,0.27739034516585837,0.3125187452765963,0.27739034516585837,0.212917682017072,0.3584698300391338,0.41549095584001994,0.3584698300391338,0.8179722130298615
463,unknown,unknown_insufficient_support,1,0.0,0.0,0.0,0.0,0.0,0.0,0.0,0.0,0.0,0.0,1.0
464,unknown,unknown_insufficient_support,1,0.0,0.0,0.0,0.0,0.0,0.0,0.0,0.0,0.0,0.0,1.0
465,unknown,unknown_insufficient_support,1,0.0,0.0,0.0,0.0,0.0,0.0,0.0,0.0,0.0,0.0,1.0
466,unknown,unknown_absolute_residual,4,0.05299908609291015,0.1765285359539917,0.04551005855266499,0.07488734862555188,0.08194252596955755,0.07488734862555188,0.05244301848788953,0.0932872238440476,0.10327483427489408,0.0932872238440476,0.9999808967113495
467,unknown,unknown_absolute_residual,9,0.1411630403587818,0.4701836707460419,0.1124885259808544,0.42510298816757025,0.4384647887177049,0.42510298816757025,0.16137455675940057,0.490660570009275,0.5072664758286759,0.490660570009275,0.97582565413581
468,unknown,unknown_absolute_residual,5,0.13719479513328747,0.45696630094583623,0.0518023544767061,0.3352780072013899,0.5090272310940777,0.3352780072013899,0.057463923442336855,0.4028116171251502,0.6131842847608595,0.4028116171251502,0.8868724882602692
469,unknown,unknown_insufficient_support,2,0.017969695326825907,0.05985318316664736,0.010127241541721385,0.010127241541721397,0.0101272415417214,0.010127241541721397,0.014355070706486514,0.014355070706486514,0.014355070706486514,0.014355070706486514,0.9999871253967285
470,unknown,unknown_insufficient_support,3,0.15981526222455,0.5323102027485166,0.014958990333203692,0.557165420222811,0.6927170276952128,0.557165420222811,0.02742140208925998,0.6765591334273506,0.8388435662618733,0.6765591334273506,0.9987602035204569
471,unknown,unknown_insufficient_support,1,0.0,0.0,0.0,0.0,0.0,0.0,0.0,0.0,0.0,0.0,1.0
472,unknown,unknown_insufficient_support,1,0.0,0.0,0.0,0.0,0.0,0.0,0.0,0.0,0.0,0.0,1.0
473,unknown,unknown_insufficient_support,2,0.017969695326825907,0.05985318316664736,0.031202832533335,0.031202832533335133,0.031202832533335164,0.031202832533335133,0.038129755863237344,0.03812975586323761,0.03812975586323767,0.03812975586323761,0.9999988079071045
474,unknown,unknown_absolute_residual,6,0.090471398341051,0.3013407338167778,0.08824846625373284,0.11836970724473711,0.11972325023563249,0.11836970724473711,0.11056413042844437,0.15512422766384906,0.16277225842202273,0.15512422766384906,0.999910811583201
475,unknown,unknown_absolute_residual,10,0.15981526222455,0.5323102027485166,0.2752202914768531,0.33655646015814633,0.41561952002466496,0.33655646015814633,0.32401610083056215,0.42833660763090037,0.4719695685773751,0.42833660763090037,0.9441206514835357
476,unknown,unknown_absolute_residual,9,0.15981526222455,0.5323102027485166,0.07217749745366497,0.6389890329055585,0.6474860356818021,0.6389890329055585,0.08601430132847442,0.7732425647487675,0.7954763912868602,0.7732425647487675,0.8749316136042277
477,unknown,unknown_absolute_residual,8,0.15922447480656954,0.530342417157397,0.13159857913863598,0.2822594643643601,0.4443826978799252,0.2822594643643601,0.15639354483841977,0.3523316782947369,0.5638399662966151,0.3523316782947369,0.9808026924729347
478,unknown,unknown_insufficient_support,3,0.090471398341051,0.3013407338167778,0.07144644090207312,0.20277516530636047,0.2356073464074323,0.20277516530636047,0.08945728755945506,0.2624277742952233,0.30567039597916534,0.2624277742952233,0.9904853701591492
479,unknown,unknown_absolute_residual,7,0.15981526222455,0.5323102027485166,0.048438494637512486,0.1514934962930155,0.16863942861012354,0.1514934962930155,0.06745087805216432,0.0900501062813164,0.10030818761762582,0.0900501062813164,0.8169534717287336
480,unknown,unknown_insufficient_support,2,0.090471398341051,0.3013407338167778,0.08228657918154214,0.08228657918154225,0.08228657918154228,0.08228657918154225,0.04456337155850887,0.04456337155850903,0.04456337155850907,0.04456337155850903,0.9999935030937195
481,unknown,unknown_absolute_residual,4,0.05299908609291015,0.1765285359539917,0.06187895133868357,0.07696057848439937,0.07805058111676894,0.07696057848439937,0.07294175713427013,0.09263800210515184,0.09269769596875801,0.09263800210515184,0.9999997913837433
482,unknown,unknown_absolute_residual,6,0.1354647490352796,0.45120389016994367,0.09587961904930031,0.29210509355517417,0.48045540505143997,0.29210509355517417,0.11684675351648449,0.35060132368663044,0.571079446988873,0.35060132368663044,0.9824224213759104
483,unknown,unknown_absolute_residual,8,0.15981526222455,0.5323102027485166,0.04594932868000623,0.6692457250687461,0.6938221487807255,0.6692457250687461,0.04913646263689786,0.8112767183085794,0.8477538843030563,0.8112767183085794,0.7691643945872784
484,unknown,unknown_absolute_residual,8,0.14404970710334486,0.47979853567619324,0.12162649581336454,0.29159768988411666,0.45505210516424605,0.29159768988411666,0.1394658576699287,0.36062208035662313,0.5728763007209061,0.36062208035662313,0.7975998260080814
485,unknown,unknown_insufficient_support,2,0.017969695326825907,0.05985318316664736,0.02226097689172042,0.02226097689172042,0.02226097689172042,0.02226097689172042,0.014961062111945412,0.014961062111945629,0.014961062111945683,0.014961062111945629,0.9999998211860657
486,unknown,unknown_insufficient_support,2,0.15981526222455,0.5323102027485166,0.09548116323183342,0.09548116323183342,0.09548116323183342,0.09548116323183342,0.04918977305501726,0.049189773055017275,0.049189773055017275,0.049189773055017275,0.9999556541442871
487,unknown,unknown_absolute_residual,4,0.15981526222455,0.5323102027485166,0.08273697016350054,0.10826895939710252,0.111765936626311,0.10826895939710252,0.04197012451978026,0.08796947157604267,0.10401795574711294,0.08796947157604267,0.9984902143478394
488,unknown,unknown_absolute_residual,5,0.15981526222455,0.5323102027485166,0.08571640778282114,0.12139222798869843,0.13257462269618778,0.12139222798869843,0.05623974466695778,0.09610622296693397,0.11238942122608649,0.09610622296693397,0.9993757605552673
489,unknown,unknown_insufficient_support,3,0.15981526222455,0.5323102027485166,0.04232402278002705,0.133489857452539,0.15628131612066698,0.133489857452539,0.022145487816241705,0.09249136201051465,0.11007783055908288,0.09249136201051465,0.958074152469635
490,unknown,unknown_absolute_residual,4,0.05299908609291015,0.1765285359539917,0.03810334341960116,0.056838906739852826,0.059621406259185,0.056838906739852826,0.047602544324359355,0.06931642892173363,0.07094346381561333,0.06931642892173363,0.9999793171882629
491,unknown,unknown_absolute_residual,4,0.05299908609291015,0.1765285359539917,0.04971753335528707,0.06975339654484235,0.0712093821950818,0.06975339654484235,0.05526661942056015,0.0879824783282081,0.09262283318881355,0.0879824783282081,0.9970167428255081
492,unknown,unknown_absolute_residual,4,0.05299908609291015,0.1765285359539917,0.04105509527756969,0.07181633393798162,0.07864266101110606,0.07181633393798162,0.04923123445707604,0.08957488760713808,0.09853580387530284,0.08957488760713808,0.9339433759450912
493,unknown,unknown_absolute_residual,6,0.15981526222455,0.5323102027485166,0.06592471175009647,0.4179722671180731,0.5332881439403878,0.4179722671180731,0.0833499237363648,0.49516857221536903,0.662793219493361,0.49516857221536903,0.6724243660767873
494,unknown,unknown_insufficient_support,1,0.0,0.0,0.0,0.0,0.0,0.0,0.0,0.0,0.0,0.0,1.0
495,unknown,unknown_insufficient_support,2,0.07131855615692373,0.2375467434035331,0.06782796694528437,0.06782796694528449,0.06782796694528452,0.06782796694528449,0.036111659495516556,0.03611165949551663,0.03611165949551665,0.03611165949551663,1.0
496,unknown,unknown_insufficient_support,3,0.07131855615692373,0.2375467434035331,0.04305356091768583,0.11834949181728549,0.1371734745421854,0.11834949181728549,0.022956836476173414,0.09573257138885656,0.11392650511702734,0.09573257138885656,0.9999999602635702
497,unknown,unknown_insufficient_support,3,0.035485100020997695,0.11819322212285573,0.047458365728067706,0.04804824990155765,0.04819572094493013,0.04804824990155765,0.05448313416997623,0.05538412823712863,0.05560937675391672,0.05538412823712863,0.9991984963417053
498,unknown,unknown_absolute_residual,7,0.10645071423049812,0.3545643919486452,0.07556075938636542,0.1584636886080974,0.17787293284940864,0.1584636886080974,0.11924135639278931,0.20120679283803244,0.23105980856536767,0.20120679283803244,0.8778308289391654
499,unknown,unknown_absolute_residual,10,0.15981526222455,0.5323102027485166,0.10846596165554712,0.291580365194462,0.5413506440440441,0.291580365194462,0.12575938449039403,0.36914168094395683,0.6814228526536525,0.36914168094395683,0.8491268575191497
500,unknown,unknown_insufficient_support,2,0.017969695326825907,0.05985318316664736,0.07506875539309177,0.07506875539309181,0.07506875539309182,0.07506875539309181,0.06856852795271945,0.06856852795271945,0.06856852795271945,0.06856852795271945,0.9999997615814209
501,unknown,unknown_absolute_residual,4,0.15981526222455,0.5323102027485166,0.11804441867786797,0.45464268248725614,0.5832533735351613,0.45464268248725614,0.11069909603289929,0.4794184365380123,0.6251069904552047,0.4794184365380123,1.0
502,unknown,unknown_absolute_residual,4,0.15981526222455,0.5323102027485166,0.053550069253777574,0.12308183256925954,0.1473247695564836,0.12308183256925954,0.06389953096119722,0.08727972467525505,0.0929512033851312,0.08727972467525505,0.9995084851980209
503,unknown,unknown_insufficient_support,1,0.0,0.0,0.0,0.0,0.0,0.0,0.0,0.0,0.0,0.0,1.0
504,unknown,unknown_absolute_residual,6,0.15981526222455,0.5323102027485166,0.03928903128577554,0.1680462451642697,0.22409643362284143,0.1680462451642697,0.045039451373609346,0.1202688899834711,0.14081020826403948,0.1202688899834711,0.999998410542806
505,unknown,unknown_absolute_residual,7,0.15981526222455,0.5323102027485166,0.07416474016217103,0.18896991038781286,0.21747924001233368,0.18896991038781286,0.07704426543796523,0.12585258043888317,0.14302530733264568,0.12585258043888317,0.9890228339603969
506,unknown,unknown_absolute_residual,12,0.15981526222455,0.5323102027485166,0.03325809598524958,0.24097185323252565,0.2728189227855546,0.24097185323252565,0.038813693049398926,0.20947989704009307,0.22328215057673703,0.20947989704009307,0.9577261358499527
507,unknown,unknown_insufficient_support,3,0.090471398341051,0.3013407338167778,0.030503750549541686,0.1588288091958472,0.19091007385742353,0.1588288091958472,0.046269294054539105,0.22234069439588605,0.26635854448122276,0.22234069439588605,0.8300361931324005
508,unknown,unknown_absolute_residual,10,0.15981526222455,0.5323102027485166,0.06593696819403239,0.5697865994031036,0.6226198357234637,0.5697865994031036,0.06777310479400526,0.7113690655032351,0.7790958976151159,0.7113690655032351,0.9392835974693299
509,unknown,unknown_absolute_residual,5,0.15922447480656954,0.530342417157397,0.02131287478367526,0.5531217941721145,0.5796842294388576,0.5531217941721145,0.03381323427281226,0.6768542107695491,0.7245740663971185,0.6768542107695491,0.9988554239273071
510,unknown,unknown_absolute_residual,6,0.15981526222455,0.5323102027485166,0.0365717822209799,0.10404332134474092,0.13178035258068618,0.10404332134474092,0.04372150940294282,0.08998699766300741,0.11976904868008852,0.08998699766300741,0.9315477808316549
511,unknown,unknown_insufficient_support,3,0.15981526222455,0.5323102027485166,0.10572850675961086,0.1182900763041496,0.12143046869028429,0.1182900763041496,0.04662488556329254,0.11557852073047238,0.13281692952226734,0.11557852073047238,0.9999939600626627
512,unknown,unknown_insufficient_support,3,0.13302260890037332,0.44306964759350115,0.10367163937285542,0.1289751220966091,0.13530099277754754,0.1289751220966091,0.06980731652879432,0.07300985049147907,0.07381048398215025,0.07300985049147907,0.9999999602635702
513,unknown,unknown_insufficient_support,3,0.07131855615692373,0.2375467434035331,0.04407770885425945,0.10929277009596997,0.1255965354063976,0.10929277009596997,0.015378656597962781,0.08545104596698049,0.1029691433092349,0.08545104596698049,0.9999980131785074
514,unknown,unknown_absolute_residual,6,0.15981526222455,0.5323102027485166,0.14116361446407222,0.260129670476774,0.32423660247263747,0.260129670476774,0.11867220206780552,0.24836970724973637,0.3398024361341428,0.24836970724973637,0.9864875674247742
515,unknown,unknown_insufficient_support,1,0.0,0.0,0.0,0.0,0.0,0.0,0.0,0.0,0.0,0.0,1.0
516,unknown,unknown_insufficient_support,3,0.05299908609291015,0.1765285359539917,0.019884655251732924,0.05576804111090642,0.06473888757569979,0.05576804111090642,0.03681629153922554,0.08447543984526337,0.09639022692177283,0.08447543984526337,0.998945395151774
517,unknown,unknown_absolute_residual,4,0.15981526222455,0.5323102027485166,0.06918324440766617,0.11839113281229077,0.12277075638564858,0.11839113281229077,0.04385105831951129,0.12002993489987208,0.14689814473038548,0.12002993489987208,0.9999927580356598
518,unknown,unknown_absolute_residual,4,0.15981526222455,0.5323102027485166,0.07250267539683758,0.11809172659995017,0.12296536578490466,0.11809172659995017,0.05175970265756212,0.135260468937451,0.16416468286320732,0.135260468937451,0.99998539686203
519,unknown,unknown_insufficient_support,3,0.07131855615692373,0.2375467434035331,0.0436941148959445,0.08934588501485524,0.10075882754458292,0.08934588501485524,0.02648567078420262,0.05945311884167499,0.06769498085604309,0.05945311884167499,0.9999999602635702
520,unknown,unknown_absolute_residual,6,0.15981526222455,0.5323102027485166,0.13882507013660095,0.17186385194219045,0.1920325416103134,0.17186385194219045,0.12794808667866123,0.1566707952858859,0.16459818638682575,0.1566707952858859,0.9954155683517456
521,unknown,unknown_insufficient_support,3,0.12123051345426017,0.4037927185294252,0.04479933028982948,0.1643329223265803,0.19421632033576802,0.1643329223265803,0.022860998804179022,0.11619925756346049,0.13953382225328084,0.11619925756346049,0.9987768133481344
522,unknown,unknown_insufficient_support,1,0.0,0.0,0.0,0.0,0.0,0.0,0.0,0.0,0.0,0.0,1.0
523,unknown,unknown_absolute_residual,5,0.13302260890037332,0.44306964759350115,0.04548160753337566,0.17098313524950864,0.22059261499509294,0.17098313524950864,0.01865694723654037,0.1465174793244334,0.17905374113215825,0.1465174793244334,0.9699485182762146
524,unknown,unknown_absolute_residual,7,0.15981526222455,0.5323102027485166,0.10325848426250228,0.15012789633866486,0.15440880557597325,0.15012789633866486,0.08104763873256923,0.11006622921672946,0.1216199501150073,0.11006622921672946,0.9250295758247375
525,unknown,unknown_insufficient_support,2,0.07131855615692373,0.2375467434035331,0.06567977783122697,0.06567977783122705,0.06567977783122708,0.06567977783122705,0.035484965802903806,0.03548496580290388,0.0354849658029039,0.03548496580290388,0.9999103844165802
526,unknown,unknown_absolute_residual,5,0.0910506210104347,0.30326999972220153,0.15713595487535162,0.25891382962733456,0.27042758861876826,0.25891382962733456,0.2072993787241886,0.2944217078262264,0.30492661819988703,0.2944217078262264,0.9328966736793518
527,unknown,unknown_absolute_residual,4,0.08816395426587165,0.2936551347920502,0.16630488329713958,0.20315070939026883,0.2098848312522207,0.20315070939026883,0.19849812866898361,0.24858224419554886,0.26189738068461316,0.24858224419554886,0.9299612790346146
528,unknown,unknown_absolute_residual,4,0.09782227043017433,0.3258249048382021,0.1835945378462489,0.2200400338721038,0.2304799905878944,0.2200400338721038,0.22220627106468838,0.2710140842663944,0.28532127054748097,0.2710140842663944,0.999835804104805
529,unknown,unknown_absolute_residual,7,0.08816395426587165,0.2936551347920502,0.06967446584098808,0.26287884240382065,0.31049545990480787,0.26287884240382065,0.07465263211952651,0.33073468374823295,0.38902275969968675,0.33073468374823295,0.9987229449408395
530,unknown,unknown_insufficient_support,2,0.018319470064013577,0.06101820744954139,0.02484015887689984,0.02484015887689987,0.024840158876899877,0.02484015887689987,0.03353705953807747,0.03353705953807749,0.0335370595380775,0.03353705953807749,0.9999687671661377
531,unknown,unknown_absolute_residual,12,0.10681617613163985,0.3557816667945249,0.08288817075187371,0.4101915249308349,0.4696489873219205,0.4101915249308349,0.09323684152292491,0.4851508542885894,0.5650297197707793,0.4851508542885894,0.9662789553403854
532,unknown,unknown_insufficient_support,3,0.10681617613163985,0.3557816667945249,0.035443060406289646,0.5070757715391694,0.6249839493223893,0.5070757715391694,0.05360015057348587,0.5789275833099874,0.7102594414941127,0.5789275833099874,0.7899055480957031
533,unknown,unknown_insufficient_support,2,0.018319470064013577,0.06101820744954139,0.026170239049415695,0.026170239049415716,0.02617023904941572,0.026170239049415716,0.03521317398234789,0.03521317398234805,0.03521317398234809,0.03521317398234805,1.0
534,unknown,unknown_insufficient_support,1,0.0,0.0,0.0,0.0,0.0,0.0,0.0,0.0,0.0,0.0,1.0
535,unknown,unknown_insufficient_support,1,0.0,0.0,0.0,0.0,0.0,0.0,0.0,0.0,0.0,0.0,1.0
536,unknown,unknown_insufficient_support,2,0.018319470064013577,0.06101820744954139,0.021070580171986614,0.02107058017198698,0.02107058017198707,0.02107058017198698,0.02971295744333122,0.02971295744333124,0.029712957443331245,0.02971295744333124,0.9999946355819702
537,unknown,unknown_absolute_residual,4,0.05345162813758797,0.17803585599465346,0.055237619104630556,0.09653607174400161,0.10302294342293297,0.09653607174400161,0.07171071354918554,0.12197609808051842,0.12752190613607367,0.12197609808051842,0.9996587336063385
538,unknown,unknown_absolute_residual,4,0.10681617613163985,0.3557816667945249,0.23939173526129315,0.36060427544229523,0.401690205278077,0.36060427544229523,0.2809846248764189,0.41351854211569833,0.45554350846858094,0.41351854211569833,0.7315764501690865
539,unknown,unknown_absolute_residual,8,0.10681617613163985,0.3557816667945249,0.07138863754698622,0.44857477774072607,0.47709706060476526,0.44857477774072607,0.08543868326200973,0.5124851458691706,0.5537288612920587,0.5124851458691706,0.9811533689498901
540,unknown,unknown_absolute_residual,7,0.10681617613163985,0.3557816667945249,0.10104306082769669,0.3226821939533692,0.3594682625286633,0.3226821939533692,0.12520113207580819,0.39070167786285925,0.43847722268097555,0.39070167786285925,0.9991955586842128
541,unknown,unknown_absolute_residual,6,0.08816395426587165,0.2936551347920502,0.09618967232135113,0.1388423586142613,0.1651276318495645,0.1388423586142613,0.11117357433460119,0.15484269107902232,0.17072628941836032,0.15484269107902232,0.9544325768947601
542,unknown,unknown_insufficient_support,1,0.0,0.0,0.0,0.0,0.0,0.0,0.0,0.0,0.0,0.0,1.0
543,unknown,unknown_insufficient_support,3,0.03747231224814085,0.12481219786278608,0.03625454000942652,0.04161421951444665,0.04295413939070169,0.04161421951444665,0.054387572430523064,0.059687763529574396,0.06101281130433723,0.059687763529574396,0.9999959071477255
544,unknown,unknown_absolute_residual,12,0.10681617613163985,0.3557816667945249,0.11298146541393952,0.36430494021300114,0.4252421147204772,0.36430494021300114,0.12524073791562232,0.4365704351476829,0.5172683342126206,0.4365704351476829,0.9270474861065546
545,unknown,unknown_absolute_residual,6,0.10622538871365939,0.35381388120340534,0.21431225768246198,0.2764852891444677,0.2806451739049197,0.2764852891444677,0.2385631716091685,0.32809805515413626,0.3407435070135528,0.32809805515413626,0.9475469986597697
546,unknown,unknown_insufficient_support,2,0.018319470064013577,0.06101820744954139,0.022149850309876172,0.022149850309876266,0.02214985030987629,0.022149850309876266,0.030259719595974125,0.03025971959597443,0.030259719595974507,0.03025971959597443,1.0
547,unknown,unknown_absolute_residual,8,0.10681617613163985,0.3557816667945249,0.08044047076130675,0.12412420707275021,0.17550770875651553,0.12412420707275021,0.06889684815811135,0.1283206393180379,0.20324958273490626,0.1283206393180379,0.9233117252588272
548,unknown,unknown_absolute_residual,4,0.08002352280746317,0.26654111163950944,0.05386344916164447,0.07642235523905438,0.08342497442496853,0.07642235523905438,0.044243034888896526,0.0637927576082826,0.07050603941000831,0.0637927576082826,0.9833949506282806
549,unknown,unknown_insufficient_support,2,0.018319470064013577,0.06101820744954139,0.020132624177733382,0.020132624177733382,0.020132624177733382,0.020132624177733382,0.01642150015262,0.016421500152620016,0.01642150015262002,0.016421500152620016,0.999997615814209
550,unknown,unknown_insufficient_support,3,0.03747231224814085,0.12481219786278608,0.03820609162247177,0.04184863446168257,0.04275927017148527,0.04184863446168257,0.056310437370813544,0.05904763734260311,0.0597319373355505,0.05904763734260311,0.9999999205271403
551,unknown,unknown_absolute_residual,6,0.08002352280746317,0.26654111163950944,0.13383120128016007,0.180517185911169,0.18617812469142184,0.180517185911169,0.16934879321830537,0.20867087340766718,0.2088933918542723,0.20867087340766718,0.9990797738234202
552,unknown,unknown_absolute_residual,7,0.10681617613163985,0.3557816667945249,0.24895555964516342,0.35281096347249835,0.3867234469504055,0.35281096347249835,0.27059716217110286,0.42398548341895603,0.4682183372430409,0.42398548341895603,0.9884794354438782
553,unknown,unknown_insufficient_support,1,0.0,0.0,0.0,0.0,0.0,0.0,0.0,0.0,0.0,0.0,1.0
554,unknown,unknown_insufficient_support,1,0.0,0.0,0.0,0.0,0.0,0.0,0.0,0.0,0.0,0.0,1.0
555,unknown,unknown_insufficient_support,2,0.06823142736135002,0.2272641825754335,0.05518434654039324,0.05518434654039336,0.055184346540393385,0.05518434654039336,0.041124059503335156,0.04112405950333531,0.04112405950333535,0.04112405950333531,1.0
556,unknown,unknown_absolute_residual,6,0.10681617613163985,0.3557816667945249,0.040752275038762685,0.09040419590428991,0.09629878800454399,0.09040419590428991,0.03897997615512752,0.07946211052644386,0.0841045641506359,0.07946211052644386,0.9097834130128225
557,unknown,unknown_insufficient_support,3,0.10681617613163985,0.3557816667945249,0.034064603865321175,0.20028697979018675,0.24184257377140314,0.20028697979018675,0.037378897936456115,0.21983973665563616,0.26545494633543115,0.21983973665563616,0.9996667504310608
558,unknown,unknown_insufficient_support,2,0.018319470064013577,0.06101820744954139,0.02705200182914691,0.02705200182914696,0.02705200182914697,0.02705200182914696,0.029449853074229943,0.029449853074230183,0.02944985307423024,0.029449853074230183,0.9999992251396179
559,unknown,unknown_absolute_residual,4,0.05345162813758797,0.17803585599465346,0.03897359000906462,0.10510424299006828,0.12499539258297801,0.10510424299006828,0.056757522739463585,0.13012829825605693,0.14919837448278478,0.13012829825605693,0.9993668049573898
560,unknown,unknown_absolute_residual,7,0.08816395426587165,0.2936551347920502,0.14087763202978285,0.2627140443017397,0.2999035446335579,0.2627140443017397,0.15870298166497893,0.3180163176638686,0.36528710648036505,0.3180163176638686,0.9507248997688293
561,unknown,unknown_absolute_residual,4,0.10681617613163985,0.3557816667945249,0.07390625888266426,0.14672929995716744,0.16382566644474467,0.14672929995716744,0.059787825485134935,0.12246998847973409,0.14550755989190847,0.12246998847973409,0.8566608279943466
562,unknown,unknown_insufficient_support,2,0.06823142736135002,0.2272641825754335,0.05498594659484449,0.05498594659484449,0.05498594659484449,0.05498594659484449,0.04837503069664413,0.04837503069664417,0.04837503069664418,0.04837503069664417,1.0
563,unknown,unknown_insufficient_support,1,0.0,0.0,0.0,0.0,0.0,0.0,0.0,0.0,0.0,0.0,1.0
564,unknown,unknown_insufficient_support,3,0.10681617613163985,0.3557816667945249,0.1810992575625442,0.20806752153566324,0.214809587528943,0.20806752153566324,0.1685525050866587,0.20240010841117564,0.2108620092423049,0.20240010841117564,0.9995320836702982
565,unknown,unknown_absolute_residual,4,0.10681617613163985,0.3557816667945249,0.12527511127664107,0.1772413646523763,0.18337690487322963,0.1772413646523763,0.12299367603112635,0.18413659182139575,0.19274805358451494,0.18413659182139575,0.9392240196466446
566,unknown,unknown_insufficient_support,2,0.018319470064013577,0.06101820744954139,0.01902548056511759,0.01902548056511759,0.01902548056511759,0.01902548056511759,0.028141498420994483,0.028141498420994684,0.028141498420994733,0.028141498420994684,0.9999865293502808
567,unknown,unknown_absolute_residual,4,0.05345162813758797,0.17803585599465346,0.04968955555767715,0.11074693769604188,0.13370290797306056,0.11074693769604188,0.06805723328946867,0.13592631981018863,0.1579475658143638,0.13592631981018863,0.9353923052549362
568,unknown,unknown_insufficient_support,3,0.08246566294236946,0.27467535421595196,0.0970130123752915,0.22766540769925908,0.26032850653025097,0.22766540769925908,0.11383876683946062,0.2815842992447967,0.32352068234613074,0.2815842992447967,0.999928891658783
569,unknown,unknown_absolute_residual,10,0.10681617613163985,0.3557816667945249,0.16643331311042542,0.2860281783583374,0.433617429486258,0.2860281783583374,0.15775580564599795,0.3563250430892614,0.5014762685933575,0.3563250430892614,0.8713265657424927
570,moving,moving_track,4,0.09782227043017433,0.3258249048382021,0.056508332755665455,0.07765145955309001,0.0863984379001405,0.07765145955309001,0.0344090075939998,0.044684596708061596,0.047286190096884506,0.044684596708061596,0.9666850864887238
571,unknown,unknown_insufficient_support,2,0.10681617613163985,0.3557816667945249,0.13613756853692155,0.13613756853692163,0.13613756853692166,0.13613756853692163,0.16081995566990076,0.1608199556699009,0.16081995566990093,0.1608199556699009,0.9999998211860657
572,unknown,unknown_insufficient_support,3,0.10681617613163985,0.3557816667945249,0.08534738140061648,0.10680237551386743,0.11216612404218015,0.10680237551386743,0.05186216204184865,0.14577298982474327,0.16925069677046692,0.14577298982474327,0.9998882015546163
573,unknown,unknown_absolute_residual,4,0.10681617613163985,0.3557816667945249,0.1341659724562816,0.21954081810556936,0.2505165289817418,0.21954081810556936,0.12808224698634632,0.22827956670613028,0.2620119842999188,0.22827956670613028,0.9988214671611786
574,unknown,unknown_insufficient_support,3,0.10681617613163985,0.3557816667945249,0.1432419459359593,0.19128602078124338,0.2032970394925644,0.19128602078124338,0.15729359420233302,0.1913976723909237,0.19992369193807139,0.1913976723909237,0.78683074315389
575,unknown,unknown_insufficient_support,3,0.03747231224814085,0.12481219786278608,0.06039226507727152,0.06957544622380749,0.07187124151044148,0.06957544622380749,0.07940635772350868,0.08781492283300814,0.089917064110383,0.08781492283300814,0.9999776283899943
576,unknown,unknown_absolute_residual,5,0.10681617613163985,0.3557816667945249,0.1080753347334922,0.33182933403174875,0.33194403543686535,0.33182933403174875,0.14425128808697724,0.40098932918663566,0.40111252637793415,0.40098932918663566,0.9889954566955567
577,unknown,unknown_absolute_residual,4,0.08002352280746317,0.26654111163950944,0.0611659665776348,0.08464719286020153,0.09358976121809896,0.08464719286020153,0.06723901801939779,0.0785962061069602,0.07938260546941861,0.0785962061069602,0.9865901172161102
578,unknown,unknown_insufficient_support,3,0.10681617613163985,0.3557816667945249,0.0873364747563767,0.13202139420809583,0.14319262407102562,0.13202139420809583,0.05222618460431627,0.1742938973241241,0.20481082550407603,0.1742938973241241,0.9478661815325419
579,unknown,unknown_insufficient_support,1,0.0,0.0,0.0,0.0,0.0,0.0,0.0,0.0,0.0,0.0,1.0
580,unknown,unknown_insufficient_support,2,0.10681617613163985,0.3557816667945249,0.09382793227081943,0.09382793227081945,0.09382793227081945,0.09382793227081945,0.09420247521240727,0.09420247521240743,0.09420247521240747,0.09420247521240743,0.9923163950443268
581,unknown,unknown_absolute_residual,6,0.10681617613163985,0.3557816667945249,0.11698816837050288,0.23026369062240842,0.2507351873182922,0.23026369062240842,0.12686070906584346,0.2317265163328452,0.255641049738835,0.2317265163328452,0.9942857325077057
582,unknown,unknown_insufficient_support,2,0.018319470064013577,0.06101820744954139,0.03907198128544334,0.039071981285443404,0.03907198128544342,0.039071981285443404,0.04802565494712446,0.048025654947124616,0.04802565494712465,0.048025654947124616,1.0
583,unknown,unknown_insufficient_support,3,0.03747231224814085,0.12481219786278608,0.04586288639382693,0.08338795002499994,0.09276921593279319,0.08338795002499994,0.06387962153116389,0.10116719322748763,0.11048908615156856,0.10116719322748763,1.0
584,unknown,unknown_absolute_residual,4,0.10681617613163985,0.3557816667945249,0.07930358953785055,0.10448593108762598,0.11258540823156878,0.10448593108762598,0.08376742650427052,0.13444556719244963,0.15212255304378047,0.13444556719244963,0.9730498045682907
585,unknown,unknown_insufficient_support,2,0.10681617613163985,0.3557816667945249,0.08935971317267574,0.08935971317267588,0.08935971317267592,0.08935971317267588,0.10937283283000651,0.10937283283000665,0.10937283283000668,0.10937283283000665,1.0
586,unknown,unknown_insufficient_support,3,0.10681617613163985,0.3557816667945249,0.07215534995808082,0.1163865301602998,0.12744432521085455,0.1163865301602998,0.06992378906570096,0.11510390026961566,0.12639892807059433,0.11510390026961566,0.8813476959864298
587,unknown,unknown_absolute_residual,5,0.10681617613163985,0.3557816667945249,0.07418792909065264,0.14185794126788426,0.17092750971793066,0.14185794126788426,0.08850188538972607,0.14271040058890835,0.1686209442117332,0.14271040058890835,0.8696676015853881
588,unknown,unknown_absolute_residual,4,0.10681617613163985,0.3557816667945249,0.08502198769415799,0.10487700143750033,0.1103577104673418,0.10487700143750033,0.08075941125198273,0.12481176335575583,0.13973264591224602,0.12481176335575583,0.939235508441925
589,unknown,unknown_absolute_residual,4,0.10681617613163985,0.3557816667945249,0.06523272165512711,0.10581892493877354,0.11956500885231332,0.10581892493877354,0.06028160190034419,0.12420401712418142,0.150067502362657,0.12420401712418142,0.9710641950368881
590,unknown,unknown_absolute_residual,13,0.05336454799405188,0.1777458107998714,0.021798247910009023,0.11583167860651548,0.25958335839482144,0.11583167860651548,0.027054111237186162,0.12111305023291888,0.3056893812407523,0.12111305023291888,0.9977836287938632
591,unknown,unknown_absolute_residual,4,0.05336454799405188,0.1777458107998714,0.08626473023223856,0.183391265824006,0.19171114488814003,0.183391265824006,0.09388433219189804,0.21541455029570547,0.23236035849913625,0.21541455029570547,0.9999624192714691
592,unknown,unknown_absolute_residual,5,0.05336454799405188,0.1777458107998714,0.05733176010146081,0.23981117723401796,0.27046647589579237,0.23981117723401796,0.06652499037896574,0.2674748582364344,0.3080951445996612,0.2674748582364344,0.9859017133712769
593,unknown,unknown_absolute_residual,9,0.05336454799405188,0.1777458107998714,0.05404226041800777,0.19649710612932297,0.22418476119483924,0.19649710612932297,0.06715648136008646,0.20949265772895015,0.2277862467984954,0.20949265772895015,0.8721737364927927
594,unknown,unknown_insufficient_support,3,0.03759899287284674,0.12523414372754807,0.012129073008933497,0.1490543214678615,0.18328563358259348,0.1490543214678615,0.014026878854765201,0.17699269822323185,0.21773415306534852,0.17699269822323185,0.9999738136927286
595,unknown,unknown_absolute_residual,15,0.05336454799405188,0.1777458107998714,0.0544642887887114,0.13985096087043283,0.2768947321197184,0.13985096087043283,0.04858641876121496,0.16828756598554045,0.3260647964166077,0.16828756598554045,0.9868443767229717
596,unknown,unknown_insufficient_support,1,0.0,0.0,0.0,0.0,0.0,0.0,0.0,0.0,0.0,0.0,1.0
597,unknown,unknown_absolute_residual,13,0.05336454799405188,0.1777458107998714,0.03721024649147801,0.06944689260472624,0.07567183545422852,0.06944689260472624,0.04205429910759908,0.07153716284948107,0.07564969177502359,0.07153716284948107,0.985652322952564
598,unknown,unknown_absolute_residual,6,0.052773760576071416,0.1757780252087519,0.06054951112105481,0.1411383857560356,0.2051685866349152,0.1411383857560356,0.06003116501339635,0.1720562826982624,0.24392416932915914,0.1720562826982624,0.997589776913325
599,unknown,unknown_absolute_residual,12,0.05336454799405188,0.1777458107998714,0.04275568199250038,0.1300280904132218,0.2502787604232881,0.1300280904132218,0.04962919467114723,0.1455677666808719,0.2955433247839392,0.1455677666808719,0.8693592871228853
600,unknown,unknown_absolute_residual,12,0.05336454799405188,0.1777458107998714,0.045628404856055925,0.10994323153186192,0.23025788531154434,0.10994323153186192,0.05592260982668354,0.1236867073402761,0.2715914795891658,0.1236867073402761,0.994126965602239
601,unknown,unknown_insufficient_support,1,0.0,0.0,0.0,0.0,0.0,0.0,0.0,0.0,0.0,0.0,1.0
602,unknown,unknown_insufficient_support,2,0.03074408090278935,0.10240190899719107,0.037168808058173075,0.03716880805817331,0.03716880805817337,0.03716880805817331,0.03326333971081292,0.03326333971081292,0.03326333971081292,0.03326333971081292,0.7602357864379883
603,unknown,unknown_low_excitation,4,0.03471232612828368,0.11561927879739674,0.0335665780180454,0.08256677060429174,0.10218084455540118,0.08256677060429174,0.0288496873095929,0.09903440637656835,0.12825828142111745,0.09903440637656835,0.9912695288658142
604,unknown,unknown_absolute_residual,13,0.05336454799405188,0.1777458107998714,0.07662835761106901,0.15591497029628085,0.23607709223239545,0.15591497029628085,0.07840615080830404,0.16775232769570383,0.28673160238832784,0.16775232769570383,0.9405093789100647
605,unknown,unknown_absolute_residual,9,0.05336454799405188,0.1777458107998714,0.06448125875811767,0.15504202466164618,0.25001771143448753,0.15504202466164618,0.07124321508997253,0.1849210903741257,0.3022435348352825,0.1849210903741257,0.9714037511083815
606,unknown,unknown_absolute_residual,11,0.05336454799405188,0.1777458107998714,0.04358355237734521,0.07907109181001737,0.15868351537347752,0.07907109181001737,0.04416727035441157,0.10273157984741574,0.16620461320060226,0.10273157984741574,0.9985648718747225
607,unknown,unknown_insufficient_support,1,0.0,0.0,0.0,0.0,0.0,0.0,0.0,0.0,0.0,0.0,1.0
608,unknown,unknown_insufficient_support,1,0.0,0.0,0.0,0.0,0.0,0.0,0.0,0.0,0.0,0.0,1.0
609,unknown,unknown_insufficient_support,3,0.026571894669875196,0.08850525564485598,0.01581494206703583,0.09874942387598966,0.11948304432822811,0.09874942387598966,0.010715702018213395,0.11446464111940499,0.14040187589470288,0.11446464111940499,0.8979047536849976
610,unknown,unknown_absolute_residual,10,0.05336454799405188,0.1777458107998714,0.05112907096039067,0.11346652722191203,0.21953398759991513,0.11346652722191203,0.05778993157246857,0.13356900658390106,0.26410363376564533,0.13356900658390106,0.9457708418369293
611,unknown,unknown_absolute_residual,8,0.05336454799405188,0.1777458107998714,0.03037246376944583,0.15767319186544226,0.23814318356469766,0.15767319186544226,0.0310907890978058,0.18653382711429012,0.2853878669533358,0.18653382711429012,0.8728961199522018
612,unknown,unknown_insufficient_support,2,0.05336454799405188,0.1777458107998714,0.07256092264096177,0.07256092264096181,0.07256092264096183,0.07256092264096181,0.09013154346463395,0.09013154346463403,0.09013154346463405,0.09013154346463403,1.0
613,unknown,unknown_insufficient_support,3,0.05336454799405188,0.1777458107998714,0.06889769432777565,0.078965841381097,0.08148287814442734,0.078965841381097,0.06889769432777565,0.1045523671453479,0.11346603534974095,0.1045523671453479,0.995613674322764
614,unknown,unknown_insufficient_support,3,0.05336454799405188,0.1777458107998714,0.07404784881090576,0.09828450891932662,0.10434367394643183,0.09828450891932662,0.07404784881090576,0.12113666947509001,0.13290887464113607,0.12113666947509001,0.9986793001492819
615,unknown,unknown_insufficient_support,2,0.05336454799405188,0.1777458107998714,0.05770963903731438,0.05770963903731438,0.05770963903731438,0.05770963903731438,0.06937153302984789,0.06937153302984805,0.0693715330298481,0.06937153302984805,1.0
616,unknown,unknown_insufficient_support,2,0.052773760576071416,0.1757780252087519,0.10221576427556381,0.10221576427556388,0.10221576427556389,0.10221576427556388,0.12772771273235609,0.12772771273235628,0.12772771273235634,0.12772771273235628,0.9941914975643158
617,unknown,unknown_insufficient_support,2,0.052773760576071416,0.1757780252087519,0.06488873587844485,0.06488873587844493,0.06488873587844494,0.06488873587844493,0.09044939634710143,0.09044939634710163,0.09044939634710168,0.09044939634710163,0.9999932646751404
618,unknown,unknown_insufficient_support,1,0.0,0.0,0.0,0.0,0.0,0.0,0.0,0.0,0.0,0.0,1.0
619,unknown,unknown_insufficient_support,1,0.0,0.0,0.0,0.0,0.0,0.0,0.0,0.0,0.0,0.0,1.0
620,unknown,unknown_insufficient_support,2,0.052773760576071416,0.1757780252087519,0.11402771470981592,0.11402771470981596,0.11402771470981597,0.11402771470981596,0.13990329177589475,0.1399032917758948,0.1399032917758948,0.1399032917758948,0.9998290538787842
621,unknown,unknown_low_excitation,4,0.04437064229258636,0.14778904884354863,0.05482708836025149,0.12749160455141875,0.15371053364190904,0.12749160455141875,0.06334955133407816,0.15326285471270454,0.18544524808321664,0.15326285471270454,1.0
622,unknown,unknown_absolute_residual,6,0.05336454799405188,0.1777458107998714,0.01736308628657182,0.09937105842774467,0.15974601085940723,0.09937105842774467,0.02516733573255006,0.1254926064947256,0.20735438675610618,0.1254926064947256,0.9776378075281779
623,unknown,unknown_insufficient_support,1,0.0,0.0,0.0,0.0,0.0,0.0,0.0,0.0,0.0,0.0,1.0
624,unknown,unknown_insufficient_support,1,0.0,0.0,0.0,0.0,0.0,0.0,0.0,0.0,0.0,0.0,1.0
625,unknown,unknown_insufficient_support,2,0.05336454799405188,0.1777458107998714,0.05388958685382557,0.05388958685382557,0.05388958685382557,0.05388958685382557,0.07295015337334994,0.07295015337335009,0.07295015337335013,0.07295015337335009,0.9999521970748901
626,unknown,unknown_insufficient_support,1,0.0,0.0,0.0,0.0,0.0,0.0,0.0,0.0,0.0,0.0,1.0
627,unknown,unknown_insufficient_support,2,0.05336454799405188,0.1777458107998714,0.10556405824580369,0.10556405824580377,0.1055640582458038,0.10556405824580377,0.119477470469108,0.119477470469108,0.119477470469108,0.119477470469108,0.6814235001802444
628,unknown,unknown_insufficient_support,2,0.05336454799405188,0.1777458107998714,0.09306468544618686,0.09306468544618697,0.093064685446187,0.09306468544618697,0.10767447367522509,0.10767447367522535,0.10767447367522542,0.10767447367522535,0.6955391466617584
629,unknown,unknown_insufficient_support,1,0.0,0.0,0.0,0.0,0.0,0.0,0.0,0.0,0.0,0.0,1.0
630,unknown,unknown_insufficient_support,1,0.0,0.0,0.0,0.0,0.0,0.0,0.0,0.0,0.0,0.0,1.0
631,unknown,unknown_insufficient_support,1,0.0,0.0,0.0,0.0,0.0,0.0,0.0,0.0,0.0,0.0,1.0
632,unknown,unknown_insufficient_support,1,0.0,0.0,0.0,0.0,0.0,0.0,0.0,0.0,0.0,0.0,1.0
633,unknown,unknown_insufficient_support,2,0.05336454799405188,0.1777458107998714,0.07554405123834934,0.07554405123834947,0.0755440512383495,0.07554405123834947,0.09133904618768551,0.09133904618768551,0.09133904618768551,0.09133904618768551,0.9989295899868011
634,unknown,unknown_insufficient_support,2,0.05336454799405188,0.1777458107998714,0.17500302327503658,0.17500302327503678,0.1750030232750368,0.17500302327503678,0.18169709146409913,0.18169709146409935,0.1816970914640994,0.18169709146409935,0.9972412586212158
635,unknown,unknown_insufficient_support,2,0.05336454799405188,0.1777458107998714,0.17724892527702846,0.17724892527702854,0.17724892527702857,0.17724892527702854,0.18305571945145688,0.18305571945145702,0.18305571945145704,0.18305571945145702,0.935051828622818
636,unknown,unknown_insufficient_support,3,0.05336454799405188,0.1777458107998714,0.17020141852760148,0.2587685333716602,0.2809103120826749,0.2587685333716602,0.19960783699142348,0.26464981706442464,0.2809103120826749,0.26464981706442464,0.6470082402229309
637,unknown,unknown_insufficient_support,1,0.0,0.0,0.0,0.0,0.0,0.0,0.0,0.0,0.0,0.0,1.0
638,unknown,unknown_insufficient_support,3,0.05336454799405188,0.1777458107998714,0.0207092077469987,0.0402926742175822,0.04518854083522808,0.0402926742175822,0.05214279527802016,0.05477018670896278,0.05542703456669844,0.05477018670896278,0.9752175211906433
639,unknown,unknown_insufficient_support,2,0.05336454799405188,0.1777458107998714,0.051280436864375875,0.051280436864376014,0.05128043686437605,0.051280436864376014,0.06499445111211773,0.06499445111211798,0.06499445111211805,0.06499445111211798,0.928144633769989
640,unknown,unknown_insufficient_support,2,0.05336454799405188,0.1777458107998714,0.08758936263187765,0.08758936263187768,0.08758936263187768,0.08758936263187768,0.10405103172781008,0.10405103172781022,0.10405103172781026,0.10405103172781022,1.0
641,unknown,unknown_absolute_residual,7,0.05336454799405188,0.1777458107998714,0.05532043362070679,0.11455179692122769,0.1561906097486358,0.11455179692122769,0.05375505290898583,0.11489598809878966,0.1555478837407086,0.11489598809878966,0.9248506341661725
642,unknown,unknown_insufficient_support,2,0.0017300460980078647,0.005762410775892587,0.0046271505280817814,0.004627150528082107,0.004627150528082188,0.004627150528082107,0.005475525499793424,0.005475525499793453,0.00547552549979346,0.005475525499793453,1.0
643,unknown,unknown_insufficient_support,2,0.0017300460980078647,0.005762410775892587,0.0034082909841763025,0.0034082909841764673,0.0034082909841765085,0.0034082909841764673,0.004259000563821523,0.00425900056382183,0.0042590005638219065,0.00425900056382183,1.0
644,unknown,unknown_insufficient_support,2,0.0017300460980078647,0.005762410775892587,0.006353027865572319,0.006353027865572492,0.006353027865572535,0.006353027865572492,0.00714260783659122,0.007142607836591253,0.007142607836591261,0.007142607836591253,1.0
645,unknown,unknown_insufficient_support,3,0.0056982913235021915,0.01897978057609826,0.02301028046231994,0.029081119709369975,0.030598829521132485,0.029081119709369975,0.024641777260002124,0.03234136750108687,0.034266265061358055,0.03234136750108687,1.0
646,unknown,unknown_insufficient_support,2,0.0017300460980078647,0.005762410775892587,0.020366941973826876,0.020366941973826925,0.020366941973826935,0.020366941973826925,0.020939505545371252,0.020939505545371263,0.020939505545371266,0.020939505545371263,1.0
647,unknown,unknown_low_excitation,12,0.024350513189270395,0.08110631257857293,0.037888240622640346,0.07514729645716475,0.09712481264325018,0.07514729645716475,0.041605618197486066,0.0821636579173971,0.08879728530401895,0.0821636579173971,1.0
648,unknown,unknown_low_excitation,12,0.024350513189270395,0.08110631257857293,0.0322684455002953,0.04674875378406853,0.04972499128269908,0.04674875378406853,0.03270817204356319,0.048077326231389404,0.056044018934325444,0.048077326231389404,0.9143836622436842
649,unknown,unknown_insufficient_support,1,0.0,0.0,0.0,0.0,0.0,0.0,0.0,0.0,0.0,0.0,1.0
650,unknown,unknown_insufficient_support,1,0.0,0.0,0.0,0.0,0.0,0.0,0.0,0.0,0.0,0.0,1.0
651,unknown,unknown_insufficient_support,1,0.0,0.0,0.0,0.0,0.0,0.0,0.0,0.0,0.0,0.0,1.0
652,unknown,unknown_insufficient_support,3,0.024350513189270395,0.08110631257857293,0.03821179427152872,0.06987768714094268,0.07779416035829617,0.06987768714094268,0.03821179427152872,0.0809255480896635,0.09160398654419719,0.0809255480896635,0.9942419727643331
653,unknown,unknown_low_excitation,8,0.024350513189270395,0.08110631257857293,0.02168379892413334,0.0595513234591821,0.06560453067192983,0.0595513234591821,0.02311652843322464,0.06638953951595454,0.06819377073679887,0.06638953951595454,0.9999114274978638
654,unknown,unknown_low_excitation,12,0.024350513189270395,0.08110631257857293,0.03940862074920384,0.06758488937927414,0.10507514330902963,0.06758488937927414,0.047303249494602184,0.0792078404935509,0.11451914366645632,0.0792078404935509,0.9949589471022288
655,unknown,unknown_insufficient_support,3,0.0056982913235021915,0.01897978057609826,0.01971913447271234,0.02612029253031971,0.027720582044721553,0.02612029253031971,0.02243897196506718,0.02800617938441849,0.029397981239256316,0.02800617938441849,0.9998587965965271
656,unknown,unknown_insufficient_support,1,0.0,0.0,0.0,0.0,0.0,0.0,0.0,0.0,0.0,0.0,1.0
657,unknown,unknown_insufficient_support,1,0.0,0.0,0.0,0.0,0.0,0.0,0.0,0.0,0.0,0.0,1.0
658,unknown,unknown_insufficient_support,1,0.0,0.0,0.0,0.0,0.0,0.0,0.0,0.0,0.0,0.0,1.0
659,unknown,unknown_low_excitation,11,0.024350513189270395,0.08110631257857293,0.03567548906526068,0.060118623974077766,0.09703762552534276,0.060118623974077766,0.03931709387694752,0.07484807153493979,0.10331835553575772,0.07484807153493979,0.9999919046055187
660,unknown,unknown_low_excitation,4,0.024350513189270395,0.08110631257857293,0.01594285821237216,0.16601839903352944,0.227397833326921,0.16601839903352944,0.017079579048423436,0.18012309271245186,0.24702503638944368,0.18012309271245186,0.9529391527175903
661,unknown,unknown_low_excitation,6,0.024350513189270395,0.08110631257857293,0.21563794341347245,0.2408353300002397,0.2459421922993466,0.2408353300002397,0.22574054008232303,0.2502674454882253,0.2529754048773401,0.2502674454882253,0.9086315234502157
662,unknown,unknown_low_excitation,9,0.024350513189270395,0.08110631257857293,0.022671283260462093,0.040452598116266156,0.049236099551351366,0.040452598116266156,0.03240030774426806,0.04487674447350073,0.059449347185319454,0.04487674447350073,0.9999893373913236
663,unknown,unknown_low_excitation,5,0.02375972577128993,0.07913852698745343,0.0309194338899109,0.0314685149472903,0.03175236022781505,0.0314685149472903,0.02172422461712206,0.03363953373645116,0.037052953165326974,0.03363953373645116,0.9999959707260132
664,unknown,unknown_low_excitation,4,0.024350513189270395,0.08110631257857293,0.032640411826116426,0.18064053089096158,0.2355722377426693,0.18064053089096158,0.034640933281849216,0.19513871448455256,0.2551409293909262,0.19513871448455256,0.99997678399086
665,unknown,unknown_insufficient_support,3,0.015356607487804874,0.051149550622250135,0.07548680867899371,0.10952673946336158,0.11803672215945356,0.10952673946336158,0.0866515632826029,0.11284147784855458,0.11938895649004251,0.11284147784855458,0.9996223052342733
666,unknown,unknown_low_excitation,6,0.024350513189270395,0.08110631257857293,0.021198556503500894,0.027421398772357268,0.030098361961590485,0.027421398772357268,0.018235736149680548,0.027026063575317918,0.03277019808602996,0.027026063575317918,1.0
667,unknown,unknown_insufficient_support,2,0.02375972577128993,0.07913852698745343,0.01183136328151518,0.01183136328151531,0.011831363281515343,0.01183136328151531,0.012028751218436736,0.01202875121843676,0.012028751218436768,0.01202875121843676,0.9999999403953552
668,unknown,unknown_low_excitation,4,0.024350513189270395,0.08110631257857293,0.014844857832802772,0.021018108121429714,0.023241018544441376,0.021018108121429714,0.013717665896492587,0.014785765284105393,0.015144968939386987,0.014785765284105393,0.9999999701976776
669,unknown,unknown_insufficient_support,3,0.0056982913235021915,0.01897978057609826,0.029945689062348412,0.03778422701318057,0.039743861500888614,0.03778422701318057,0.03268808145741977,0.03930698042610548,0.040961705168276914,0.03930698042610548,0.9999957084655762
670,unknown,unknown_low_excitation,4,0.024350513189270395,0.08110631257857293,0.02285412875812476,0.12680931397210826,0.17012168889820223,0.12680931397210826,0.02496817905105695,0.1419740164299903,0.19065382921992896,0.1419740164299903,0.9961560368537903
671,unknown,unknown_low_excitation,7,0.024350513189270395,0.08110631257857293,0.01653399689053932,0.02364585174956315,0.023650447983822306,0.02364585174956315,0.012887369537001162,0.026546778299034613,0.03104695417826442,0.026546778299034613,1.0
672,unknown,unknown_low_excitation,8,0.024350513189270395,0.08110631257857293,0.017579652876019966,0.026048860279372626,0.028032366525573147,0.026048860279372626,0.01970511110608865,0.02568087843353209,0.02885490760163723,0.02568087843353209,1.0
673,unknown,unknown_low_excitation,8,0.024350513189270395,0.08110631257857293,0.022659639018199923,0.0540037938236533,0.07353154463947052,0.0540037938236533,0.02188723484096708,0.0605269162529853,0.07986395730209135,0.0605269162529853,1.0
674,unknown,unknown_low_excitation,7,0.024350513189270395,0.08110631257857293,0.026599988513762586,0.0446090531971352,0.053577845067000765,0.0446090531971352,0.02611448475026501,0.04547165161671731,0.04695291723370454,0.04547165161671731,1.0
675,unknown,unknown_low_excitation,4,0.024350513189270395,0.08110631257857293,0.031172890277804018,0.06986274428946326,0.08048986423992804,0.06986274428946326,0.03349598927756094,0.08249489036334884,0.09713738722470257,0.08249489036334884,0.9999309331178665
676,unknown,unknown_insufficient_support,3,0.0056982913235021915,0.01897978057609826,0.01779359075161852,0.018451867469763163,0.018616436649299323,0.018451867469763163,0.019482101530892887,0.021944388130382693,0.022559959780255146,0.021944388130382693,1.0
677,unknown,unknown_insufficient_support,3,0.0056982913235021915,0.01897978057609826,0.02663981509119759,0.02933027648726875,0.030002891836286537,0.02933027648726875,0.029057368058112903,0.03113484791094053,0.03165421787414744,0.03113484791094053,1.0
678,unknown,unknown_insufficient_support,2,0.024350513189270395,0.08110631257857293,0.021451943333237102,0.02145194333323722,0.02145194333323725,0.02145194333323722,0.027810892485862247,0.027810892485862312,0.02781089248586233,0.027810892485862312,1.0
679,unknown,unknown_low_excitation,4,0.024350513189270395,0.08110631257857293,0.016862546618748937,0.025663856830747504,0.02753930658676855,0.025663856830747504,0.0226674597437874,0.03451878252584932,0.03784875389746284,0.03451878252584932,1.0
680,unknown,unknown_low_excitation,5,0.024350513189270395,0.08110631257857293,0.0185324441977332,0.024852312375575312,0.026418456306823837,0.024852312375575312,0.010299760860288146,0.023972790009012375,0.025265816151262294,0.023972790009012375,1.0
681,unknown,unknown_low_excitation,9,0.024350513189270395,0.08110631257857293,0.018486288577550216,0.04676387897250048,0.12781147117988262,0.04676387897250048,0.019215518921674595,0.05115809445123215,0.13198787523352484,0.05115809445123215,1.0
682,unknown,unknown_low_excitation,9,0.024350513189270395,0.08110631257857293,0.028850212069275828,0.03953996392944873,0.03966430848388064,0.03953996392944873,0.028566891269032224,0.04395185691689468,0.045256562861557645,0.04395185691689468,1.0
683,unknown,unknown_low_excitation,11,0.024350513189270395,0.08110631257857293,0.029271714150252797,0.24722706466930444,0.2636391124920609,0.24722706466930444,0.03440935475546438,0.24846686104083784,0.2644394599840049,0.24846686104083784,0.9892723235217008
684,unknown,unknown_low_excitation,8,0.024350513189270395,0.08110631257857293,0.02395898095960148,0.03817273245506057,0.05345351356425515,0.03817273245506057,0.02487620560349036,0.04048785776494721,0.058064927200055384,0.04048785776494721,1.0
685,unknown,unknown_insufficient_support,2,0.0017300460980078647,0.005762410775892587,0.010303200158263505,0.010303200158263573,0.01030320015826359,0.010303200158263573,0.011120706805446289,0.011120706805446402,0.01112070680544643,0.011120706805446402,1.0
686,unknown,unknown_insufficient_support,2,0.0017300460980078647,0.005762410775892587,0.0088193657624687,0.0088193657624687,0.0088193657624687,0.0088193657624687,0.009607706429377867,0.009607706429377885,0.009607706429377888,0.009607706429377885,1.0
687,unknown,unknown_insufficient_support,3,0.015356607487804874,0.051149550622250135,0.017156030722737015,0.030065949121541827,0.03329342872124303,0.030065949121541827,0.018793368597243062,0.03759605182316039,0.042296722629639724,0.03759605182316039,1.0
688,unknown,unknown_low_excitation,8,0.024350513189270395,0.08110631257857293,0.10554655797917495,0.38222511447694074,0.4165263877508513,0.38222511447694074,0.10878103289405108,0.37743317717501246,0.4084161006434577,0.37743317717501246,1.0
689,unknown,unknown_low_excitation,7,0.024350513189270395,0.08110631257857293,0.016620521323826708,0.03405117974709012,0.0476060311772375,0.03405117974709012,0.013550167858641477,0.039973492033155825,0.05566936805118904,0.039973492033155825,1.0
690,unknown,unknown_low_excitation,8,0.024350513189270395,0.08110631257857293,0.02233057651067538,0.055548719758089296,0.07573206557681489,0.055548719758089296,0.02521272647102089,0.059442456636824334,0.0857876422178549,0.059442456636824334,0.9993524923920631
691,unknown,unknown_low_excitation,4,0.024350513189270395,0.08110631257857293,0.01841390886528686,0.03437871432568848,0.0366824333833859,0.03437871432568848,0.016631008401589206,0.026739249897601722,0.027350200485470138,0.026739249897601722,1.0
692,unknown,unknown_insufficient_support,3,0.024350513189270395,0.08110631257857293,0.014370570491445883,0.020436700024236736,0.02195323240743445,0.020436700024236736,0.014996715579143291,0.02236132071533325,0.02420247199938074,0.02236132071533325,1.0
693,unknown,unknown_insufficient_support,3,0.015356607487804874,0.051149550622250135,0.0205474227528763,0.02105940031366908,0.021187394703867275,0.02105940031366908,0.02221200266467654,0.031548804270542435,0.03388300467200891,0.031548804270542435,1.0
694,unknown,unknown_low_excitation,8,0.024350513189270395,0.08110631257857293,0.014237028068125551,0.031174644426107068,0.03213815347184845,0.031174644426107068,0.013168395789690085,0.02934115986806002,0.037392694318741614,0.02934115986806002,0.9999879747629166
695,unknown,unknown_low_excitation,5,0.024350513189270395,0.08110631257857293,0.015214304522728253,0.01754575172693123,0.018014498384349695,0.01754575172693123,0.009355011070906454,0.019839973641985514,0.020408916330764658,0.019839973641985514,1.0
696,unknown,unknown_low_excitation,8,0.024350513189270395,0.08110631257857293,0.03304446457957158,0.04558693321836634,0.05863961791260628,0.04558693321836634,0.03483582270818271,0.046366784386679474,0.0627858860670864,0.046366784386679474,1.0
697,unknown,unknown_low_excitation,6,0.024350513189270395,0.08110631257857293,0.01775070602256805,0.02160119274691002,0.02419560566136922,0.02160119274691002,0.014501065141652643,0.022907775783401214,0.025953032338809103,0.022907775783401214,1.0
698,unknown,unknown_insufficient_support,2,0.024350513189270395,0.08110631257857293,0.018027133411024906,0.01802713341102499,0.01802713341102501,0.01802713341102499,0.018251171444174125,0.018251171444174135,0.01825117144417414,0.018251171444174135,1.0
699,unknown,unknown_low_excitation,6,0.024350513189270395,0.08110631257857293,0.015466273110223892,0.02773318998433713,0.031168694284802467,0.02773318998433713,0.019455426579928773,0.030484275237749082,0.03373669734563001,0.030484275237749082,0.9999991854031881
700,unknown,unknown_low_excitation,6,0.024350513189270395,0.08110631257857293,0.013201790717597185,0.022739562556690962,0.027161588717781893,0.022739562556690962,0.01205602570128809,0.029090003603170874,0.0327923690742566,0.029090003603170874,0.9999997218449911
701,unknown,unknown_low_excitation,8,0.024350513189270395,0.08110631257857293,0.017980188206365523,0.05899355263062405,0.10984592682785779,0.05899355263062405,0.017622261821176634,0.06034111525456516,0.11237471083752922,0.06034111525456516,0.9973457902669907
702,unknown,unknown_low_excitation,9,0.024350513189270395,0.08110631257857293,0.023529606661938103,0.032799512454240655,0.03428901978189171,0.032799512454240655,0.02400836896751834,0.03353547203951749,0.037523029243233995,0.03353547203951749,0.9947949912812974
703,unknown,unknown_low_excitation,11,0.024350513189270395,0.08110631257857293,0.02323838680324869,0.04059475513333584,0.044772439680788936,0.04059475513333584,0.02053158816770911,0.0436122483349513,0.04722376434262913,0.0436122483349513,0.9998514002019708
704,unknown,unknown_low_excitation,8,0.015765555121205144,0.05251166707232335,0.03024669466291001,0.03747035386471911,0.047417154947751526,0.03747035386471911,0.032284788683552265,0.04493077828801606,0.04540352433193102,0.04493077828801606,1.0
705,unknown,unknown_low_excitation,4,0.015765555121205144,0.05251166707232335,0.027545549699609415,0.044785276259656746,0.0474024498988606,0.044785276259656746,0.034240459140363035,0.050635168160058946,0.05131209387713504,0.050635168160058946,0.9999997913837433
706,unknown,unknown_low_excitation,5,0.015765555121205144,0.05251166707232335,0.06997106647005984,0.08231414788427081,0.08403349142317781,0.08231414788427081,0.06997106647005984,0.09480120523092314,0.0990824557590559,0.09480120523092314,0.999987268447876
707,unknown,unknown_low_excitation,5,0.015765555121205144,0.05251166707232335,0.033009349608769306,0.06645523199788536,0.07648266204567111,0.06645523199788536,0.033009349608769306,0.07763772044179795,0.08462521316293893,0.07763772044179795,0.9999999761581421
708,unknown,unknown_insufficient_support,2,0.006771649419739623,0.022554905116000556,0.009448262397515108,0.00944826239751513,0.009448262397515136,0.00944826239751513,0.012768337904649528,0.012768337904649528,0.012768337904649528,0.012768337904649528,0.9999891519546509
709,unknown,unknown_low_excitation,9,0.015765555121205144,0.05251166707232335,0.05194416058963419,0.08435523043427336,0.09466194419281578,0.08435523043427336,0.05240640272405003,0.08446985068798073,0.09523504546135264,0.08446985068798073,1.0
710,unknown,unknown_low_excitation,9,0.015765555121205144,0.05251166707232335,0.03208504565665491,0.056789253476686376,0.05809302071230696,0.056789253476686376,0.031378910774065225,0.060037933157571305,0.06178844132475571,0.060037933157571305,0.999996715121799
711,unknown,unknown_insufficient_support,3,0.015765555121205144,0.05251166707232335,0.01176240388160734,0.01831845385292244,0.019957466345751212,0.01831845385292244,0.010541495966307064,0.026794851580621285,0.03085819048419984,0.026794851580621285,0.9999989668528239
712,unknown,unknown_insufficient_support,3,0.015765555121205144,0.05251166707232335,0.02618766055644525,0.028023619112175432,0.028482608751107977,0.028023619112175432,0.021553840662042894,0.0368608373528367,0.04068758652553515,0.0368608373528367,1.0
713,unknown,unknown_low_excitation,9,0.015765555121205144,0.05251166707232335,0.04291691089907171,0.08349064295524698,0.08488947124921138,0.08349064295524698,0.04586973466638965,0.08393906418492277,0.08488947124921138,0.08393906418492277,0.9995362030135261
714,unknown,unknown_low_excitation,9,0.015765555121205144,0.05251166707232335,0.038574816830875186,0.05240700934741303,0.08352425779050233,0.05240700934741303,0.04315665667266729,0.05345901461418996,0.08352425779050233,0.05345901461418996,0.9998942746056451
715,unknown,unknown_low_excitation,5,0.015765555121205144,0.05251166707232335,0.030238856052341074,0.0501669377137533,0.05341943711170461,0.0501669377137533,0.030238856052341074,0.06154153808441034,0.06207170277649072,0.06154153808441034,0.9995576739311218
716,unknown,unknown_low_excitation,8,0.015765555121205144,0.05251166707232335,0.02952409090026585,0.05334207931833282,0.055141203255533414,0.05334207931833282,0.031092814740076517,0.053393452070062526,0.05520614432046922,0.053393452070062526,1.0
717,unknown,unknown_low_excitation,9,0.015765555121205144,0.05251166707232335,0.029023698066282144,0.03715618749405761,0.05352756058658111,0.03715618749405761,0.03193192230250326,0.042636646994282726,0.05352756058658111,0.042636646994282726,0.9999998145633273
718,unknown,unknown_low_excitation,7,0.015765555121205144,0.05251166707232335,0.024928903224272967,0.03636654389923492,0.040267511991513114,0.03636654389923492,0.0294258004758429,0.040642838635212584,0.04116950566056817,0.040642838635212584,0.9999999829701015
719,unknown,unknown_low_excitation,9,0.015765555121205144,0.05251166707232335,0.031244781880116475,0.05903039666925706,0.07251717437822615,0.05903039666925706,0.0312638772529394,0.0650872935697364,0.07254504564416459,0.0650872935697364,0.9999579522344801
720,unknown,unknown_low_excitation,7,0.015765555121205144,0.05251166707232335,0.023437840858563333,0.05924671315129148,0.06514169937652095,0.05924671315129148,0.023437840858563333,0.0717575999192296,0.07307790757563155,0.0717575999192296,0.9974521824291774
721,unknown,unknown_low_excitation,9,0.015765555121205144,0.05251166707232335,0.02567149474521584,0.04194106939850824,0.04600572146168024,0.04194106939850824,0.029821073978442227,0.04194106939850822,0.04600572146168022,0.04194106939850822,1.0
722,unknown,unknown_low_excitation,8,0.015765555121205144,0.05251166707232335,0.02501767868840759,0.03172600166686202,0.03381547852029453,0.03172600166686202,0.02663275275973303,0.03805050857112286,0.03809015139621516,0.03805050857112286,0.9999980628490448
723,unknown,unknown_low_excitation,8,0.015765555121205144,0.05251166707232335,0.02227146999948438,0.02982657148530709,0.03363476801941205,0.02982657148530709,0.022324118770518583,0.030289149564725237,0.034051459250501494,0.030289149564725237,1.0
724,unknown,unknown_low_excitation,4,0.015765555121205144,0.05251166707232335,0.015130263347310121,0.019805419982091253,0.020001337676959916,0.019805419982091253,0.01938438782203309,0.022479679562635798,0.023006468084365968,0.022479679562635798,0.9999364167451859
725,unknown,unknown_low_excitation,9,0.015765555121205144,0.05251166707232335,0.038282516498404695,0.06544925790762558,0.07725716863478221,0.06544925790762558,0.03858627183426995,0.07879184674187992,0.08519329795526086,0.07879184674187992,0.9999988608890109
726,unknown,unknown_low_excitation,8,0.015765555121205144,0.05251166707232335,0.02348916403348626,0.042281698730287164,0.058816864734749,0.042281698730287164,0.02841097581557777,0.039072986170909804,0.05468740081756574,0.039072986170909804,1.0
727,unknown,unknown_low_excitation,8,0.015765555121205144,0.05251166707232335,0.015595190234630098,0.0239569023758294,0.026613537307692847,0.0239569023758294,0.020669469584424532,0.023955215899588246,0.0282783725209739,0.023955215899588246,1.0
728,unknown,unknown_low_excitation,8,0.015765555121205144,0.05251166707232335,0.020944214797441834,0.03209645127427149,0.03448745918172786,0.03209645127427149,0.02120291535647112,0.031210279098048285,0.03728385297972109,0.031210279098048285,0.9999999850988388
729,unknown,unknown_low_excitation,7,0.015765555121205144,0.05251166707232335,0.02190647566226966,0.026963379044521597,0.02876737209169156,0.026963379044521597,0.02505532543015655,0.02715076339294494,0.02868038045782187,0.02715076339294494,1.0
730,unknown,unknown_low_excitation,7,0.015765555121205144,0.05251166707232335,0.0196996935717525,0.08623342366182891,0.0950200359604304,0.08623342366182891,0.0196996935717525,0.0911412614133253,0.0950200359604304,0.0911412614133253,0.9999349798474994
731,unknown,unknown_insufficient_support,2,0.006771649419739623,0.022554905116000556,0.009829247669045416,0.009829247669045553,0.009829247669045587,0.009829247669045553,0.013172001310585945,0.013172001310585945,0.013172001310585945,0.013172001310585945,1.0
732,unknown,unknown_low_excitation,5,0.015765555121205144,0.05251166707232335,0.021186667357308377,0.037469187141070934,0.04561657189719516,0.037469187141070934,0.021186667357308377,0.043513228937012996,0.04561657189719516,0.043513228937012996,1.0
733,unknown,unknown_low_excitation,8,0.015765555121205144,0.05251166707232335,0.014679786165533082,0.022409345537854033,0.026467577964115807,0.022409345537854033,0.014551298415102595,0.022388680029551213,0.025113261776046125,0.022388680029551213,1.0
734,unknown,unknown_low_excitation,7,0.015765555121205144,0.05251166707232335,0.016568071603100577,0.02382917597047048,0.0299019839929632,0.02382917597047048,0.017772090452634882,0.023660369914214018,0.030460804439687985,0.023660369914214018,1.0
735,unknown,unknown_low_excitation,7,0.015765555121205144,0.05251166707232335,0.034422932980044604,0.08297071415425601,0.10004130898242435,0.08297071415425601,0.03703155822146339,0.0795346459029024,0.09658466357976886,0.0795346459029024,0.9999998978206089
736,unknown,unknown_low_excitation,7,0.015765555121205144,0.05251166707232335,0.023651945459258677,0.07960464345008136,0.15900980643091328,0.07960464345008136,0.023121823471026343,0.08157725960129117,0.15706400589702846,0.08157725960129117,0.9999776908329555
737,unknown,unknown_low_excitation,4,0.015765555121205144,0.05251166707232335,0.02693210749043832,0.05062123805148982,0.05701683618433224,0.05062123805148982,0.030048169042304736,0.055553054196620794,0.06373220754772417,0.055553054196620794,0.9999922513961792
738,unknown,unknown_insufficient_support,2,0.006771649419739623,0.022554905116000556,0.011010598064503144,0.011010598064503182,0.011010598064503191,0.011010598064503182,0.014361325384583606,0.014361325384583639,0.014361325384583646,0.014361325384583639,1.0
739,unknown,unknown_insufficient_support,3,0.015765555121205144,0.05251166707232335,0.018752177194142315,0.03165702353781485,0.03488323512373298,0.03165702353781485,0.02545187479065019,0.03986414228053613,0.04346720915300761,0.03986414228053613,1.0
740,unknown,unknown_low_excitation,8,0.015765555121205144,0.05251166707232335,0.013858860187609076,0.018803647528381484,0.02035258003982404,0.018803647528381484,0.015735439718237106,0.017354401167275966,0.019340037338177615,0.017354401167275966,1.0
741,unknown,unknown_low_excitation,8,0.015765555121205144,0.05251166707232335,0.02789103898083207,0.03910069850305508,0.051845159300583685,0.03910069850305508,0.030543358780953506,0.045074409115334606,0.05392757904837971,0.045074409115334606,1.0
742,unknown,unknown_low_excitation,7,0.015765555121205144,0.05251166707232335,0.016714634645854196,0.021863255423924886,0.02791825230913849,0.021863255423924886,0.012855136588973663,0.02416239572984566,0.03716354918681798,0.02416239572984566,1.0
743,unknown,unknown_low_excitation,8,0.015765555121205144,0.05251166707232335,0.014474379988461268,0.03693186254457071,0.06067422634691514,0.03693186254457071,0.016630833355435283,0.0377249424725905,0.061017976572179555,0.0377249424725905,0.9597129970788956
744,unknown,unknown_low_excitation,9,0.015765555121205144,0.05251166707232335,0.026944550525897337,0.06079082870474164,0.0780282269997442,0.06079082870474164,0.01904559111747533,0.07052181968855908,0.08599399077423987,0.07052181968855908,0.9922182096375359
745,unknown,unknown_low_excitation,8,0.015765555121205144,0.05251166707232335,0.040715375419364035,0.1114596624586129,0.12236604046786968,0.1114596624586129,0.043823651463424096,0.10732204147751619,0.11837427468716998,0.10732204147751619,0.9998723864555359
746,unknown,unknown_low_excitation,8,0.015765555121205144,0.05251166707232335,0.028546539305451285,0.10362855276181732,0.24715988159080735,0.10362855276181732,0.02896902341383266,0.10548867184834845,0.25119019972855733,0.10548867184834845,0.9999970048666
747,unknown,unknown_low_excitation,5,0.015765555121205144,0.05251166707232335,0.017756793586058528,0.025813148543314776,0.025824346902360244,0.025813148543314776,0.011550446871751899,0.027240058560261612,0.033324371883281155,0.027240058560261612,1.0
748,unknown,unknown_low_excitation,8,0.015765555121205144,0.05251166707232335,0.023260165398324727,0.03701227911023247,0.04601510106360769,0.03701227911023247,0.024416092717442106,0.043726953219394425,0.06123469733791569,0.043726953219394425,1.0
749,unknown,unknown_low_excitation,8,0.015765555121205144,0.05251166707232335,0.019734807884096654,0.02883067713275219,0.029427347367798746,0.02883067713275219,0.02151923730401322,0.03273717706461475,0.03903402886683491,0.03273717706461475,1.0
750,unknown,unknown_low_excitation,8,0.015765555121205144,0.05251166707232335,0.021102232627490912,0.03273195849474681,0.04071553432838669,0.03273195849474681,0.02309028356137018,0.035929352077767866,0.049217785135091785,0.035929352077767866,1.0
751,unknown,unknown_low_excitation,8,0.015765555121205144,0.05251166707232335,0.09047828244349757,0.5546293788930967,0.5552278470798294,0.5546293788930967,0.08754837128202134,0.5590201307802366,0.5595047517616267,0.5590201307802366,1.0
752,unknown,unknown_low_excitation,8,0.015765555121205144,0.05251166707232335,0.019814612732000303,0.058743135705159266,0.11239358519077569,0.058743135705159266,0.02393309864050626,0.05736129689487045,0.1128089618149297,0.05736129689487045,0.9383309260010719
753,unknown,unknown_low_excitation,5,0.015765555121205144,0.05251166707232335,0.016841158863848082,0.02046936866785233,0.02176289163895283,0.02046936866785233,0.016651562178158663,0.02075788756042994,0.022666507155514902,0.02075788756042994,0.9999974727630615
754,unknown,unknown_low_excitation,4,0.015765555121205144,0.05251166707232335,0.018141277419424416,0.02357262620360717,0.023738521964163175,0.02357262620360717,0.013120476226679528,0.018267184115908296,0.01980975216884133,0.018267184115908296,0.9999999701976776
755,unknown,unknown_low_excitation,4,0.015765555121205144,0.05251166707232335,0.02527480503342927,0.03317158605886452,0.034360699355096724,0.03317158605886452,0.019072712272439424,0.03541637552428162,0.038192569006442974,0.03541637552428162,1.0
756,unknown,unknown_low_excitation,4,0.015765555121205144,0.05251166707232335,0.00778220059466619,0.010445537854546568,0.0114413917700157,0.010445537854546568,0.011950409771034546,0.01436366374930899,0.015122372880820766,0.01436366374930899,1.0
757,unknown,unknown_low_excitation,7,0.015765555121205144,0.05251166707232335,0.019580701241777482,0.04590951935250898,0.04936724626840712,0.04590951935250898,0.02128402312631495,0.0467285607070146,0.048499366921478215,0.0467285607070146,1.0
758,unknown,unknown_low_excitation,8,0.015765555121205144,0.05251166707232335,0.015137561114509774,0.01950251751303266,0.023924494626727088,0.01950251751303266,0.012937361444205141,0.024073251485047586,0.02805200688422053,0.024073251485047586,1.0
759,unknown,unknown_low_excitation,8,0.015765555121205144,0.05251166707232335,0.013409363186409343,0.019787943486598018,0.025717586996358316,0.019787943486598018,0.01252096363609324,0.019593638308021015,0.02115747727434871,0.019593638308021015,1.0
760,unknown,unknown_low_excitation,6,0.015765555121205144,0.05251166707232335,0.018095738700956657,0.030416499297410762,0.03915101849532935,0.030416499297410762,0.01741567241137447,0.029170668487713998,0.03873137072478548,0.029170668487713998,0.9999996225039164
761,unknown,unknown_low_excitation,5,0.015765555121205144,0.05251166707232335,0.020547000134166212,0.044063806392502354,0.05297855832744657,0.044063806392502354,0.02596575803900585,0.04044710117430646,0.04936120094144073,0.04044710117430646,1.0
762,unknown,unknown_low_excitation,7,0.015765555121205144,0.05251166707232335,0.023182638026090923,0.02997127384686654,0.03684323386340844,0.02997127384686654,0.023767142679125025,0.030339636930925288,0.032477074859602585,0.030339636930925288,0.999999965940203
763,unknown,unknown_low_excitation,5,0.015765555121205144,0.05251166707232335,0.02290432133958971,0.02923376108522952,0.03158919969941332,0.02923376108522952,0.01904457987178166,0.028237532947030616,0.03145830716649161,0.028237532947030616,1.0
764,unknown,unknown_low_excitation,5,0.015765555121205144,0.05251166707232335,0.02276507643966537,0.07582948032396455,0.1093096115317256,0.07582948032396455,0.01432758105712118,0.07240920446269652,0.1099301853560171,0.07240920446269652,0.998960280418396
765,unknown,unknown_low_excitation,5,0.0,0.0,0.02310743936779808,0.030347442527621,0.032195138529128996,0.030347442527621,0.02310743936779808,0.030347442527621026,0.032195138529128996,0.030347442527621026,1.0
766,unknown,unknown_low_excitation,5,0.0,0.0,0.011509970309000455,0.021305129804190102,0.02634994859082642,0.021305129804190102,0.011509970309000021,0.021305129804190054,0.026349948590826337,0.021305129804190054,1.0
767,unknown,unknown_low_excitation,6,0.0,0.0,0.026891446749101072,0.09619110234963499,0.09988860988465495,0.09619110234963499,0.0268914467491011,0.09619110234963497,0.09988860988465513,0.09619110234963497,1.0
768,unknown,unknown_low_excitation,6,0.0,0.0,0.012304700176172741,0.04686708685446106,0.054205337356356464,0.04686708685446106,0.012304700176172738,0.04686708685446109,0.05420533735635646,0.04686708685446109,0.9999997615814209
769,unknown,unknown_low_excitation,5,0.0,0.0,0.022844558664748563,0.0677670592385256,0.08363973780234774,0.0677670592385256,0.022844558664748563,0.0677670592385256,0.08363973780234774,0.0677670592385256,0.9990134835243225
770,unknown,unknown_low_excitation,6,0.0,0.0,0.03221457513655748,0.042257581770533945,0.051012466756531476,0.042257581770533945,0.03221457513655744,0.042257581770533945,0.05101246675653139,0.042257581770533945,0.9999999403953552
771,unknown,unknown_low_excitation,6,0.0,0.0,0.02431750977641281,0.04612065990186514,0.05720463293450676,0.04612065990186514,0.02431750977641306,0.04612065990186541,0.05720463293450748,0.04612065990186541,0.9999842445055643
772,unknown,unknown_low_excitation,4,0.0,0.0,0.014252660833886176,0.02088065578322022,0.023438365150405937,0.02088065578322022,0.014252660833886176,0.02088065578322022,0.023438365150405937,0.02088065578322022,1.0
773,unknown,unknown_low_excitation,6,0.0,0.0,0.01715761041884289,0.035420412008482206,0.038701956711457236,0.035420412008482206,0.017157610418842718,0.03542041200848227,0.03870195671145747,0.03542041200848227,1.0
774,unknown,unknown_low_excitation,6,0.0,0.0,0.02587651338000596,0.06321574795232784,0.06617177195781535,0.06321574795232784,0.02587651338000596,0.06321574795232784,0.06617177195781535,0.06321574795232784,0.9999953905741373
775,unknown,unknown_low_excitation,6,0.0,0.0,0.02099427508969721,0.06447345430797527,0.07242927125669914,0.06447345430797527,0.020994275089697256,0.0644734543079753,0.07242927125669937,0.0644734543079753,0.9956899583339691
776,unknown,unknown_low_excitation,5,0.0,0.0,0.017236593308311714,0.04795273694327935,0.05973352042437748,0.04795273694327935,0.017236593308311773,0.047952736943279346,0.059733520424377476,0.047952736943279346,0.9999767780303955
777,unknown,unknown_low_excitation,4,0.0,0.0,0.01769479477311107,0.025503838314536887,0.026241519157778222,0.025503838314536887,0.017694794773110936,0.025503838314536967,0.026241519157778365,0.025503838314536967,1.0
778,unknown,unknown_low_excitation,6,0.0,0.0,0.018545093505039002,0.04091863990456338,0.044916192682104,0.04091863990456338,0.018545093505039002,0.04091863990456338,0.044916192682104,0.04091863990456338,0.9999999403953552
779,unknown,unknown_low_excitation,5,0.0,0.0,0.01805364582843094,0.03100518874193022,0.035641549360528546,0.03100518874193022,0.01805364582843094,0.03100518874193022,0.035641549360528546,0.03100518874193022,0.9999992609024048
780,unknown,unknown_low_excitation,5,0.0,0.0,0.03196803809410194,0.07115213941679811,0.08613977292683879,0.07115213941679811,0.03196803809410194,0.07115213941679811,0.08613977292683879,0.07115213941679811,0.9999969720840454
781,unknown,unknown_low_excitation,5,0.0,0.0,0.0135752185173764,0.04756083031738863,0.06443870062764043,0.04756083031738863,0.0135752185173764,0.04756083031738863,0.06443870062764043,0.04756083031738863,0.9999261856079101
782,unknown,unknown_low_excitation,4,0.0,0.0,0.016531009126586792,0.02354785328489706,0.024752133177638056,0.02354785328489706,0.016531009126586886,0.023547853284897047,0.02475213317763801,0.023547853284897047,1.0
783,unknown,unknown_low_excitation,4,0.0,0.0,0.01530696835630841,0.0275043342787955,0.03183931312501845,0.0275043342787955,0.015306968356308454,0.02750433427879534,0.031839313125018226,0.02750433427879534,0.999999612569809
784,unknown,unknown_insufficient_support,3,0.0,0.0,0.02353692278963404,0.02612501999073269,0.026772044291007352,0.02612501999073269,0.02353692278963404,0.02612501999073269,0.026772044291007352,0.02612501999073269,1.0
785,unknown,unknown_insufficient_support,2,0.0,0.0,0.00996880869952308,0.009968808699523298,0.009968808699523353,0.009968808699523298,0.00996880869952308,0.009968808699523298,0.009968808699523353,0.009968808699523298,0.9999998807907104
786,unknown,unknown_low_excitation,5,0.0,0.0,0.02389717251046166,0.04634596318402894,0.05085675230393375,0.04634596318402894,0.02389717251046166,0.04634596318402902,0.05085675230393375,0.04634596318402902,0.9999983072280884
787,unknown,unknown_low_excitation,4,0.0,0.0,0.020022551953856417,0.027351738833671077,0.027816122362121082,0.027351738833671077,0.02002255195385651,0.027351738833670834,0.027816122362120606,0.027351738833670834,1.0
788,unknown,unknown_insufficient_support,3,0.0,0.0,0.009300946704384912,0.01996411630552603,0.022629908705811306,0.01996411630552603,0.009300946704384912,0.01996411630552603,0.022629908705811306,0.01996411630552603,1.0
789,unknown,unknown_low_excitation,4,0.0,0.0,0.02097155755070065,0.025356802954575004,0.026209336668614892,0.025356802954575004,0.020971557550700664,0.025356802954575028,0.026209336668614906,0.025356802954575028,1.0
790,unknown,unknown_insufficient_support,3,0.0,0.0,0.019282537205612484,0.035006877221692594,0.03893796222571262,0.035006877221692594,0.019282537205612484,0.035006877221692594,0.03893796222571262,0.035006877221692594,1.0
791,unknown,unknown_low_excitation,4,0.0,0.0,0.015792846376669088,0.03315153674781167,0.039733802152619416,0.03315153674781167,0.01579284637666919,0.03315153674781158,0.0397338021526192,0.03315153674781158,1.0
792,unknown,unknown_insufficient_support,1,0.0,0.0,0.0,0.0,0.0,0.0,0.0,0.0,0.0,0.0,1.0
793,unknown,unknown_low_excitation,6,0.0,0.0,0.023468652880119074,0.04518469182003812,0.06455000399802302,0.04518469182003812,0.023468652880119255,0.04518469182003809,0.06455000399802323,0.04518469182003809,1.0
794,unknown,unknown_low_excitation,4,0.0,0.0,0.01409857767475803,0.018244081261729543,0.019233765322527723,0.018244081261729543,0.014098577674758073,0.01824408126172951,0.019233765322527654,0.01824408126172951,1.0
795,unknown,unknown_low_excitation,4,0.0,0.0,0.013536644659931436,0.018787681807925824,0.019320903884863655,0.018787681807925824,0.013536644659931436,0.018787681807925824,0.019320903884863655,0.018787681807925824,1.0
796,unknown,unknown_low_excitation,5,0.0,0.0,0.039388486735665876,0.16940421510997455,0.23434156176855603,0.16940421510997455,0.039388486735665876,0.1694042151099745,0.23434156176855594,0.1694042151099745,0.9905877232551574
797,unknown,unknown_low_excitation,5,0.0,0.0,0.017657993367070225,0.10803385460576251,0.15810391305828297,0.10803385460576251,0.017657993367070225,0.10803385460576251,0.15810391305828297,0.10803385460576251,0.9930355906486511
798,unknown,unknown_low_excitation,4,0.0,0.0,0.018080268711921803,0.025359227262171297,0.027772442859601766,0.025359227262171297,0.018080268711921824,0.025359227262171297,0.027772442859601766,0.025359227262171297,0.9999985098838806
799,unknown,unknown_low_excitation,4,0.0,0.0,0.013950183940445025,0.015330528098044832,0.015666929537796317,0.015330528098044832,0.013950183940445025,0.015330528098044822,0.015666929537796304,0.015330528098044822,1.0
800,unknown,unknown_insufficient_support,2,0.0,0.0,0.007502894595806312,0.007502894595806363,0.007502894595806376,0.007502894595806363,0.007502894595806312,0.007502894595806363,0.007502894595806376,0.007502894595806363,1.0
801,unknown,unknown_insufficient_support,2,0.0,0.0,0.023656799399356884,0.023656799399356884,0.023656799399356884,0.023656799399356884,0.023656799399356884,0.023656799399356884,0.023656799399356884,0.023656799399356884,1.0
802,unknown,unknown_low_excitation,4,0.0,0.0,0.015562686661131893,0.021006814931176454,0.022090349656876264,0.021006814931176454,0.015562686661131893,0.021006814931176454,0.022090349656876264,0.021006814931176454,1.0
803,unknown,unknown_low_excitation,4,0.0,0.0,0.013766538760351981,0.01726710546206445,0.01793122311105239,0.01726710546206445,0.013766538760351985,0.01726710546206449,0.01793122311105242,0.01726710546206449,1.0
804,unknown,unknown_low_excitation,5,0.0,0.0,0.007645281517961572,0.018448924143489323,0.022297867414138226,0.018448924143489323,0.007645281517961572,0.018448924143489323,0.022297867414138226,0.018448924143489323,1.0
805,unknown,unknown_low_excitation,4,0.0,0.0,0.03182404155076229,0.07305304614809909,0.08366464356624079,0.07305304614809909,0.03182404155076229,0.07305304614809909,0.08366464356624079,0.07305304614809909,1.0
806,unknown,unknown_low_excitation,7,0.0,0.0,0.03996617622545431,0.20012761780584937,0.2375137187322752,0.20012761780584937,0.03996617622545431,0.20012761780584937,0.2375137187322752,0.20012761780584937,0.9996229921068464
807,unknown,unknown_insufficient_support,3,0.0,0.0,0.02214474815041158,0.023287495115879363,0.023573181857246307,0.023287495115879363,0.02214474815041158,0.023287495115879363,0.023573181857246307,0.023287495115879363,1.0
808,unknown,unknown_insufficient_support,2,0.0,0.0,0.02041021611590989,0.020410216115909978,0.02041021611591,0.020410216115909978,0.02041021611590989,0.020410216115909978,0.02041021611591,0.020410216115909978,1.0
809,unknown,unknown_insufficient_support,3,0.0,0.0,0.021398539080919505,0.030994084985641077,0.03339297146182147,0.030994084985641077,0.021398539080919505,0.030994084985641077,0.03339297146182147,0.030994084985641077,1.0
810,unknown,unknown_insufficient_support,2,0.0,0.0,0.01992370348844101,0.019923703488441063,0.019923703488441073,0.019923703488441063,0.01992370348844101,0.019923703488441063,0.019923703488441073,0.019923703488441063,1.0
811,unknown,unknown_low_excitation,4,0.0,0.0,0.0133831171731696,0.07571296776118894,0.10104659082080496,0.07571296776118894,0.013383117173169645,0.07571296776118919,0.10104659082080528,0.07571296776118919,1.0
812,unknown,unknown_insufficient_support,2,0.0,0.0,0.029184914456258777,0.02918491445625881,0.029184914456258818,0.02918491445625881,0.029184914456258777,0.02918491445625881,0.029184914456258818,0.02918491445625881,1.0
813,unknown,unknown_low_excitation,4,0.0,0.0,0.014692970621470881,0.030029726669882892,0.03550757717243717,0.030029726669882892,0.014692970621470881,0.030029726669882892,0.03550757717243717,0.030029726669882892,0.9999987185001373
814,unknown,unknown_insufficient_support,2,0.0,0.0,0.01650354070191983,0.016503540701919846,0.01650354070191985,0.016503540701919846,0.01650354070191983,0.016503540701919887,0.0165035407019199,0.016503540701919887,1.0
815,unknown,unknown_insufficient_support,2,0.0,0.0,0.022271408084873927,0.02227140808487401,0.02227140808487403,0.02227140808487401,0.022271408084873927,0.02227140808487401,0.02227140808487403,0.02227140808487401,1.0
816,unknown,unknown_insufficient_support,3,0.0,0.0,0.015092079152295162,0.02599998975984148,0.028726967411728057,0.02599998975984148,0.015092079152295162,0.02599998975984148,0.028726967411728057,0.02599998975984148,1.0
817,unknown,unknown_insufficient_support,3,0.0,0.0,0.012904166608282712,0.019855708339290103,0.02159359377204195,0.019855708339290103,0.012904166608282712,0.019855708339290103,0.02159359377204195,0.019855708339290103,1.0
818,unknown,unknown_low_excitation,4,0.0,0.0,0.01376919787693859,0.019810734207404104,0.021581969070093642,0.019810734207404104,0.013769197876938455,0.01981073420740417,0.02158196907009388,0.01981073420740417,1.0
819,unknown,unknown_low_excitation,4,0.0,0.0,0.009563391193825287,0.016242003416631706,0.01869877476462412,0.016242003416631706,0.009563391193825287,0.016242003416631706,0.01869877476462412,0.016242003416631706,1.0
820,unknown,unknown_low_excitation,4,0.0,0.0,0.024385797945653646,0.038833627595483755,0.04498737986271815,0.038833627595483755,0.024385797945653695,0.03883362759548355,0.04498737986271777,0.03883362759548355,1.0
821,unknown,unknown_insufficient_support,2,0.0,0.0,0.01917208872516061,0.019172088725160644,0.01917208872516065,0.019172088725160644,0.01917208872516061,0.019172088725160644,0.01917208872516065,0.019172088725160644,1.0
822,unknown,unknown_low_excitation,4,0.0,0.0,0.017666538025949745,0.02280951818699022,0.023007429114582662,0.02280951818699022,0.017666538025949738,0.022809518186990216,0.02300742911458264,0.022809518186990216,1.0
823,unknown,unknown_low_excitation,4,0.0,0.0,0.026127068886342215,0.030502524262539073,0.03195863496501481,0.030502524262539073,0.026127068886342197,0.030502524262539108,0.031958634965014866,0.030502524262539108,1.0
824,unknown,unknown_low_excitation,5,0.0,0.0,0.016935310079819396,0.06518317303482253,0.08519855771436072,0.06518317303482253,0.016935310079819396,0.06518317303482253,0.08519855771436072,0.06518317303482253,0.999999737739563
825,unknown,unknown_insufficient_support,3,0.0,0.0,0.019110916154840396,0.021419542252496614,0.02199669877691067,0.021419542252496614,0.019110916154840396,0.021419542252496614,0.02199669877691067,0.021419542252496614,1.0
826,unknown,unknown_insufficient_support,2,0.0,0.0,0.006410606473690205,0.006410606473690205,0.006410606473690205,0.006410606473690205,0.006410606473690206,0.006410606473690475,0.006410606473690542,0.006410606473690475,1.0
827,unknown,unknown_insufficient_support,3,0.0,0.0,0.00974367175719464,0.08595829146070025,0.10501194638657664,0.08595829146070025,0.00974367175719464,0.08595829146070025,0.10501194638657664,0.08595829146070025,1.0
828,unknown,unknown_insufficient_support,2,0.0,0.0,0.010853978015153781,0.010853978015154059,0.010853978015154128,0.010853978015154059,0.010853978015153781,0.010853978015154059,0.010853978015154128,0.010853978015154059,0.9999998211860657
829,unknown,unknown_insufficient_support,3,0.0,0.0,0.017559185762068986,0.026715883197178908,0.02900505755595639,0.026715883197178908,0.01755918576206906,0.026715883197178922,0.02900505755595639,0.026715883197178922,1.0
830,unknown,unknown_insufficient_support,3,0.0,0.0,0.021458625034935397,0.022783763158049246,0.023115047688827706,0.022783763158049246,0.021458625034935397,0.022783763158049246,0.023115047688827706,0.022783763158049246,0.9999993244806925
831,unknown,unknown_insufficient_support,2,0.0,0.0,0.006708583820867913,0.006708583820867913,0.006708583820867913,0.006708583820867913,0.006708583820867913,0.006708583820867913,0.006708583820867913,0.006708583820867913,1.0
832,unknown,unknown_insufficient_support,2,0.0,0.0,0.010960311667467477,0.010960311667467477,0.010960311667467477,0.010960311667467477,0.010960311667467477,0.010960311667467477,0.010960311667467477,0.010960311667467477,1.0
833,unknown,unknown_insufficient_support,3,0.0,0.0,0.023502143339815755,0.025007347852069192,0.025383648980132553,0.025007347852069192,0.023502143339815755,0.025007347852069192,0.025383648980132553,0.025007347852069192,0.999999483426412
834,unknown,unknown_insufficient_support,3,0.0,0.0,0.02736549482439985,0.05142133986284956,0.057435301122461986,0.05142133986284956,0.02736549482439985,0.05142133986284956,0.057435301122461986,0.05142133986284956,0.9999995628992716
835,unknown,unknown_insufficient_support,3,0.0,0.0,0.008996559079158776,0.031029979021943932,0.03653833400764022,0.031029979021943932,0.008996559079158776,0.031029979021943932,0.03653833400764022,0.031029979021943932,0.9999998013178507
836,unknown,unknown_insufficient_support,2,0.0,0.0,0.00499617912877633,0.004996179128776507,0.004996179128776551,0.004996179128776507,0.004996179128776318,0.004996179128776466,0.004996179128776503,0.004996179128776466,1.0
837,unknown,unknown_insufficient_support,3,0.0,0.0,0.008180437889409892,0.02191744118973347,0.025351692014814367,0.02191744118973347,0.008180437889409892,0.02191744118973347,0.025351692014814367,0.02191744118973347,0.9999999205271403
838,unknown,unknown_insufficient_support,2,0.0,0.0,0.010709005894507986,0.01070900589450828,0.010709005894508353,0.01070900589450828,0.010709005894507986,0.01070900589450828,0.010709005894508353,0.01070900589450828,1.0
839,unknown,unknown_insufficient_support,3,0.0,0.0,0.011338980197295623,0.03345817256185605,0.038987970652996154,0.03345817256185605,0.011338980197295623,0.03345817256185605,0.038987970652996154,0.03345817256185605,0.9999998410542806
840,unknown,unknown_insufficient_support,3,0.0,0.0,0.020985830852282693,0.038622133341708095,0.04303120896406445,0.038622133341708095,0.020985830852282693,0.038622133341708095,0.04303120896406445,0.038622133341708095,0.9999984900156657
841,unknown,unknown_insufficient_support,2,0.0,0.0,0.004521216172322276,0.0045212161723222856,0.004521216172322288,0.0045212161723222856,0.004521216172322264,0.004521216172322283,0.004521216172322288,0.004521216172322283,1.0
842,unknown,unknown_insufficient_support,3,0.0,0.0,0.020686626478265285,0.03373748210602633,0.03700019601296659,0.03373748210602633,0.020686626478265285,0.03373748210602633,0.03700019601296659,0.03373748210602633,0.9999990463256836
843,unknown,unknown_insufficient_support,2,0.0,0.0,0.0030307550536673527,0.003030755053667551,0.0030307550536676003,0.003030755053667551,0.0030307550536673522,0.003030755053667396,0.003030755053667407,0.003030755053667396,1.0
844,unknown,unknown_insufficient_support,3,0.0,0.0,0.05031529726513854,0.05133549886778863,0.05159054926845116,0.05133549886778863,0.05031529726513854,0.05133549886778863,0.05159054926845116,0.05133549886778863,1.0
845,unknown,unknown_insufficient_support,3,0.0,0.0,0.014283436487458057,0.03446857667265727,0.03951486171895707,0.03446857667265727,0.014283436487457963,0.03446857667265725,0.03951486171895707,0.03446857667265725,1.0
846,unknown,unknown_insufficient_support,2,0.0,0.0,0.008946686736756127,0.008946686736756318,0.008946686736756367,0.008946686736756318,0.008946686736756118,0.008946686736756198,0.008946686736756219,0.008946686736756198,1.0
847,unknown,unknown_insufficient_support,2,0.0,0.0,0.005191779821846979,0.005191779821847062,0.005191779821847083,0.005191779821847062,0.005191779821846979,0.005191779821847062,0.005191779821847083,0.005191779821847062,1.0
848,unknown,unknown_insufficient_support,2,0.0,0.0,0.003882490413132259,0.0038824904131323722,0.0038824904131324004,0.0038824904131323722,0.003882490413132259,0.0038824904131322846,0.0038824904131322907,0.0038824904131322846,1.0
849,unknown,unknown_insufficient_support,2,0.0,0.0,0.003958273725086527,0.003958273725086671,0.003958273725086707,0.003958273725086671,0.003958273725086527,0.003958273725086671,0.003958273725086707,0.003958273725086671,1.0
850,unknown,unknown_insufficient_support,3,0.0,0.0,0.03213043010970649,0.04063829708267752,0.04276526382592028,0.04063829708267752,0.03213043010970649,0.04063829708267752,0.04276526382592028,0.04063829708267752,0.9999438524246216
851,unknown,unknown_insufficient_support,2,0.0,0.0,0.009105437107298435,0.009105437107298435,0.009105437107298435,0.009105437107298435,0.009105437107298435,0.009105437107298718,0.009105437107298787,0.009105437107298718,1.0
852,unknown,unknown_insufficient_support,2,0.0,0.0,0.013261125590759645,0.01326112559075969,0.013261125590759702,0.01326112559075969,0.013261125590759645,0.01326112559075969,0.013261125590759702,0.01326112559075969,1.0
853,unknown,unknown_insufficient_support,2,0.0,0.0,0.0037810456740392144,0.0037810456740393406,0.003781045674039372,0.0037810456740393406,0.0037810456740392144,0.0037810456740393406,0.003781045674039372,0.0037810456740393406,1.0
854,unknown,unknown_insufficient_support,2,0.0,0.0,0.0039598728949855186,0.0039598728949855186,0.0039598728949855186,0.0039598728949855186,0.0039598728949855186,0.0039598728949855186,0.0039598728949855186,0.0039598728949855186,1.0
855,unknown,unknown_insufficient_support,3,0.0,0.0,0.00649838941851483,0.19408559139707499,0.24098239189171503,0.19408559139707499,0.00649838941851483,0.19408559139707496,0.24098239189171497,0.19408559139707496,0.9998653531074524
856,unknown,unknown_insufficient_support,3,0.0,0.0,0.025118431385553995,0.11517931669840505,0.1376945380266178,0.11517931669840505,0.025118431385553995,0.11517931669840505,0.1376945380266178,0.11517931669840505,0.9999982515970866
857,unknown,unknown_insufficient_support,2,0.0,0.0,0.009634889960158488,0.00963488996015854,0.009634889960158552,0.00963488996015854,0.009634889960158486,0.009634889960158568,0.009634889960158589,0.009634889960158568,1.0
858,unknown,unknown_insufficient_support,3,0.0,0.0,0.017081849779068105,0.019485877792418192,0.020086884795755714,0.019485877792418192,0.017081849779068105,0.019485877792418192,0.020086884795755714,0.019485877792418192,1.0
859,unknown,unknown_insufficient_support,2,0.0,0.0,0.008329633769824188,0.008329633769824334,0.00832963376982437,0.008329633769824334,0.008329633769824188,0.008329633769824334,0.00832963376982437,0.008329633769824334,1.0
860,unknown,unknown_insufficient_support,2,0.0,0.0,0.02625358857326611,0.02625358857326626,0.026253588573266293,0.02625358857326626,0.02625358857326611,0.02625358857326626,0.026253588573266293,0.02625358857326626,1.0
861,unknown,unknown_insufficient_support,2,0.0,0.0,0.008408020373836918,0.008408020373836998,0.008408020373837019,0.008408020373836998,0.008408020373836918,0.008408020373836998,0.008408020373837019,0.008408020373836998,1.0
862,unknown,unknown_insufficient_support,2,0.0,0.0,0.004271623315475974,0.004271623315476016,0.004271623315476027,0.004271623315476016,0.004271623315475974,0.004271623315476016,0.004271623315476027,0.004271623315476016,1.0
863,unknown,unknown_insufficient_support,3,0.0,0.0,0.009254351309475712,0.10887300578730233,0.13377766940675898,0.10887300578730233,0.009254351309475712,0.10887300578730233,0.13377766940675898,0.10887300578730233,0.955457071463267
864,unknown,unknown_insufficient_support,3,0.0,0.0,0.020224939828336022,0.1562285907061758,0.19022950342563574,0.1562285907061758,0.020224939828336022,0.1562285907061758,0.19022950342563574,0.1562285907061758,0.9999994436899821
865,unknown,unknown_insufficient_support,3,0.0,0.0,0.007377374772278955,0.13422755645153883,0.16594010187135377,0.13422755645153883,0.007377374772278955,0.13422755645153883,0.16594010187135377,0.13422755645153883,0.9633467793464661
866,unknown,unknown_insufficient_support,2,0.0,0.0,0.011463174779062588,0.011463174779062628,0.011463174779062639,0.011463174779062628,0.011463174779062588,0.011463174779062814,0.01146317477906287,0.011463174779062814,1.0
867,unknown,unknown_insufficient_support,2,0.0,0.0,0.01321209811823733,0.013212098118237432,0.013212098118237458,0.013212098118237432,0.01321209811823733,0.013212098118237432,0.013212098118237458,0.013212098118237432,1.0
868,unknown,unknown_insufficient_support,2,0.0,0.0,0.032392103215448734,0.03239210321544884,0.032392103215448866,0.03239210321544884,0.032392103215448734,0.03239210321544884,0.032392103215448866,0.03239210321544884,1.0
869,unknown,unknown_insufficient_support,3,0.0,0.0,0.010282461933266297,0.10116335730215685,0.12388358114437949,0.10116335730215685,0.010282461933266297,0.10116335730215685,0.12388358114437949,0.10116335730215685,0.9304516911506653
870,unknown,unknown_insufficient_support,3,0.0,0.0,0.034444229954290036,0.051696978320252135,0.056010165411742655,0.051696978320252135,0.034444229954290036,0.051696978320252135,0.056010165411742655,0.051696978320252135,0.9999866882960001
871,unknown,unknown_insufficient_support,2,0.0,0.0,0.014584023087801039,0.014584023087801042,0.014584023087801044,0.014584023087801042,0.014584023087801039,0.014584023087801039,0.014584023087801039,0.014584023087801039,1.0
872,unknown,unknown_insufficient_support,2,0.0,0.0,0.00597202387263731,0.00597202387263731,0.00597202387263731,0.00597202387263731,0.00597202387263731,0.00597202387263731,0.00597202387263731,0.00597202387263731,1.0
873,unknown,unknown_insufficient_support,2,0.0,0.0,0.006249770085366163,0.006249770085366197,0.006249770085366205,0.006249770085366197,0.006249770085366163,0.006249770085366197,0.006249770085366205,0.006249770085366197,1.0
874,unknown,unknown_insufficient_support,2,0.0,0.0,0.011011576299951501,0.011011576299951665,0.011011576299951706,0.011011576299951665,0.011011576299951501,0.011011576299951677,0.01101157629995172,0.011011576299951677,1.0
875,unknown,unknown_insufficient_support,3,0.0,0.0,0.007512092126634506,0.04281964541967019,0.05164653374292911,0.04281964541967019,0.007512092126634506,0.04281964541967019,0.05164653374292911,0.04281964541967019,0.9401869773864746
876,unknown,unknown_insufficient_support,2,0.0,0.0,0.012888148053233295,0.012888148053233503,0.012888148053233555,0.012888148053233503,0.012888148053233295,0.012888148053233434,0.012888148053233468,0.012888148053233434,1.0
877,unknown,unknown_insufficient_support,3,0.0,0.0,0.04918810772228152,0.16450069639931486,0.1933288435685732,0.16450069639931486,0.04918810772228152,0.16450069639931483,0.19332884356857316,0.16450069639931483,0.9999592701594034
878,unknown,unknown_insufficient_support,2,0.0,0.0,0.020550439078639657,0.020550439078639657,0.020550439078639657,0.020550439078639657,0.020550439078639657,0.020550439078639657,0.020550439078639657,0.020550439078639657,1.0
879,unknown,unknown_insufficient_support,2,0.0,0.0,0.005999723724572267,0.005999723724572308,0.005999723724572318,0.005999723724572308,0.005999723724572267,0.005999723724572308,0.005999723724572318,0.005999723724572308,1.0
880,unknown,unknown_insufficient_support,2,0.0,0.0,0.009875906053216376,0.009875906053216463,0.009875906053216484,0.009875906053216463,0.009875906053216376,0.009875906053216608,0.009875906053216667,0.009875906053216608,1.0
881,unknown,unknown_insufficient_support,3,0.0,0.0,0.03359884476991109,0.05315181461977567,0.05804005708224181,0.05315181461977567,0.03359884476991109,0.05315181461977567,0.05804005708224181,0.05315181461977567,0.9999716281890869
