ambiguous_fraction,drawer_contradiction_median,drawer_preferred_fraction,drawer_support_median,drawer_support_p25,drawer_supported_frames,evidence_margin,high_confidence_drawer,label,original_frame_id,proposal_id,q_span_used_m,reason,sampled_points,seed_overlap_ratio,source_layer,static_contradiction_median,static_preferred_fraction,static_support_median,static_support_p25,static_supported_frames,target_frame_count,valid_pixels
1.0,1.0,0.0,0.0,0.0,0,0.0,False,invalid,177,frame_177_layer_0,0.0,invalid_insufficient_depth,0,0.0,0,1.0,0.0,0.0,0.0,0,0,0
1.0,1.0,0.0,0.0,0.0,0,0.0,False,invalid,177,frame_177_layer_1,0.0,invalid_insufficient_depth,0,0.0,1,1.0,0.0,0.0,0.0,0,0,0
1.0,1.0,0.0,0.0,0.0,0,0.0,False,invalid,177,frame_177_layer_6,0.0,invalid_insufficient_depth,0,0.0,6,1.0,0.0,0.0,0.0,0,0,0
1.0,1.0,0.0,0.0,0.0,0,0.0,False,invalid,177,frame_177_layer_7,0.0,invalid_insufficient_depth,0,0.0,7,1.0,0.0,0.0,0.0,0,0,0
1.0,1.0,0.0,0.0,0.0,0,0.0,False,invalid,177,frame_177_layer_8,0.0,invalid_insufficient_depth,0,0.0,8,1.0,0.0,0.0,0.0,0,0,0
1.0,1.0,0.0,0.0,0.0,0,0.0,False,invalid,177,frame_177_layer_15,0.0,invalid_insufficient_depth,0,0.0,15,1.0,0.0,0.0,0.0,0,0,0
1.0,1.0,0.0,0.0,0.0,0,0.0,False,invalid,177,frame_177_layer_19,0.0,invalid_insufficient_depth,0,0.0,19,1.0,0.0,0.0,0.0,0,0,0
1.0,1.0,0.0,0.0,0.0,0,0.0,False,invalid,177,frame_177_layer_23,0.0,invalid_insufficient_depth,0,0.0,23,1.0,0.0,0.0,0.0,0,0,0
0.4041666666666667,1.0,0.1825,0.0,0.0,4,0.0,False,unknown,177,frame_177_layer_24,0.3002295680213606,unknown_ambiguous,1200,0.0,24,1.0,0.41333333333333333,0.0,0.0,5,28,3262
0.8975,0.9446307117539994,0.065,0.05536928824600057,0.029166666666666667,4,-0.021872260946422584,False,unknown,177,frame_177_layer_25,0.3002295680213606,unknown_seed_geometry_conflict,1200,0.998567335243553,25,0.9336945812807882,0.0375,0.06630541871921183,0.05272211232476133,3,28,2792
1.0,1.0,0.0,0.0,0.0,0,0.0,False,invalid,177,frame_177_layer_26,0.0,invalid_insufficient_depth,0,0.0,26,1.0,0.0,0.0,0.0,0,0,0
1.0,1.0,0.0,0.0,0.0,0,0.0,False,invalid,177,frame_177_layer_27,0.0,invalid_insufficient_depth,0,0.0,27,1.0,0.0,0.0,0.0,0,0,0
0.8191666666666667,1.0,0.07666666666666666,0.0,0.0,1,0.0,False,unknown,177,frame_177_layer_28,0.3002295680213606,unknown_ambiguous,1200,0.0,28,1.0,0.10416666666666667,0.0,0.0,1,28,5814
1.0,1.0,0.0,0.0,0.0,0,0.0,False,invalid,178,frame_178_layer_0,0.0,invalid_insufficient_depth,0,0.0,0,1.0,0.0,0.0,0.0,0,0,0
1.0,1.0,0.0,0.0,0.0,0,0.0,False,invalid,178,frame_178_layer_1,0.0,invalid_insufficient_depth,0,0.0,1,1.0,0.0,0.0,0.0,0,0,0
1.0,1.0,0.0,0.0,0.0,0,0.0,False,invalid,178,frame_178_layer_6,0.0,invalid_insufficient_depth,0,0.0,6,1.0,0.0,0.0,0.0,0,0,0
1.0,1.0,0.0,0.0,0.0,0,0.0,False,invalid,178,frame_178_layer_7,0.0,invalid_insufficient_depth,0,0.0,7,1.0,0.0,0.0,0.0,0,0,0
1.0,1.0,0.0,0.0,0.0,0,0.0,False,invalid,178,frame_178_layer_8,0.0,invalid_insufficient_depth,0,0.0,8,1.0,0.0,0.0,0.0,0,0,0
1.0,1.0,0.0,0.0,0.0,0,0.0,False,invalid,178,frame_178_layer_15,0.0,invalid_insufficient_depth,0,0.0,15,1.0,0.0,0.0,0.0,0,0,0
1.0,1.0,0.0,0.0,0.0,0,0.0,False,invalid,178,frame_178_layer_19,0.0,invalid_insufficient_depth,0,0.0,19,1.0,0.0,0.0,0.0,0,0,0
1.0,1.0,0.0,0.0,0.0,0,0.0,False,invalid,178,frame_178_layer_23,0.0,invalid_insufficient_depth,0,0.0,23,1.0,0.0,0.0,0.0,0,0,0
0.4041666666666667,1.0,0.1825,0.0,0.0,4,0.0,False,unknown,178,frame_178_layer_24,0.3002295680213606,unknown_ambiguous,1200,0.0,24,1.0,0.41333333333333333,0.0,0.0,5,28,2995
0.9208333333333333,0.9383590547383651,0.04583333333333333,0.061640945261634925,0.04298922539312755,4,0.011163320340183414,False,unknown,178,frame_178_layer_25,0.3002295680213606,unknown_seed_geometry_conflict,1200,0.9972222222222222,25,0.9439407149084569,0.03333333333333333,0.05605928509154316,0.045791366906474826,3,28,2880
1.0,1.0,0.0,0.0,0.0,0,0.0,False,invalid,178,frame_178_layer_26,0.0,invalid_insufficient_depth,0,0.0,26,1.0,0.0,0.0,0.0,0,0,0
1.0,1.0,0.0,0.0,0.0,0,0.0,False,invalid,178,frame_178_layer_27,0.0,invalid_insufficient_depth,0,0.0,27,1.0,0.0,0.0,0.0,0,0,0
0.7733333333333333,1.0,0.1125,0.0,0.0,1,0.0,False,unknown,178,frame_178_layer_28,0.3002295680213606,unknown_ambiguous,1200,0.0,28,1.0,0.11416666666666667,0.0,0.0,1,28,5813
1.0,1.0,0.0,0.0,0.0,0,0.0,False,invalid,179,frame_179_layer_0,0.0,invalid_insufficient_depth,0,0.0,0,1.0,0.0,0.0,0.0,0,0,0
1.0,1.0,0.0,0.0,0.0,0,0.0,False,invalid,179,frame_179_layer_1,0.0,invalid_insufficient_depth,0,0.0,1,1.0,0.0,0.0,0.0,0,0,0
1.0,1.0,0.0,0.0,0.0,0,0.0,False,invalid,179,frame_179_layer_6,0.0,invalid_insufficient_depth,0,0.0,6,1.0,0.0,0.0,0.0,0,0,0
1.0,1.0,0.0,0.0,0.0,0,0.0,False,invalid,179,frame_179_layer_7,0.0,invalid_insufficient_depth,0,0.0,7,1.0,0.0,0.0,0.0,0,0,0
1.0,1.0,0.0,0.0,0.0,0,0.0,False,invalid,179,frame_179_layer_8,0.0,invalid_insufficient_depth,0,0.0,8,1.0,0.0,0.0,0.0,0,0,0
1.0,1.0,0.0,0.0,0.0,0,0.0,False,invalid,179,frame_179_layer_15,0.0,invalid_insufficient_depth,0,0.0,15,1.0,0.0,0.0,0.0,0,0,0
1.0,1.0,0.0,0.0,0.0,0,0.0,False,invalid,179,frame_179_layer_19,0.0,invalid_insufficient_depth,0,0.0,19,1.0,0.0,0.0,0.0,0,0,0
1.0,1.0,0.0,0.0,0.0,0,0.0,False,invalid,179,frame_179_layer_23,0.0,invalid_insufficient_depth,0,0.0,23,1.0,0.0,0.0,0.0,0,0,0
0.37666666666666665,1.0,0.19833333333333333,0.0,0.0,2,0.0,False,unknown,179,frame_179_layer_24,0.3002295680213606,unknown_ambiguous,1200,0.0,24,1.0,0.425,0.0,0.0,4,28,2836
0.9025,0.9371183834834176,0.06583333333333333,0.06288161651658247,0.03899280575539568,4,-0.009085251815319939,False,unknown,179,frame_179_layer_25,0.3002295680213606,unknown_seed_geometry_conflict,1200,0.9989820156090939,25,0.9325757575757576,0.03166666666666667,0.06742424242424241,0.054073902288188,3,28,2947
1.0,1.0,0.0,0.0,0.0,0,0.0,False,invalid,179,frame_179_layer_26,0.0,invalid_insufficient_depth,0,0.0,26,1.0,0.0,0.0,0.0,0,0,0
1.0,1.0,0.0,0.0,0.0,0,0.0,False,invalid,179,frame_179_layer_27,0.0,invalid_insufficient_depth,0,0.0,27,1.0,0.0,0.0,0.0,0,0,0
0.7816666666666666,1.0,0.08166666666666667,0.0,0.0,1,0.0,False,unknown,179,frame_179_layer_28,0.3002295680213606,unknown_ambiguous,1200,0.0,28,1.0,0.13666666666666666,0.0,0.0,1,28,5751
1.0,1.0,0.0,0.0,0.0,0,0.0,False,invalid,180,frame_180_layer_0,0.0,invalid_insufficient_depth,0,0.0,0,1.0,0.0,0.0,0.0,0,0,0
1.0,1.0,0.0,0.0,0.0,0,0.0,False,invalid,180,frame_180_layer_1,0.0,invalid_insufficient_depth,0,0.0,1,1.0,0.0,0.0,0.0,0,0,0
1.0,1.0,0.0,0.0,0.0,0,0.0,False,invalid,180,frame_180_layer_6,0.0,invalid_insufficient_depth,0,0.0,6,1.0,0.0,0.0,0.0,0,0,0
1.0,1.0,0.0,0.0,0.0,0,0.0,False,invalid,180,frame_180_layer_7,0.0,invalid_insufficient_depth,0,0.0,7,1.0,0.0,0.0,0.0,0,0,0
1.0,1.0,0.0,0.0,0.0,0,0.0,False,invalid,180,frame_180_layer_8,0.0,invalid_insufficient_depth,0,0.0,8,1.0,0.0,0.0,0.0,0,0,0
1.0,1.0,0.0,0.0,0.0,0,0.0,False,invalid,180,frame_180_layer_15,0.0,invalid_insufficient_depth,0,0.0,15,1.0,0.0,0.0,0.0,0,0,0
1.0,1.0,0.0,0.0,0.0,0,0.0,False,invalid,180,frame_180_layer_19,0.0,invalid_insufficient_depth,0,0.0,19,1.0,0.0,0.0,0.0,0,0,0
1.0,1.0,0.0,0.0,0.0,0,0.0,False,invalid,180,frame_180_layer_23,0.0,invalid_insufficient_depth,0,0.0,23,1.0,0.0,0.0,0.0,0,0,0
0.4166666666666667,1.0,0.12583333333333332,0.0,0.0,0,0.0,False,unknown,180,frame_180_layer_24,0.3002295680213606,unknown_ambiguous,1200,0.0,24,1.0,0.4575,0.0,0.0,4,28,2789
0.9016666666666666,0.9460715583943502,0.0625,0.05392844160564989,0.0417425040712712,4,-0.03449064268053004,False,unknown,180,frame_180_layer_25,0.3002295680213606,unknown_seed_geometry_conflict,1200,0.9946452476572959,25,0.9288262370540852,0.035833333333333335,0.07117376294591485,0.053011008872822875,2,28,2988
1.0,1.0,0.0,0.0,0.0,0,0.0,False,invalid,180,frame_180_layer_26,0.0,invalid_insufficient_depth,0,0.0,26,1.0,0.0,0.0,0.0,0,0,0
1.0,1.0,0.0,0.0,0.0,0,0.0,False,invalid,180,frame_180_layer_27,0.0,invalid_insufficient_depth,0,0.0,27,1.0,0.0,0.0,0.0,0,0,0
0.7983333333333333,1.0,0.09666666666666666,0.0,0.0,1,0.0,False,unknown,180,frame_180_layer_28,0.3002295680213606,unknown_ambiguous,1200,0.0,28,1.0,0.105,0.0,0.0,1,28,5746
1.0,1.0,0.0,0.0,0.0,0,0.0,False,invalid,181,frame_181_layer_0,0.0,invalid_insufficient_depth,0,0.0,0,1.0,0.0,0.0,0.0,0,0,0
1.0,1.0,0.0,0.0,0.0,0,0.0,False,invalid,181,frame_181_layer_1,0.0,invalid_insufficient_depth,0,0.0,1,1.0,0.0,0.0,0.0,0,0,0
1.0,1.0,0.0,0.0,0.0,0,0.0,False,invalid,181,frame_181_layer_6,0.0,invalid_insufficient_depth,0,0.0,6,1.0,0.0,0.0,0.0,0,0,0
1.0,1.0,0.0,0.0,0.0,0,0.0,False,invalid,181,frame_181_layer_7,0.0,invalid_insufficient_depth,0,0.0,7,1.0,0.0,0.0,0.0,0,0,0
1.0,1.0,0.0,0.0,0.0,0,0.0,False,invalid,181,frame_181_layer_8,0.0,invalid_insufficient_depth,0,0.0,8,1.0,0.0,0.0,0.0,0,0,0
1.0,1.0,0.0,0.0,0.0,0,0.0,False,invalid,181,frame_181_layer_15,0.0,invalid_insufficient_depth,0,0.0,15,1.0,0.0,0.0,0.0,0,0,0
1.0,1.0,0.0,0.0,0.0,0,0.0,False,invalid,181,frame_181_layer_19,0.0,invalid_insufficient_depth,0,0.0,19,1.0,0.0,0.0,0.0,0,0,0
1.0,1.0,0.0,0.0,0.0,0,0.0,False,invalid,181,frame_181_layer_23,0.0,invalid_insufficient_depth,0,0.0,23,1.0,0.0,0.0,0.0,0,0,0
0.6041666666666666,1.0,0.02,0.0,0.0,0,0.0,False,unknown,181,frame_181_layer_24,0.30003667393090827,unknown_ambiguous,1200,0.0,24,1.0,0.37583333333333335,0.0,0.0,0,27,2615
0.9183333333333333,0.9493670886075949,0.051666666666666666,0.05063291139240506,0.04008775428799362,2,-0.04159132007233257,False,unknown,181,frame_181_layer_25,0.30003667393090827,unknown_seed_geometry_conflict,1200,0.9977011494252873,25,0.9285714285714286,0.03,0.07142857142857142,0.06020134228187919,1,27,3045
1.0,1.0,0.0,0.0,0.0,0,0.0,False,invalid,181,frame_181_layer_26,0.0,invalid_insufficient_depth,0,0.0,26,1.0,0.0,0.0,0.0,0,0,0
1.0,1.0,0.0,0.0,0.0,0,0.0,False,invalid,181,frame_181_layer_27,0.0,invalid_insufficient_depth,0,0.0,27,1.0,0.0,0.0,0.0,0,0,0
0.9725,1.0,0.014166666666666666,0.0,0.0,0,0.0,False,unknown,181,frame_181_layer_28,0.30003667393090827,unknown_ambiguous,1200,0.0,28,1.0,0.013333333333333334,0.0,0.0,0,27,5788
1.0,1.0,0.0,0.0,0.0,0,0.0,False,invalid,182,frame_182_layer_0,0.0,invalid_insufficient_depth,0,0.0,0,1.0,0.0,0.0,0.0,0,0,0
1.0,1.0,0.0,0.0,0.0,0,0.0,False,invalid,182,frame_182_layer_1,0.0,invalid_insufficient_depth,0,0.0,1,1.0,0.0,0.0,0.0,0,0,0
1.0,1.0,0.0,0.0,0.0,0,0.0,False,invalid,182,frame_182_layer_6,0.0,invalid_insufficient_depth,0,0.0,6,1.0,0.0,0.0,0.0,0,0,0
1.0,1.0,0.0,0.0,0.0,0,0.0,False,invalid,182,frame_182_layer_7,0.0,invalid_insufficient_depth,0,0.0,7,1.0,0.0,0.0,0.0,0,0,0
1.0,1.0,0.0,0.0,0.0,0,0.0,False,invalid,182,frame_182_layer_8,0.0,invalid_insufficient_depth,0,0.0,8,1.0,0.0,0.0,0.0,0,0,0
1.0,1.0,0.0,0.0,0.0,0,0.0,False,invalid,182,frame_182_layer_15,0.0,invalid_insufficient_depth,0,0.0,15,1.0,0.0,0.0,0.0,0,0,0
1.0,1.0,0.0,0.0,0.0,0,0.0,False,invalid,182,frame_182_layer_19,0.0,invalid_insufficient_depth,0,0.0,19,1.0,0.0,0.0,0.0,0,0,0
1.0,1.0,0.0,0.0,0.0,0,0.0,False,invalid,182,frame_182_layer_23,0.0,invalid_insufficient_depth,0,0.0,23,1.0,0.0,0.0,0.0,0,0,0
0.7858333333333334,1.0,0.0016666666666666668,0.0,0.0,0,0.0,False,unknown,182,frame_182_layer_24,0.2991011413985326,unknown_ambiguous,1200,0.0,24,1.0,0.2125,0.0,0.0,0,27,2425
0.9341666666666667,0.937984496124031,0.04083333333333333,0.06201550387596899,0.04124149659863945,1,0.011881475041657596,False,unknown,182,frame_182_layer_25,0.2991011413985326,unknown_seed_geometry_conflict,1200,0.9945178974524347,25,0.9439252336448598,0.025,0.056074766355140186,0.05234080116887861,1,27,3101
1.0,1.0,0.0,0.0,0.0,0,0.0,False,invalid,182,frame_182_layer_26,0.0,invalid_insufficient_depth,0,0.0,26,1.0,0.0,0.0,0.0,0,0,0
1.0,1.0,0.0,0.0,0.0,0,0.0,False,invalid,182,frame_182_layer_27,0.0,invalid_insufficient_depth,0,0.0,27,1.0,0.0,0.0,0.0,0,0,0
0.9766666666666667,1.0,0.016666666666666666,0.0,0.0,0,0.0,False,unknown,182,frame_182_layer_28,0.2991011413985326,unknown_ambiguous,1200,0.0,28,1.0,0.006666666666666667,0.0,0.0,0,27,5721
1.0,1.0,0.0,0.0,0.0,0,0.0,False,invalid,183,frame_183_layer_0,0.0,invalid_insufficient_depth,0,0.0,0,1.0,0.0,0.0,0.0,0,0,0
1.0,1.0,0.0,0.0,0.0,0,0.0,False,invalid,183,frame_183_layer_1,0.0,invalid_insufficient_depth,0,0.0,1,1.0,0.0,0.0,0.0,0,0,0
1.0,1.0,0.0,0.0,0.0,0,0.0,False,invalid,183,frame_183_layer_6,0.0,invalid_insufficient_depth,0,0.0,6,1.0,0.0,0.0,0.0,0,0,0
1.0,1.0,0.0,0.0,0.0,0,0.0,False,invalid,183,frame_183_layer_7,0.0,invalid_insufficient_depth,0,0.0,7,1.0,0.0,0.0,0.0,0,0,0
1.0,1.0,0.0,0.0,0.0,0,0.0,False,invalid,183,frame_183_layer_8,0.0,invalid_insufficient_depth,0,0.0,8,1.0,0.0,0.0,0.0,0,0,0
1.0,1.0,0.0,0.0,0.0,0,0.0,False,invalid,183,frame_183_layer_15,0.0,invalid_insufficient_depth,0,0.0,15,1.0,0.0,0.0,0.0,0,0,0
1.0,1.0,0.0,0.0,0.0,0,0.0,False,invalid,183,frame_183_layer_19,0.0,invalid_insufficient_depth,0,0.0,19,1.0,0.0,0.0,0.0,0,0,0
1.0,1.0,0.0,0.0,0.0,0,0.0,False,invalid,183,frame_183_layer_23,0.0,invalid_insufficient_depth,0,0.0,23,1.0,0.0,0.0,0.0,0,0,0
0.475,1.0,0.15083333333333335,0.0,0.0,0,0.0,False,unknown,183,frame_183_layer_24,0.2910587567538082,unknown_ambiguous,1200,0.0,24,1.0,0.37416666666666665,0.0,0.0,3,27,2633
0.9191666666666667,0.9467455621301775,0.051666666666666666,0.05325443786982249,0.03685353603909325,2,-0.025227651206462642,False,unknown,183,frame_183_layer_25,0.2910587567538082,unknown_seed_geometry_conflict,1200,1.0,25,0.9341317365269461,0.029166666666666667,0.0658682634730539,0.058798114689709344,1,27,3012
1.0,1.0,0.0,0.0,0.0,0,0.0,False,invalid,183,frame_183_layer_26,0.0,invalid_insufficient_depth,0,0.0,26,1.0,0.0,0.0,0.0,0,0,0
1.0,1.0,0.0,0.0,0.0,0,0.0,False,invalid,183,frame_183_layer_27,0.0,invalid_insufficient_depth,0,0.0,27,1.0,0.0,0.0,0.0,0,0,0
0.915,1.0,0.020833333333333332,0.0,0.0,0,0.0,False,unknown,183,frame_183_layer_28,0.2910587567538082,unknown_ambiguous,1200,0.0,28,1.0,0.06416666666666666,0.0,0.0,0,27,5608
1.0,1.0,0.0,0.0,0.0,0,0.0,False,invalid,184,frame_184_layer_0,0.0,invalid_insufficient_depth,0,0.0,0,1.0,0.0,0.0,0.0,0,0,0
1.0,1.0,0.0,0.0,0.0,0,0.0,False,invalid,184,frame_184_layer_1,0.0,invalid_insufficient_depth,0,0.0,1,1.0,0.0,0.0,0.0,0,0,0
1.0,1.0,0.0,0.0,0.0,0,0.0,False,invalid,184,frame_184_layer_6,0.0,invalid_insufficient_depth,0,0.0,6,1.0,0.0,0.0,0.0,0,0,0
1.0,1.0,0.0,0.0,0.0,0,0.0,False,invalid,184,frame_184_layer_7,0.0,invalid_insufficient_depth,0,0.0,7,1.0,0.0,0.0,0.0,0,0,0
1.0,1.0,0.0,0.0,0.0,0,0.0,False,invalid,184,frame_184_layer_8,0.0,invalid_insufficient_depth,0,0.0,8,1.0,0.0,0.0,0.0,0,0,0
1.0,1.0,0.0,0.0,0.0,0,0.0,False,invalid,184,frame_184_layer_15,0.0,invalid_insufficient_depth,0,0.0,15,1.0,0.0,0.0,0.0,0,0,0
1.0,1.0,0.0,0.0,0.0,0,0.0,False,invalid,184,frame_184_layer_19,0.0,invalid_insufficient_depth,0,0.0,19,1.0,0.0,0.0,0.0,0,0,0
1.0,1.0,0.0,0.0,0.0,0,0.0,False,invalid,184,frame_184_layer_23,0.0,invalid_insufficient_depth,0,0.0,23,1.0,0.0,0.0,0.0,0,0,0
0.5275,1.0,0.14916666666666667,0.0,0.0,0,0.0,False,unknown,184,frame_184_layer_24,0.28032111648062175,unknown_ambiguous,1200,0.0,24,1.0,0.3233333333333333,0.0,0.0,2,26,2532
0.9025,0.960331984845566,0.05416666666666667,0.03966801515443395,0.020138888888888887,1,-0.06708634388731449,False,unknown,184,frame_184_layer_25,0.28032111648062175,unknown_seed_geometry_conflict,1200,0.9986491050320837,25,0.9267888129019088,0.043333333333333335,0.07321118709809124,0.06568172849250198,1,26,2961
1.0,1.0,0.0,0.0,0.0,0,0.0,False,invalid,184,frame_184_layer_26,0.0,invalid_insufficient_depth,0,0.0,26,1.0,0.0,0.0,0.0,0,0,0
1.0,1.0,0.0,0.0,0.0,0,0.0,False,invalid,184,frame_184_layer_27,0.0,invalid_insufficient_depth,0,0.0,27,1.0,0.0,0.0,0.0,0,0,0
1.0,1.0,0.0,0.0,0.0,0,0.0,False,unknown,184,frame_184_layer_28,0.28032111648062175,unknown_ambiguous,1200,0.0,28,1.0,0.0,0.0,0.0,0,26,5403
1.0,1.0,0.0,0.0,0.0,0,0.0,False,invalid,185,frame_185_layer_0,0.0,invalid_insufficient_depth,0,0.0,0,1.0,0.0,0.0,0.0,0,0,0
1.0,1.0,0.0,0.0,0.0,0,0.0,False,invalid,185,frame_185_layer_1,0.0,invalid_insufficient_depth,0,0.0,1,1.0,0.0,0.0,0.0,0,0,0
1.0,1.0,0.0,0.0,0.0,0,0.0,False,invalid,185,frame_185_layer_6,0.0,invalid_insufficient_depth,0,0.0,6,1.0,0.0,0.0,0.0,0,0,0
1.0,1.0,0.0,0.0,0.0,0,0.0,False,invalid,185,frame_185_layer_7,0.0,invalid_insufficient_depth,0,0.0,7,1.0,0.0,0.0,0.0,0,0,0
1.0,1.0,0.0,0.0,0.0,0,0.0,False,invalid,185,frame_185_layer_8,0.0,invalid_insufficient_depth,0,0.0,8,1.0,0.0,0.0,0.0,0,0,0
1.0,1.0,0.0,0.0,0.0,0,0.0,False,invalid,185,frame_185_layer_15,0.0,invalid_insufficient_depth,0,0.0,15,1.0,0.0,0.0,0.0,0,0,0
1.0,1.0,0.0,0.0,0.0,0,0.0,False,invalid,185,frame_185_layer_19,0.0,invalid_insufficient_depth,0,0.0,19,1.0,0.0,0.0,0.0,0,0,0
1.0,1.0,0.0,0.0,0.0,0,0.0,False,invalid,185,frame_185_layer_23,0.0,invalid_insufficient_depth,0,0.0,23,1.0,0.0,0.0,0.0,0,0,0
0.5641666666666667,1.0,0.115,0.0,0.0,1,0.0,False,unknown,185,frame_185_layer_24,0.26842434869008513,unknown_ambiguous,1200,0.0,24,1.0,0.32083333333333336,0.0,0.0,2,25,2291
0.9158333333333334,0.975,0.050833333333333335,0.025,0.0125,1,-0.09213197969543141,False,unknown,185,frame_185_layer_25,0.26842434869008513,unknown_seed_geometry_conflict,1200,1.0,25,0.9289340101522843,0.03333333333333333,0.07106598984771574,0.061452513966480445,0,25,2891
1.0,1.0,0.0,0.0,0.0,0,0.0,False,invalid,185,frame_185_layer_26,0.0,invalid_insufficient_depth,0,0.0,26,1.0,0.0,0.0,0.0,0,0,0
1.0,1.0,0.0,0.0,0.0,0,0.0,False,invalid,185,frame_185_layer_27,0.0,invalid_insufficient_depth,0,0.0,27,1.0,0.0,0.0,0.0,0,0,0
1.0,1.0,0.0,0.0,0.0,0,0.0,False,unknown,185,frame_185_layer_28,0.26842434869008513,unknown_ambiguous,1200,0.0,28,1.0,0.0,0.0,0.0,0,25,5266
1.0,1.0,0.0,0.0,0.0,0,0.0,False,invalid,186,frame_186_layer_0,0.0,invalid_insufficient_depth,0,0.0,0,1.0,0.0,0.0,0.0,0,0,0
1.0,1.0,0.0,0.0,0.0,0,0.0,False,invalid,186,frame_186_layer_1,0.0,invalid_insufficient_depth,0,0.0,1,1.0,0.0,0.0,0.0,0,0,0
1.0,1.0,0.0,0.0,0.0,0,0.0,False,invalid,186,frame_186_layer_6,0.0,invalid_insufficient_depth,0,0.0,6,1.0,0.0,0.0,0.0,0,0,0
1.0,1.0,0.0,0.0,0.0,0,0.0,False,invalid,186,frame_186_layer_7,0.0,invalid_insufficient_depth,0,0.0,7,1.0,0.0,0.0,0.0,0,0,0
1.0,1.0,0.0,0.0,0.0,0,0.0,False,invalid,186,frame_186_layer_8,0.0,invalid_insufficient_depth,0,0.0,8,1.0,0.0,0.0,0.0,0,0,0
1.0,1.0,0.0,0.0,0.0,0,0.0,False,invalid,186,frame_186_layer_11,0.0,invalid_insufficient_depth,0,0.0,11,1.0,0.0,0.0,0.0,0,0,0
1.0,1.0,0.0,0.0,0.0,0,0.0,False,invalid,186,frame_186_layer_12,0.2550163487586464,invalid_insufficient_depth,2,0.0,12,1.0,0.0,0.0,0.0,0,28,2
1.0,1.0,0.0,0.0,0.0,0,0.0,False,invalid,186,frame_186_layer_15,0.0,invalid_insufficient_depth,0,0.0,15,1.0,0.0,0.0,0.0,0,0,0
1.0,1.0,0.0,0.0,0.0,0,0.0,False,invalid,186,frame_186_layer_19,0.0,invalid_insufficient_depth,0,0.0,19,1.0,0.0,0.0,0.0,0,0,0
1.0,1.0,0.0,0.0,0.0,0,0.0,False,invalid,186,frame_186_layer_23,0.0,invalid_insufficient_depth,0,0.0,23,1.0,0.0,0.0,0.0,0,0,0
0.255,1.0,0.2625,0.0,0.0,4,0.0,False,unknown,186,frame_186_layer_24,0.2550163487586464,unknown_mixed_surface,1200,0.0,24,1.0,0.4825,0.0,0.0,5,28,2101
0.81,0.9635038924745492,0.135,0.036496107525450794,0.00765218878248974,0,-0.05900108478159405,False,unknown,186,frame_186_layer_25,0.2550163487586464,unknown_seed_geometry_conflict,1200,1.0,25,0.9340033500837521,0.055,0.0659966499162479,0.05217591738889913,0,28,2809
1.0,1.0,0.0,0.0,0.0,0,0.0,False,invalid,186,frame_186_layer_26,0.0,invalid_insufficient_depth,0,0.0,26,1.0,0.0,0.0,0.0,0,0,0
1.0,1.0,0.0,0.0,0.0,0,0.0,False,invalid,186,frame_186_layer_27,0.0,invalid_insufficient_depth,0,0.0,27,1.0,0.0,0.0,0.0,0,0,0
0.6583333333333333,1.0,0.18083333333333335,0.0,0.0,4,0.0,False,unknown,186,frame_186_layer_28,0.2550163487586464,unknown_ambiguous,1200,0.0,28,1.0,0.16083333333333333,0.0,0.0,4,28,5095
1.0,1.0,0.0,0.0,0.0,0,0.0,False,invalid,187,frame_187_layer_0,0.0,invalid_insufficient_depth,0,0.0,0,1.0,0.0,0.0,0.0,0,0,0
1.0,1.0,0.0,0.0,0.0,0,0.0,False,invalid,187,frame_187_layer_1,0.0,invalid_insufficient_depth,0,0.0,1,1.0,0.0,0.0,0.0,0,0,0
1.0,1.0,0.0,0.0,0.0,0,0.0,False,invalid,187,frame_187_layer_6,0.0,invalid_insufficient_depth,0,0.0,6,1.0,0.0,0.0,0.0,0,0,0
1.0,1.0,0.0,0.0,0.0,0,0.0,False,invalid,187,frame_187_layer_7,0.0,invalid_insufficient_depth,0,0.0,7,1.0,0.0,0.0,0.0,0,0,0
1.0,1.0,0.0,0.0,0.0,0,0.0,False,invalid,187,frame_187_layer_8,0.0,invalid_insufficient_depth,0,0.0,8,1.0,0.0,0.0,0.0,0,0,0
1.0,1.0,0.0,0.0,0.0,0,0.0,False,invalid,187,frame_187_layer_9,0.24102986837225526,invalid_insufficient_depth,30,0.0,9,1.0,0.0,0.0,0.0,0,31,30
1.0,1.0,0.0,0.0,0.0,0,0.0,False,invalid,187,frame_187_layer_11,0.0,invalid_insufficient_depth,0,0.0,11,1.0,0.0,0.0,0.0,0,0,0
1.0,1.0,0.0,0.0,0.0,0,0.0,False,invalid,187,frame_187_layer_12,0.24102986837225526,invalid_insufficient_depth,21,0.0,12,1.0,0.0,0.0,0.0,0,31,21
1.0,1.0,0.0,0.0,0.0,0,0.0,False,invalid,187,frame_187_layer_15,0.0,invalid_insufficient_depth,0,0.0,15,1.0,0.0,0.0,0.0,0,0,0
1.0,1.0,0.0,0.0,0.0,0,0.0,False,invalid,187,frame_187_layer_19,0.0,invalid_insufficient_depth,0,0.0,19,1.0,0.0,0.0,0.0,0,0,0
1.0,1.0,0.0,0.0,0.0,0,0.0,False,invalid,187,frame_187_layer_23,0.0,invalid_insufficient_depth,0,0.0,23,1.0,0.0,0.0,0.0,0,0,0
0.24333333333333335,1.0,0.2425,0.0,0.0,7,0.0,False,unknown,187,frame_187_layer_24,0.24102986837225526,unknown_mixed_surface,1200,0.0,24,1.0,0.5141666666666667,0.0,0.0,8,31,1704
0.7983333333333333,0.9743589743589743,0.145,0.02564102564102564,0.009260053159564435,1,-0.064659977703456,False,unknown,187,frame_187_layer_25,0.24102986837225526,unknown_seed_geometry_conflict,1200,1.0,25,0.9420289855072463,0.056666666666666664,0.057971014492753624,0.04945811273746496,0,31,2827
1.0,1.0,0.0,0.0,0.0,0,0.0,False,invalid,187,frame_187_layer_26,0.0,invalid_insufficient_depth,0,0.0,26,1.0,0.0,0.0,0.0,0,0,0
0.7066666666666667,1.0,0.0775,0.0,0.0,7,0.0,False,unknown,187,frame_187_layer_28,0.24102986837225526,unknown_ambiguous,1200,0.0,28,1.0,0.21583333333333332,0.0,0.0,7,31,4842
1.0,1.0,0.0,0.0,0.0,0,0.0,False,invalid,188,frame_188_layer_0,0.0,invalid_insufficient_depth,0,0.0,0,1.0,0.0,0.0,0.0,0,0,0
1.0,1.0,0.0,0.0,0.0,0,0.0,False,invalid,188,frame_188_layer_1,0.22729240466673162,invalid_insufficient_depth,3,0.0,1,1.0,0.0,0.0,0.0,0,31,3
1.0,1.0,0.0,0.0,0.0,0,0.0,False,invalid,188,frame_188_layer_6,0.0,invalid_insufficient_depth,0,0.0,6,1.0,0.0,0.0,0.0,0,0,0
1.0,1.0,0.0,0.0,0.0,0,0.0,False,invalid,188,frame_188_layer_7,0.0,invalid_insufficient_depth,0,0.0,7,1.0,0.0,0.0,0.0,0,0,0
1.0,1.0,0.0,0.0,0.0,0,0.0,False,invalid,188,frame_188_layer_8,0.0,invalid_insufficient_depth,0,0.0,8,1.0,0.0,0.0,0.0,0,0,0
1.0,1.0,0.0,0.0,0.0,0,0.0,False,invalid,188,frame_188_layer_9,0.22729240466673162,invalid_insufficient_depth,61,0.0,9,1.0,0.0,0.0,0.0,0,31,61
1.0,1.0,0.0,0.0,0.0,0,0.0,False,invalid,188,frame_188_layer_11,0.0,invalid_insufficient_depth,0,0.0,11,1.0,0.0,0.0,0.0,0,0,0
0.9887640449438202,1.0,0.011235955056179775,0.0,0.0,0,0.0,False,invalid,188,frame_188_layer_12,0.22729240466673162,invalid_insufficient_depth,89,0.0,12,1.0,0.0,0.0,0.0,0,31,89
1.0,1.0,0.0,0.0,0.0,0,0.0,False,invalid,188,frame_188_layer_15,0.0,invalid_insufficient_depth,0,0.0,15,1.0,0.0,0.0,0.0,0,0,0
1.0,1.0,0.0,0.0,0.0,0,0.0,False,invalid,188,frame_188_layer_19,0.0,invalid_insufficient_depth,0,0.0,19,1.0,0.0,0.0,0.0,0,0,0
1.0,1.0,0.0,0.0,0.0,0,0.0,False,invalid,188,frame_188_layer_23,0.0,invalid_insufficient_depth,0,0.0,23,1.0,0.0,0.0,0.0,0,0,0
0.23916666666666667,1.0,0.21083333333333334,0.0,0.0,6,0.0,False,unknown,188,frame_188_layer_24,0.22729240466673162,unknown_mixed_surface,1200,0.0,24,1.0,0.55,0.0,0.0,8,31,1496
0.805,0.9702970297029703,0.14916666666666667,0.0297029702970297,0.005434782608695652,0,-0.10926875820112136,False,unknown,188,frame_188_layer_25,0.22729240466673162,unknown_seed_geometry_conflict,1200,1.0,25,0.9156626506024096,0.04583333333333333,0.08433734939759036,0.05308641975308642,0,31,2777
1.0,1.0,0.0,0.0,0.0,0,0.0,False,invalid,188,frame_188_layer_26,0.0,invalid_insufficient_depth,0,0.0,26,1.0,0.0,0.0,0.0,0,0,0
1.0,1.0,0.0,0.0,0.0,0,0.0,False,unknown,188,frame_188_layer_28,0.22729240466673162,unknown_ambiguous,1200,0.0,28,1.0,0.0,0.0,0.0,0,31,4547
1.0,1.0,0.0,0.0,0.0,0,0.0,False,invalid,189,frame_189_layer_0,0.0,invalid_insufficient_depth,0,0.0,0,1.0,0.0,0.0,0.0,0,0,0
1.0,1.0,0.0,0.0,0.0,0,0.0,False,invalid,189,frame_189_layer_1,0.2104949112521589,invalid_insufficient_depth,5,0.0,1,1.0,0.0,0.0,0.0,0,31,5
1.0,1.0,0.0,0.0,0.0,0,0.0,False,invalid,189,frame_189_layer_3,0.2104949112521589,invalid_insufficient_depth,36,0.0,3,1.0,0.0,0.0,0.0,0,31,36
1.0,1.0,0.0,0.0,0.0,0,0.0,False,invalid,189,frame_189_layer_6,0.0,invalid_insufficient_depth,0,0.0,6,1.0,0.0,0.0,0.0,0,0,0
1.0,1.0,0.0,0.0,0.0,0,0.0,False,invalid,189,frame_189_layer_7,0.0,invalid_insufficient_depth,0,0.0,7,1.0,0.0,0.0,0.0,0,0,0
1.0,1.0,0.0,0.0,0.0,0,0.0,False,invalid,189,frame_189_layer_8,0.0,invalid_insufficient_depth,0,0.0,8,1.0,0.0,0.0,0.0,0,0,0
0.8947368421052632,1.0,0.0,0.0,0.0,0,-0.13793103448275867,False,invalid,189,frame_189_layer_9,0.2104949112521589,invalid_insufficient_depth,76,0.0,9,0.9310344827586207,0.10526315789473684,0.06896551724137931,0.034482758620689655,0,31,76
1.0,1.0,0.0,0.0,0.0,0,0.0,False,invalid,189,frame_189_layer_11,0.2104949112521589,invalid_insufficient_depth,1,0.0,11,1.0,0.0,0.0,0.0,0,31,1
0.8411764705882353,1.0,0.1588235294117647,0.0,0.0,0,0.0,False,unknown,189,frame_189_layer_12,0.2104949112521589,unknown_ambiguous,170,0.0,12,1.0,0.0,0.0,0.0,0,31,170
1.0,1.0,0.0,0.0,0.0,0,0.0,False,invalid,189,frame_189_layer_14,0.2104949112521589,invalid_insufficient_depth,1,0.0,14,1.0,0.0,0.0,0.0,0,31,1
1.0,1.0,0.0,0.0,0.0,0,0.0,False,invalid,189,frame_189_layer_15,0.0,invalid_insufficient_depth,0,0.0,15,1.0,0.0,0.0,0.0,0,0,0
1.0,1.0,0.0,0.0,0.0,0,0.0,False,invalid,189,frame_189_layer_19,0.0,invalid_insufficient_depth,0,0.0,19,1.0,0.0,0.0,0.0,0,0,0
1.0,1.0,0.0,0.0,0.0,0,0.0,False,invalid,189,frame_189_layer_23,0.0,invalid_insufficient_depth,0,0.0,23,1.0,0.0,0.0,0.0,0,0,0
0.25416666666666665,1.0,0.23,0.0,0.0,8,0.0,False,unknown,189,frame_189_layer_24,0.2104949112521589,unknown_mixed_surface,1200,0.0,24,1.0,0.5158333333333334,0.0,0.0,9,31,1264
0.8233333333333334,0.9413680781758957,0.14416666666666667,0.05863192182410423,0.025206087507926443,0,-0.047442038704732736,False,unknown,189,frame_189_layer_25,0.2104949112521589,unknown_seed_geometry_conflict,1200,1.0,25,0.9176470588235294,0.0325,0.08235294117647059,0.028850145288501453,0,31,2682
1.0,1.0,0.0,0.0,0.0,0,0.0,False,invalid,189,frame_189_layer_26,0.0,invalid_insufficient_depth,0,0.0,26,1.0,0.0,0.0,0.0,0,0,0
1.0,1.0,0.0,0.0,0.0,0,0.0,False,unknown,189,frame_189_layer_28,0.2104949112521589,unknown_ambiguous,1200,0.0,28,1.0,0.0,0.0,0.0,0,31,4265
1.0,1.0,0.0,0.0,0.0,0,0.0,False,invalid,190,frame_190_layer_0,0.0,invalid_insufficient_depth,0,0.0,0,1.0,0.0,0.0,0.0,0,0,0
1.0,1.0,0.0,0.0,0.0,0,0.0,False,invalid,190,frame_190_layer_1,0.1935756302042254,invalid_insufficient_depth,1,0.0,1,1.0,0.0,0.0,0.0,0,32,1
1.0,1.0,0.0,0.0,0.0,0,0.0,False,invalid,190,frame_190_layer_3,0.1935756302042254,invalid_insufficient_depth,38,0.0,3,1.0,0.0,0.0,0.0,0,32,38
1.0,1.0,0.0,0.0,0.0,0,0.0,False,invalid,190,frame_190_layer_6,0.0,invalid_insufficient_depth,0,0.0,6,1.0,0.0,0.0,0.0,0,0,0
1.0,1.0,0.0,0.0,0.0,0,0.0,False,invalid,190,frame_190_layer_7,0.0,invalid_insufficient_depth,0,0.0,7,1.0,0.0,0.0,0.0,0,0,0
1.0,1.0,0.0,0.0,0.0,0,0.0,False,invalid,190,frame_190_layer_8,0.0,invalid_insufficient_depth,0,0.0,8,1.0,0.0,0.0,0.0,0,0,0
0.8703703703703703,1.0,0.027777777777777776,0.0,0.0,0,-0.38888888888888884,False,unknown,190,frame_190_layer_9,0.1935756302042254,unknown_ambiguous,108,0.0,9,0.8055555555555556,0.10185185185185185,0.19444444444444445,0.15079365079365079,0,32,108
1.0,1.0,0.0,0.0,0.0,0,0.0,False,invalid,190,frame_190_layer_11,0.0,invalid_insufficient_depth,0,0.0,11,1.0,0.0,0.0,0.0,0,0,0
0.9144144144144144,0.975,0.06306306306306306,0.025,0.0,0,0.050000000000000044,False,unknown,190,frame_190_layer_12,0.1935756302042254,unknown_ambiguous,222,0.0,12,1.0,0.02252252252252252,0.0,0.0,0,32,222
1.0,1.0,0.0,0.0,0.0,0,0.0,False,invalid,190,frame_190_layer_14,0.0,invalid_insufficient_depth,0,0.0,14,1.0,0.0,0.0,0.0,0,0,0
1.0,1.0,0.0,0.0,0.0,0,0.0,False,invalid,190,frame_190_layer_15,0.0,invalid_insufficient_depth,0,0.0,15,1.0,0.0,0.0,0.0,0,0,0
1.0,1.0,0.0,0.0,0.0,0,0.0,False,invalid,190,frame_190_layer_19,0.0,invalid_insufficient_depth,0,0.0,19,1.0,0.0,0.0,0.0,0,0,0
1.0,1.0,0.0,0.0,0.0,0,0.0,False,invalid,190,frame_190_layer_23,0.0,invalid_insufficient_depth,0,0.0,23,1.0,0.0,0.0,0.0,0,0,0
0.24739583333333334,1.0,0.1675347222222222,0.0,0.0,9,0.0,False,unknown,190,frame_190_layer_24,0.1935756302042254,unknown_ambiguous,1152,0.0,24,1.0,0.5850694444444444,0.0,0.0,13,32,1152
0.7533333333333333,0.9541513399894903,0.20666666666666667,0.04584866001050972,0.02114381520119225,1,-0.09729077521707585,False,unknown,190,frame_190_layer_25,0.1935756302042254,unknown_seed_geometry_conflict,1200,1.0,25,0.9055059523809523,0.04,0.09449404761904762,0.007428307382099249,0,32,2553
1.0,1.0,0.0,0.0,0.0,0,0.0,False,invalid,190,frame_190_layer_26,0.0,invalid_insufficient_depth,0,0.0,26,1.0,0.0,0.0,0.0,0,0,0
1.0,1.0,0.0,0.0,0.0,0,0.0,False,unknown,190,frame_190_layer_28,0.1935756302042254,unknown_ambiguous,1200,0.0,28,1.0,0.0,0.0,0.0,0,32,4015
1.0,1.0,0.0,0.0,0.0,0,0.0,False,invalid,191,frame_191_layer_0,0.0,invalid_insufficient_depth,0,0.0,0,1.0,0.0,0.0,0.0,0,0,0
1.0,1.0,0.0,0.0,0.0,0,0.0,False,invalid,191,frame_191_layer_1,0.17676593407589236,invalid_insufficient_depth,1,0.0,1,1.0,0.0,0.0,0.0,0,32,1
1.0,1.0,0.0,0.0,0.0,0,0.0,False,invalid,191,frame_191_layer_3,0.17676593407589236,invalid_insufficient_depth,27,0.0,3,1.0,0.0,0.0,0.0,0,32,27
1.0,1.0,0.0,0.0,0.0,0,0.0,False,invalid,191,frame_191_layer_6,0.0,invalid_insufficient_depth,0,0.0,6,1.0,0.0,0.0,0.0,0,0,0
1.0,1.0,0.0,0.0,0.0,0,0.0,False,invalid,191,frame_191_layer_7,0.0,invalid_insufficient_depth,0,0.0,7,1.0,0.0,0.0,0.0,0,0,0
1.0,1.0,0.0,0.0,0.0,0,0.0,False,invalid,191,frame_191_layer_8,0.0,invalid_insufficient_depth,0,0.0,8,1.0,0.0,0.0,0.0,0,0,0
0.7796610169491526,0.9555555555555556,0.05084745762711865,0.044444444444444446,0.011111111111111112,0,-0.3935353535353536,False,unknown,191,frame_191_layer_9,0.17676593407589236,unknown_ambiguous,118,0.0,9,0.7587878787878788,0.1694915254237288,0.2412121212121212,0.22032258064516128,0,32,118
1.0,1.0,0.0,0.0,0.0,0,0.0,False,invalid,191,frame_191_layer_11,0.17676593407589236,invalid_insufficient_depth,1,0.0,11,1.0,0.0,0.0,0.0,0,32,1
0.8196078431372549,0.25,0.10196078431372549,0.75,0.40064102564102566,2,0.4583333333333333,False,unknown,191,frame_191_layer_12,0.17676593407589236,unknown_ambiguous,255,0.0,12,0.4791666666666667,0.0784313725490196,0.5208333333333334,0.45454545454545453,1,32,255
1.0,1.0,0.0,0.0,0.0,0,0.0,False,invalid,191,frame_191_layer_14,0.17676593407589236,invalid_insufficient_depth,17,0.0,14,1.0,0.0,0.0,0.0,0,32,17
1.0,1.0,0.0,0.0,0.0,0,0.0,False,invalid,191,frame_191_layer_15,0.0,invalid_insufficient_depth,0,0.0,15,1.0,0.0,0.0,0.0,0,0,0
1.0,1.0,0.0,0.0,0.0,0,0.0,False,invalid,191,frame_191_layer_19,0.0,invalid_insufficient_depth,0,0.0,19,1.0,0.0,0.0,0.0,0,0,0
1.0,1.0,0.0,0.0,0.0,0,0.0,False,invalid,191,frame_191_layer_23,0.0,invalid_insufficient_depth,0,0.0,23,1.0,0.0,0.0,0.0,0,0,0
0.5684931506849316,1.0,0.06934931506849315,0.0,0.0,1,0.0,False,unknown,191,frame_191_layer_24,0.17676593407589236,unknown_ambiguous,1168,0.0,24,1.0,0.3621575342465753,0.0,0.0,10,32,1168
0.7841666666666667,0.9665178571428572,0.15583333333333332,0.033482142857142856,0.014686462912445918,2,-0.0216310291486127,False,unknown,191,frame_191_layer_25,0.17676593407589236,unknown_seed_geometry_conflict,1200,1.0,25,0.9557023425685508,0.06,0.0442976574314492,0.0,0,32,2468
1.0,1.0,0.0,0.0,0.0,0,0.0,False,invalid,191,frame_191_layer_26,0.0,invalid_insufficient_depth,0,0.0,26,1.0,0.0,0.0,0.0,0,0,0
1.0,1.0,0.0,0.0,0.0,0,0.0,False,unknown,191,frame_191_layer_28,0.17676593407589236,unknown_ambiguous,1200,0.0,28,1.0,0.0,0.0,0.0,0,32,3825
1.0,1.0,0.0,0.0,0.0,0,0.0,False,invalid,192,frame_192_layer_0,0.0,invalid_insufficient_depth,0,0.0,0,1.0,0.0,0.0,0.0,0,0,0
1.0,1.0,0.0,0.0,0.0,0,0.0,False,invalid,192,frame_192_layer_1,0.0,invalid_insufficient_depth,0,0.0,1,1.0,0.0,0.0,0.0,0,0,0
1.0,1.0,0.0,0.0,0.0,0,0.0,False,invalid,192,frame_192_layer_3,0.15981526222455,invalid_insufficient_depth,29,0.0,3,1.0,0.0,0.0,0.0,0,32,29
1.0,1.0,0.0,0.0,0.0,0,0.0,False,invalid,192,frame_192_layer_6,0.0,invalid_insufficient_depth,0,0.0,6,1.0,0.0,0.0,0.0,0,0,0
1.0,1.0,0.0,0.0,0.0,0,0.0,False,invalid,192,frame_192_layer_7,0.0,invalid_insufficient_depth,0,0.0,7,1.0,0.0,0.0,0.0,0,0,0
1.0,1.0,0.0,0.0,0.0,0,0.0,False,invalid,192,frame_192_layer_8,0.0,invalid_insufficient_depth,0,0.0,8,1.0,0.0,0.0,0.0,0,0,0
0.6761904761904762,1.0,0.0380952380952381,0.0,0.0,0,-0.4130434782608696,False,unknown,192,frame_192_layer_9,0.15981526222455,unknown_ambiguous,105,0.0,9,0.7934782608695652,0.2857142857142857,0.20652173913043478,0.08605072463768115,0,32,105
1.0,1.0,0.0,0.0,0.0,0,0.0,False,invalid,192,frame_192_layer_11,0.15981526222455,invalid_insufficient_depth,1,0.0,11,1.0,0.0,0.0,0.0,0,32,1
0.8706896551724138,0.12222222222222222,0.09913793103448276,0.8777777777777778,0.8166666666666667,2,0.022222222222222143,False,unknown,192,frame_192_layer_12,0.15981526222455,unknown_insufficient_evidence,232,0.0,12,0.13333333333333333,0.03017241379310345,0.8666666666666667,0.467816091954023,2,32,232
1.0,1.0,0.0,0.0,0.0,0,0.0,False,invalid,192,frame_192_layer_13,0.0,invalid_insufficient_depth,0,0.0,13,1.0,0.0,0.0,0.0,0,0,0
1.0,1.0,0.0,0.0,0.0,0,0.0,False,invalid,192,frame_192_layer_14,0.15981526222455,invalid_insufficient_depth,21,0.0,14,1.0,0.0,0.0,0.0,0,32,21
1.0,1.0,0.0,0.0,0.0,0,0.0,False,invalid,192,frame_192_layer_15,0.0,invalid_insufficient_depth,0,0.0,15,1.0,0.0,0.0,0.0,0,0,0
1.0,1.0,0.0,0.0,0.0,0,0.0,False,invalid,192,frame_192_layer_19,0.0,invalid_insufficient_depth,0,0.0,19,1.0,0.0,0.0,0.0,0,0,0
1.0,1.0,0.0,0.0,0.0,0,0.0,False,invalid,192,frame_192_layer_23,0.0,invalid_insufficient_depth,0,0.0,23,1.0,0.0,0.0,0.0,0,0,0
0.38054054054054054,1.0,0.032432432432432434,0.0,0.0,1,0.0,False,unknown,192,frame_192_layer_24,0.15981526222455,unknown_ambiguous,925,0.0,24,1.0,0.587027027027027,0.0,0.0,12,32,925
0.7391666666666666,0.9643685140207552,0.20166666666666666,0.03563148597924487,0.011502626727844852,1,0.06594382302231949,False,unknown,192,frame_192_layer_25,0.15981526222455,unknown_seed_geometry_conflict,1200,1.0,25,0.9973404255319149,0.059166666666666666,0.0026595744680851063,0.0,0,32,2443
1.0,1.0,0.0,0.0,0.0,0,0.0,False,invalid,192,frame_192_layer_26,0.0,invalid_insufficient_depth,0,0.0,26,1.0,0.0,0.0,0.0,0,0,0
0.9966666666666667,1.0,0.0,0.0,0.0,0,0.0,False,unknown,192,frame_192_layer_28,0.15981526222455,unknown_ambiguous,1200,0.0,28,1.0,0.0033333333333333335,0.0,0.0,0,32,3593
1.0,1.0,0.0,0.0,0.0,0,0.0,False,invalid,193,frame_193_layer_0,0.0,invalid_insufficient_depth,0,0.0,0,1.0,0.0,0.0,0.0,0,0,0
1.0,1.0,0.0,0.0,0.0,0,0.0,False,invalid,193,frame_193_layer_1,0.0,invalid_insufficient_depth,0,0.0,1,1.0,0.0,0.0,0.0,0,0,0
1.0,1.0,0.0,0.0,0.0,0,0.0,False,invalid,193,frame_193_layer_2,0.0,invalid_insufficient_depth,0,0.0,2,1.0,0.0,0.0,0.0,0,0,0
1.0,1.0,0.0,0.0,0.0,0,0.0,False,invalid,193,frame_193_layer_3,0.1583840011236365,invalid_insufficient_depth,21,0.0,3,1.0,0.0,0.0,0.0,0,32,21
1.0,1.0,0.0,0.0,0.0,0,0.0,False,invalid,193,frame_193_layer_6,0.0,invalid_insufficient_depth,0,0.0,6,1.0,0.0,0.0,0.0,0,0,0
1.0,1.0,0.0,0.0,0.0,0,0.0,False,invalid,193,frame_193_layer_7,0.0,invalid_insufficient_depth,0,0.0,7,1.0,0.0,0.0,0.0,0,0,0
1.0,1.0,0.0,0.0,0.0,0,0.0,False,invalid,193,frame_193_layer_8,0.0,invalid_insufficient_depth,0,0.0,8,1.0,0.0,0.0,0.0,0,0,0
0.7435897435897436,1.0,0.03418803418803419,0.0,0.0,0,-0.2554347826086957,False,unknown,193,frame_193_layer_9,0.1583840011236365,unknown_ambiguous,117,0.0,9,0.8722826086956521,0.2222222222222222,0.12771739130434784,0.12048780487804878,0,32,117
1.0,1.0,0.0,0.0,0.0,0,0.0,False,invalid,193,frame_193_layer_10,0.0,invalid_insufficient_depth,0,0.0,10,1.0,0.0,0.0,0.0,0,0,0
0.8181818181818182,1.0,0.0,0.0,0.0,0,0.0,False,invalid,193,frame_193_layer_11,0.1583840011236365,invalid_insufficient_depth,11,0.0,11,1.0,0.18181818181818182,0.0,0.0,0,32,11
0.9870689655172413,0.0,0.008620689655172414,1.0,1.0,1,0.0,False,unknown,193,frame_193_layer_12,0.1583840011236365,unknown_insufficient_evidence,232,0.0,12,0.0,0.004310344827586207,1.0,1.0,1,32,232
1.0,1.0,0.0,0.0,0.0,0,0.0,False,invalid,193,frame_193_layer_13,0.0,invalid_insufficient_depth,0,0.0,13,1.0,0.0,0.0,0.0,0,0,0
0.8695652173913043,0.4782608695652174,0.0,0.5217391304347826,0.5217391304347826,0,1.0434782608695652,False,invalid,193,frame_193_layer_14,0.1583840011236365,invalid_insufficient_depth,23,0.0,14,1.0,0.13043478260869565,0.0,0.0,0,32,23
1.0,1.0,0.0,0.0,0.0,0,0.0,False,invalid,193,frame_193_layer_15,0.0,invalid_insufficient_depth,0,0.0,15,1.0,0.0,0.0,0.0,0,0,0
1.0,1.0,0.0,0.0,0.0,0,0.0,False,invalid,193,frame_193_layer_19,0.0,invalid_insufficient_depth,0,0.0,19,1.0,0.0,0.0,0.0,0,0,0
1.0,1.0,0.0,0.0,0.0,0,0.0,False,invalid,193,frame_193_layer_23,0.0,invalid_insufficient_depth,0,0.0,23,1.0,0.0,0.0,0.0,0,0,0
0.29461756373937675,1.0,0.0056657223796034,0.0,0.0,1,0.0,False,unknown,193,frame_193_layer_24,0.1583840011236365,unknown_ambiguous,706,0.0,24,1.0,0.6997167138810199,0.0,0.0,12,32,706
0.5183333333333333,0.9426699605751223,0.43666666666666665,0.05733003942487776,0.011631250221168479,1,0.09973470571542709,False,unknown,193,frame_193_layer_25,0.1583840011236365,unknown_seed_geometry_conflict,1200,1.0,25,0.9925373134328358,0.045,0.007462686567164179,0.0,0,32,2390
1.0,1.0,0.0,0.0,0.0,0,0.0,False,invalid,193,frame_193_layer_26,0.0,invalid_insufficient_depth,0,0.0,26,1.0,0.0,0.0,0.0,0,0,0
0.905,1.0,0.016666666666666666,0.0,0.0,0,0.0,False,unknown,193,frame_193_layer_28,0.1583840011236365,unknown_ambiguous,1200,0.0,28,1.0,0.07833333333333334,0.0,0.0,0,32,3319
1.0,1.0,0.0,0.0,0.0,0,0.0,False,invalid,194,frame_194_layer_0,0.0,invalid_insufficient_depth,0,0.0,0,1.0,0.0,0.0,0.0,0,0,0
1.0,1.0,0.0,0.0,0.0,0,0.0,False,invalid,194,frame_194_layer_1,0.0,invalid_insufficient_depth,0,0.0,1,1.0,0.0,0.0,0.0,0,0,0
1.0,1.0,0.0,0.0,0.0,0,0.0,False,invalid,194,frame_194_layer_2,0.17589940581780827,invalid_insufficient_depth,12,0.0,2,1.0,0.0,0.0,0.0,0,32,12
1.0,1.0,0.0,0.0,0.0,0,0.0,False,invalid,194,frame_194_layer_3,0.17589940581780827,invalid_insufficient_depth,20,0.0,3,1.0,0.0,0.0,0.0,0,32,20
1.0,1.0,0.0,0.0,0.0,0,0.0,False,invalid,194,frame_194_layer_4,0.0,invalid_insufficient_depth,0,0.0,4,1.0,0.0,0.0,0.0,0,0,0
1.0,1.0,0.0,0.0,0.0,0,0.0,False,invalid,194,frame_194_layer_6,0.0,invalid_insufficient_depth,0,0.0,6,1.0,0.0,0.0,0.0,0,0,0
1.0,1.0,0.0,0.0,0.0,0,0.0,False,invalid,194,frame_194_layer_7,0.0,invalid_insufficient_depth,0,0.0,7,1.0,0.0,0.0,0.0,0,0,0
1.0,1.0,0.0,0.0,0.0,0,0.0,False,invalid,194,frame_194_layer_8,0.0,invalid_insufficient_depth,0,0.0,8,1.0,0.0,0.0,0.0,0,0,0
0.822429906542056,1.0,0.056074766355140186,0.0,0.0,1,0.0,False,unknown,194,frame_194_layer_9,0.17589940581780827,unknown_ambiguous,107,0.0,9,1.0,0.12149532710280374,0.0,0.0,0,32,107
1.0,1.0,0.0,0.0,0.0,0,0.0,False,invalid,194,frame_194_layer_10,0.0,invalid_insufficient_depth,0,0.0,10,1.0,0.0,0.0,0.0,0,0,0
1.0,1.0,0.0,0.0,0.0,0,0.0,False,invalid,194,frame_194_layer_11,0.17589940581780827,invalid_insufficient_depth,9,0.0,11,1.0,0.0,0.0,0.0,0,32,9
1.0,0.0,0.0,1.0,1.0,2,2.0,False,unknown,194,frame_194_layer_12,0.17589940581780827,unknown_insufficient_evidence,222,0.0,12,1.0,0.0,0.0,0.0,0,32,222
1.0,1.0,0.0,0.0,0.0,0,0.0,False,invalid,194,frame_194_layer_13,0.0,invalid_insufficient_depth,0,0.0,13,1.0,0.0,0.0,0.0,0,0,0
1.0,1.0,0.0,0.0,0.0,0,0.0,False,invalid,194,frame_194_layer_14,0.17589940581780827,invalid_insufficient_depth,39,0.0,14,1.0,0.0,0.0,0.0,0,32,39
1.0,1.0,0.0,0.0,0.0,0,0.0,False,invalid,194,frame_194_layer_15,0.0,invalid_insufficient_depth,0,0.0,15,1.0,0.0,0.0,0.0,0,0,0
1.0,1.0,0.0,0.0,0.0,0,0.0,False,invalid,194,frame_194_layer_19,0.0,invalid_insufficient_depth,0,0.0,19,1.0,0.0,0.0,0.0,0,0,0
1.0,1.0,0.0,0.0,0.0,0,0.0,False,invalid,194,frame_194_layer_23,0.0,invalid_insufficient_depth,0,0.0,23,1.0,0.0,0.0,0.0,0,0,0
0.2564102564102564,1.0,0.046620046620046623,0.0,0.0,4,0.0,False,unknown,194,frame_194_layer_24,0.17589940581780827,unknown_ambiguous,429,0.0,24,1.0,0.696969696969697,0.0,0.0,13,32,429
0.5166666666666667,0.9482701264138389,0.4633333333333333,0.05172987358616101,0.006422627321002175,0,0.10345974717232209,False,unknown,194,frame_194_layer_25,0.17589940581780827,unknown_seed_geometry_conflict,1200,1.0,25,1.0,0.02,0.0,0.0,0,32,2338
1.0,1.0,0.0,0.0,0.0,0,0.0,False,invalid,194,frame_194_layer_26,0.0,invalid_insufficient_depth,0,0.0,26,1.0,0.0,0.0,0.0,0,0,0
0.8983333333333333,1.0,0.0175,0.0,0.0,0,0.0,False,unknown,194,frame_194_layer_28,0.17589940581780827,unknown_ambiguous,1200,0.0,28,1.0,0.08416666666666667,0.0,0.0,0,32,2995
1.0,1.0,0.0,0.0,0.0,0,0.0,False,invalid,195,frame_195_layer_0,0.0,invalid_insufficient_depth,0,0.0,0,1.0,0.0,0.0,0.0,0,0,0
1.0,1.0,0.0,0.0,0.0,0,0.0,False,invalid,195,frame_195_layer_1,0.0,invalid_insufficient_depth,0,0.0,1,1.0,0.0,0.0,0.0,0,0,0
0.9397590361445783,0.0,0.0,1.0,1.0,7,2.0,False,invalid,195,frame_195_layer_2,0.19341339188972073,invalid_insufficient_depth,83,0.0,2,1.0,0.060240963855421686,0.0,0.0,0,32,83
1.0,1.0,0.0,0.0,0.0,0,0.0,False,invalid,195,frame_195_layer_3,0.19341339188972073,invalid_insufficient_depth,7,0.0,3,1.0,0.0,0.0,0.0,0,32,7
1.0,1.0,0.0,0.0,0.0,0,0.0,False,invalid,195,frame_195_layer_4,0.0,invalid_insufficient_depth,0,0.0,4,1.0,0.0,0.0,0.0,0,0,0
1.0,1.0,0.0,0.0,0.0,0,0.0,False,invalid,195,frame_195_layer_6,0.0,invalid_insufficient_depth,0,0.0,6,1.0,0.0,0.0,0.0,0,0,0
1.0,1.0,0.0,0.0,0.0,0,0.0,False,invalid,195,frame_195_layer_7,0.0,invalid_insufficient_depth,0,0.0,7,1.0,0.0,0.0,0.0,0,0,0
1.0,1.0,0.0,0.0,0.0,0,0.0,False,invalid,195,frame_195_layer_8,0.0,invalid_insufficient_depth,0,0.0,8,1.0,0.0,0.0,0.0,0,0,0
0.71875,1.0,0.11458333333333333,0.0,0.0,2,0.0,False,invalid,195,frame_195_layer_9,0.19341339188972073,invalid_insufficient_depth,96,0.0,9,1.0,0.16666666666666666,0.0,0.0,1,32,96
1.0,1.0,0.0,0.0,0.0,0,0.0,False,invalid,195,frame_195_layer_10,0.0,invalid_insufficient_depth,0,0.0,10,1.0,0.0,0.0,0.0,0,0,0
0.9,1.0,0.0,0.0,0.0,0,0.0,False,invalid,195,frame_195_layer_11,0.19341339188972073,invalid_insufficient_depth,30,0.0,11,1.0,0.1,0.0,0.0,0,32,30
0.9699570815450643,0.0,0.004291845493562232,1.0,1.0,2,2.0,False,unknown,195,frame_195_layer_12,0.19341339188972073,unknown_insufficient_evidence,233,0.0,12,1.0,0.02575107296137339,0.0,0.0,0,32,233
1.0,1.0,0.0,0.0,0.0,0,0.0,False,invalid,195,frame_195_layer_13,0.0,invalid_insufficient_depth,0,0.0,13,1.0,0.0,0.0,0.0,0,0,0
1.0,1.0,0.0,0.0,0.0,0,0.0,False,invalid,195,frame_195_layer_14,0.19341339188972073,invalid_insufficient_depth,45,0.0,14,1.0,0.0,0.0,0.0,0,32,45
1.0,1.0,0.0,0.0,0.0,0,0.0,False,invalid,195,frame_195_layer_15,0.0,invalid_insufficient_depth,0,0.0,15,1.0,0.0,0.0,0.0,0,0,0
1.0,1.0,0.0,0.0,0.0,0,0.0,False,invalid,195,frame_195_layer_16,0.0,invalid_insufficient_depth,0,0.0,16,1.0,0.0,0.0,0.0,0,0,0
1.0,1.0,0.0,0.0,0.0,0,0.0,False,invalid,195,frame_195_layer_19,0.0,invalid_insufficient_depth,0,0.0,19,1.0,0.0,0.0,0.0,0,0,0
1.0,1.0,0.0,0.0,0.0,0,0.0,False,invalid,195,frame_195_layer_23,0.0,invalid_insufficient_depth,0,0.0,23,1.0,0.0,0.0,0.0,0,0,0
0.28391167192429023,1.0,0.08832807570977919,0.0,0.0,2,0.0,False,unknown,195,frame_195_layer_24,0.19341339188972073,unknown_ambiguous,317,0.0,24,1.0,0.6277602523659306,0.0,0.0,10,32,317
0.51,0.9783735141791408,0.2683333333333333,0.02162648582085922,0.0,0,0.043252971641718485,False,unknown,195,frame_195_layer_25,0.19341339188972073,unknown_mixed_surface,1200,1.0,25,1.0,0.22166666666666668,0.0,0.0,1,32,2348
1.0,1.0,0.0,0.0,0.0,0,0.0,False,invalid,195,frame_195_layer_26,0.0,invalid_insufficient_depth,0,0.0,26,1.0,0.0,0.0,0.0,0,0,0
0.805,0.9992764109985528,0.0325,0.000723589001447178,0.0,0,-0.01289048141445126,False,unknown,195,frame_195_layer_28,0.19341339188972073,unknown_ambiguous,1200,0.0,28,0.9928311702913272,0.1625,0.007168829708672866,0.0,0,32,2679
1.0,1.0,0.0,0.0,0.0,0,0.0,False,invalid,196,frame_196_layer_0,0.0,invalid_insufficient_depth,0,0.0,0,1.0,0.0,0.0,0.0,0,0,0
1.0,1.0,0.0,0.0,0.0,0,0.0,False,invalid,196,frame_196_layer_1,0.0,invalid_insufficient_depth,0,0.0,1,1.0,0.0,0.0,0.0,0,0,0
0.625,0.012987012987012988,0.021739130434782608,0.987012987012987,0.0,8,0.21645021645021645,False,unknown,196,frame_196_layer_2,0.2117328619537343,unknown_insufficient_evidence,184,0.0,2,0.12121212121212122,0.3532608695652174,0.8787878787878788,0.8787878787878788,1,32,184
1.0,1.0,0.0,0.0,0.0,0,0.0,False,invalid,196,frame_196_layer_3,0.2117328619537343,invalid_insufficient_depth,3,0.0,3,1.0,0.0,0.0,0.0,0,32,3
1.0,1.0,0.0,0.0,0.0,0,0.0,False,invalid,196,frame_196_layer_4,0.0,invalid_insufficient_depth,0,0.0,4,1.0,0.0,0.0,0.0,0,0,0
1.0,1.0,0.0,0.0,0.0,0,0.0,False,invalid,196,frame_196_layer_6,0.0,invalid_insufficient_depth,0,0.0,6,1.0,0.0,0.0,0.0,0,0,0
1.0,1.0,0.0,0.0,0.0,0,0.0,False,invalid,196,frame_196_layer_7,0.0,invalid_insufficient_depth,0,0.0,7,1.0,0.0,0.0,0.0,0,0,0
1.0,1.0,0.0,0.0,0.0,0,0.0,False,invalid,196,frame_196_layer_8,0.0,invalid_insufficient_depth,0,0.0,8,1.0,0.0,0.0,0.0,0,0,0
0.7171717171717171,1.0,0.06060606060606061,0.0,0.0,1,0.0,False,invalid,196,frame_196_layer_9,0.2117328619537343,invalid_insufficient_depth,99,0.0,9,1.0,0.2222222222222222,0.0,0.0,1,32,99
1.0,1.0,0.0,0.0,0.0,0,0.0,False,invalid,196,frame_196_layer_10,0.0,invalid_insufficient_depth,0,0.0,10,1.0,0.0,0.0,0.0,0,0,0
0.875,1.0,0.0,0.0,0.0,0,0.0,False,invalid,196,frame_196_layer_11,0.2117328619537343,invalid_insufficient_depth,24,0.0,11,1.0,0.125,0.0,0.0,0,32,24
1.0,0.0,0.0,1.0,1.0,2,0.0,False,unknown,196,frame_196_layer_12,0.2117328619537343,unknown_insufficient_evidence,153,0.0,12,0.0,0.0,1.0,1.0,1,32,153
1.0,1.0,0.0,0.0,0.0,0,0.0,False,invalid,196,frame_196_layer_13,0.0,invalid_insufficient_depth,0,0.0,13,1.0,0.0,0.0,0.0,0,0,0
1.0,1.0,0.0,0.0,0.0,0,0.0,False,invalid,196,frame_196_layer_14,0.2117328619537343,invalid_insufficient_depth,38,0.0,14,1.0,0.0,0.0,0.0,0,32,38
1.0,1.0,0.0,0.0,0.0,0,0.0,False,invalid,196,frame_196_layer_15,0.0,invalid_insufficient_depth,0,0.0,15,1.0,0.0,0.0,0.0,0,0,0
1.0,1.0,0.0,0.0,0.0,0,0.0,False,invalid,196,frame_196_layer_16,0.0,invalid_insufficient_depth,0,0.0,16,1.0,0.0,0.0,0.0,0,0,0
1.0,1.0,0.0,0.0,0.0,0,0.0,False,invalid,196,frame_196_layer_19,0.0,invalid_insufficient_depth,0,0.0,19,1.0,0.0,0.0,0.0,0,0,0
1.0,1.0,0.0,0.0,0.0,0,0.0,False,invalid,196,frame_196_layer_23,0.0,invalid_insufficient_depth,0,0.0,23,1.0,0.0,0.0,0.0,0,0,0
0.8819444444444444,1.0,0.0,0.0,0.0,0,0.0,False,unknown,196,frame_196_layer_24,0.2117328619537343,unknown_ambiguous,288,0.0,24,1.0,0.11805555555555555,0.0,0.0,1,32,288
0.5083333333333333,0.9891858639854059,0.3358333333333333,0.010814136014594205,0.0,0,-0.009122901679731843,False,unknown,196,frame_196_layer_25,0.2117328619537343,unknown_seed_geometry_conflict,1200,1.0,25,0.98462441314554,0.15583333333333332,0.015375586854460093,0.0,0,32,2313
1.0,1.0,0.0,0.0,0.0,0,0.0,False,invalid,196,frame_196_layer_26,0.0,invalid_insufficient_depth,0,0.0,26,1.0,0.0,0.0,0.0,0,0,0
1.0,1.0,0.0,0.0,0.0,0,0.0,False,invalid,196,frame_196_layer_27,0.0,invalid_insufficient_depth,0,0.0,27,1.0,0.0,0.0,0.0,0,0,0
0.6375,0.9725402385772153,0.03666666666666667,0.027459761422784695,0.0010330578512396695,1,-0.13004580944119137,False,unknown,196,frame_196_layer_28,0.2117328619537343,unknown_ambiguous,1200,0.0,28,0.9075173338566196,0.3258333333333333,0.09248266614338044,0.0050274900505781,1,32,2406
1.0,1.0,0.0,0.0,0.0,0,0.0,False,invalid,197,frame_197_layer_0,0.0,invalid_insufficient_depth,0,0.0,0,1.0,0.0,0.0,0.0,0,0,0
1.0,1.0,0.0,0.0,0.0,0,0.0,False,invalid,197,frame_197_layer_1,0.0,invalid_insufficient_depth,0,0.0,1,1.0,0.0,0.0,0.0,0,0,0
0.3700440528634361,0.9071428571428571,0.022026431718061675,0.09285714285714286,0.0,3,-1.8142857142857143,False,static,197,frame_197_layer_2,0.23088570413786158,static_region_geometry,227,0.0,2,0.0,0.6079295154185022,1.0,0.9645669291338582,5,30,227
1.0,1.0,0.0,0.0,0.0,0,0.0,False,invalid,197,frame_197_layer_3,0.0,invalid_insufficient_depth,0,0.0,3,1.0,0.0,0.0,0.0,0,0,0
1.0,1.0,0.0,0.0,0.0,0,0.0,False,invalid,197,frame_197_layer_4,0.0,invalid_insufficient_depth,0,0.0,4,1.0,0.0,0.0,0.0,0,0,0
1.0,1.0,0.0,0.0,0.0,0,0.0,False,invalid,197,frame_197_layer_6,0.0,invalid_insufficient_depth,0,0.0,6,1.0,0.0,0.0,0.0,0,0,0
1.0,1.0,0.0,0.0,0.0,0,0.0,False,invalid,197,frame_197_layer_7,0.0,invalid_insufficient_depth,0,0.0,7,1.0,0.0,0.0,0.0,0,0,0
1.0,1.0,0.0,0.0,0.0,0,0.0,False,invalid,197,frame_197_layer_8,0.0,invalid_insufficient_depth,0,0.0,8,1.0,0.0,0.0,0.0,0,0,0
0.845360824742268,0.9787234042553191,0.030927835051546393,0.02127659574468085,0.0,0,0.042553191489361764,False,invalid,197,frame_197_layer_9,0.23088570413786158,invalid_insufficient_depth,97,0.0,9,1.0,0.12371134020618557,0.0,0.0,0,30,97
1.0,1.0,0.0,0.0,0.0,0,0.0,False,invalid,197,frame_197_layer_10,0.0,invalid_insufficient_depth,0,0.0,10,1.0,0.0,0.0,0.0,0,0,0
0.42857142857142855,1.0,0.07142857142857142,0.0,0.0,0,0.0,False,invalid,197,frame_197_layer_11,0.23088570413786158,invalid_insufficient_depth,14,0.0,11,1.0,0.5,0.0,0.0,0,30,14
0.8823529411764706,0.044444444444444446,0.0,0.9555555555555555,0.9333333333333333,2,-0.0888888888888889,False,invalid,197,frame_197_layer_12,0.23088570413786158,invalid_insufficient_depth,85,0.0,12,0.0,0.11764705882352941,1.0,1.0,2,30,85
1.0,1.0,0.0,0.0,0.0,0,0.0,False,invalid,197,frame_197_layer_13,0.0,invalid_insufficient_depth,0,0.0,13,1.0,0.0,0.0,0.0,0,0,0
0.7272727272727273,1.0,0.18181818181818182,0.0,0.0,0,0.0,False,invalid,197,frame_197_layer_14,0.23088570413786158,invalid_insufficient_depth,11,0.0,14,1.0,0.09090909090909091,0.0,0.0,0,30,11
1.0,1.0,0.0,0.0,0.0,0,0.0,False,invalid,197,frame_197_layer_15,0.0,invalid_insufficient_depth,0,0.0,15,1.0,0.0,0.0,0.0,0,0,0
1.0,1.0,0.0,0.0,0.0,0,0.0,False,invalid,197,frame_197_layer_19,0.0,invalid_insufficient_depth,0,0.0,19,1.0,0.0,0.0,0.0,0,0,0
1.0,1.0,0.0,0.0,0.0,0,0.0,False,invalid,197,frame_197_layer_23,0.0,invalid_insufficient_depth,0,0.0,23,1.0,0.0,0.0,0.0,0,0,0
1.0,1.0,0.0,0.0,0.0,0,0.0,False,unknown,197,frame_197_layer_24,0.23088570413786158,unknown_ambiguous,343,0.0,24,1.0,0.0,0.0,0.0,0,30,343
0.5441666666666667,0.989534210308596,0.0725,0.010465789691403988,0.0,0,0.01899359488668395,False,unknown,197,frame_197_layer_25,0.23088570413786158,unknown_seed_geometry_conflict,1200,1.0,25,0.999031007751938,0.38333333333333336,0.0009689922480620155,0.0,0,30,2251
1.0,1.0,0.0,0.0,0.0,0,0.0,False,invalid,197,frame_197_layer_26,0.0,invalid_insufficient_depth,0,0.0,26,1.0,0.0,0.0,0.0,0,0,0
1.0,1.0,0.0,0.0,0.0,0,0.0,False,invalid,197,frame_197_layer_27,0.0,invalid_insufficient_depth,0,0.0,27,1.0,0.0,0.0,0.0,0,0,0
0.6125,0.45549738219895286,0.075,0.5445026178010471,0.3578811369509044,1,-0.14280069431704323,False,unknown,197,frame_197_layer_28,0.23088570413786158,unknown_ambiguous,1200,0.0,28,0.38409703504043125,0.3125,0.6159029649595688,0.46866485013623976,1,30,2177
1.0,1.0,0.0,0.0,0.0,0,0.0,False,invalid,198,frame_198_layer_0,0.0,invalid_insufficient_depth,0,0.0,0,1.0,0.0,0.0,0.0,0,0,0
1.0,1.0,0.0,0.0,0.0,0,0.0,False,invalid,198,frame_198_layer_1,0.0,invalid_insufficient_depth,0,0.0,1,1.0,0.0,0.0,0.0,0,0,0
0.3333333333333333,1.0,0.0165016501650165,0.0,0.0,1,-1.6446444644464446,False,unknown,198,frame_198_layer_2,0.2468650200273087,unknown_ambiguous,303,0.0,2,0.17767776777677768,0.6501650165016502,0.8223222322232223,0.031512605042016806,4,27,303
1.0,1.0,0.0,0.0,0.0,0,0.0,False,invalid,198,frame_198_layer_3,0.0,invalid_insufficient_depth,0,0.0,3,1.0,0.0,0.0,0.0,0,0,0
1.0,1.0,0.0,0.0,0.0,0,0.0,False,invalid,198,frame_198_layer_4,0.0,invalid_insufficient_depth,0,0.0,4,1.0,0.0,0.0,0.0,0,0,0
1.0,1.0,0.0,0.0,0.0,0,0.0,False,invalid,198,frame_198_layer_5,0.2468650200273087,invalid_insufficient_depth,35,0.0,5,1.0,0.0,0.0,0.0,0,27,35
1.0,1.0,0.0,0.0,0.0,0,0.0,False,invalid,198,frame_198_layer_6,0.0,invalid_insufficient_depth,0,0.0,6,1.0,0.0,0.0,0.0,0,0,0
1.0,1.0,0.0,0.0,0.0,0,0.0,False,invalid,198,frame_198_layer_7,0.0,invalid_insufficient_depth,0,0.0,7,1.0,0.0,0.0,0.0,0,0,0
1.0,1.0,0.0,0.0,0.0,0,0.0,False,invalid,198,frame_198_layer_8,0.0,invalid_insufficient_depth,0,0.0,8,1.0,0.0,0.0,0.0,0,0,0
0.7864077669902912,0.9607843137254902,0.08737864077669903,0.0392156862745098,0.007246376811594203,0,0.07843137254901955,False,unknown,198,frame_198_layer_9,0.2468650200273087,unknown_ambiguous,103,0.0,9,1.0,0.1262135922330097,0.0,0.0,0,27,103
1.0,1.0,0.0,0.0,0.0,0,0.0,False,invalid,198,frame_198_layer_10,0.0,invalid_insufficient_depth,0,0.0,10,1.0,0.0,0.0,0.0,0,0,0
0.9090909090909091,1.0,0.0,0.0,0.0,0,0.0,False,invalid,198,frame_198_layer_11,0.2468650200273087,invalid_insufficient_depth,22,0.0,11,1.0,0.09090909090909091,0.0,0.0,0,27,22
0.8727272727272727,0.0,0.03636363636363636,1.0,1.0,1,0.0,False,invalid,198,frame_198_layer_12,0.2468650200273087,invalid_insufficient_depth,55,0.0,12,0.0,0.09090909090909091,1.0,1.0,2,27,55
1.0,1.0,0.0,0.0,0.0,0,0.0,False,invalid,198,frame_198_layer_13,0.0,invalid_insufficient_depth,0,0.0,13,1.0,0.0,0.0,0.0,0,0,0
1.0,1.0,0.0,0.0,0.0,0,0.0,False,invalid,198,frame_198_layer_14,0.2468650200273087,invalid_insufficient_depth,9,0.0,14,1.0,0.0,0.0,0.0,0,27,9
1.0,1.0,0.0,0.0,0.0,0,0.0,False,invalid,198,frame_198_layer_15,0.0,invalid_insufficient_depth,0,0.0,15,1.0,0.0,0.0,0.0,0,0,0
1.0,1.0,0.0,0.0,0.0,0,0.0,False,invalid,198,frame_198_layer_19,0.0,invalid_insufficient_depth,0,0.0,19,1.0,0.0,0.0,0.0,0,0,0
1.0,1.0,0.0,0.0,0.0,0,0.0,False,invalid,198,frame_198_layer_23,0.0,invalid_insufficient_depth,0,0.0,23,1.0,0.0,0.0,0.0,0,0,0
1.0,1.0,0.0,0.0,0.0,0,0.0,False,unknown,198,frame_198_layer_24,0.2468650200273087,unknown_insufficient_evidence,170,0.0,24,1.0,0.0,0.0,0.0,0,27,170
0.3725,0.9950166112956811,0.03166666666666667,0.0049833887043189366,0.0,0,0.009966777408637828,False,unknown,198,frame_198_layer_25,0.2468650200273087,unknown_seed_geometry_conflict,1200,1.0,25,1.0,0.5958333333333333,0.0,0.0,0,27,2175
1.0,1.0,0.0,0.0,0.0,0,0.0,False,invalid,198,frame_198_layer_26,0.0,invalid_insufficient_depth,0,0.0,26,1.0,0.0,0.0,0.0,0,0,0
1.0,1.0,0.0,0.0,0.0,0,0.0,False,invalid,198,frame_198_layer_27,0.0,invalid_insufficient_depth,0,0.0,27,1.0,0.0,0.0,0.0,0,0,0
0.6808333333333333,0.32730263157894735,0.09583333333333334,0.6726973684210527,0.6402027027027027,2,-0.15667995195457518,False,unknown,198,frame_198_layer_28,0.2468650200273087,unknown_ambiguous,1200,0.0,28,0.24896265560165975,0.22333333333333333,0.7510373443983402,0.6659142212189616,5,27,1892
1.0,1.0,0.0,0.0,0.0,0,0.0,False,invalid,199,frame_199_layer_0,0.0,invalid_insufficient_depth,0,0.0,0,1.0,0.0,0.0,0.0,0,0,0
1.0,1.0,0.0,0.0,0.0,0,0.0,False,invalid,199,frame_199_layer_1,0.0,invalid_insufficient_depth,0,0.0,1,1.0,0.0,0.0,0.0,0,0,0
0.8708333333333333,0.7656028368794326,0.12916666666666668,0.23439716312056735,0.1671985815602837,0,0.4687943262411347,False,unknown,199,frame_199_layer_2,0.26164481925107075,unknown_ambiguous,240,0.0,2,1.0,0.0,0.0,0.0,0,20,240
1.0,1.0,0.0,0.0,0.0,0,0.0,False,invalid,199,frame_199_layer_3,0.0,invalid_insufficient_depth,0,0.0,3,1.0,0.0,0.0,0.0,0,0,0
1.0,1.0,0.0,0.0,0.0,0,0.0,False,invalid,199,frame_199_layer_4,0.0,invalid_insufficient_depth,0,0.0,4,1.0,0.0,0.0,0.0,0,0,0
0.989010989010989,1.0,0.01098901098901099,0.0,0.0,0,0.0,False,invalid,199,frame_199_layer_5,0.26164481925107075,invalid_insufficient_depth,91,0.0,5,1.0,0.0,0.0,0.0,0,20,91
1.0,1.0,0.0,0.0,0.0,0,0.0,False,invalid,199,frame_199_layer_6,0.0,invalid_insufficient_depth,0,0.0,6,1.0,0.0,0.0,0.0,0,0,0
1.0,1.0,0.0,0.0,0.0,0,0.0,False,invalid,199,frame_199_layer_7,0.0,invalid_insufficient_depth,0,0.0,7,1.0,0.0,0.0,0.0,0,0,0
1.0,1.0,0.0,0.0,0.0,0,0.0,False,invalid,199,frame_199_layer_8,0.0,invalid_insufficient_depth,0,0.0,8,1.0,0.0,0.0,0.0,0,0,0
1.0,1.0,0.0,0.0,0.0,0,0.0,False,unknown,199,frame_199_layer_9,0.26164481925107075,unknown_insufficient_evidence,100,0.0,9,1.0,0.0,0.0,0.0,0,20,100
1.0,1.0,0.0,0.0,0.0,0,0.0,False,invalid,199,frame_199_layer_10,0.0,invalid_insufficient_depth,0,0.0,10,1.0,0.0,0.0,0.0,0,0,0
1.0,1.0,0.0,0.0,0.0,0,0.0,False,invalid,199,frame_199_layer_11,0.26164481925107075,invalid_insufficient_depth,13,0.0,11,1.0,0.0,0.0,0.0,0,20,13
0.8947368421052632,1.0,0.02631578947368421,0.0,0.0,0,0.0,False,invalid,199,frame_199_layer_12,0.26164481925107075,invalid_insufficient_depth,38,0.0,12,1.0,0.07894736842105263,0.0,0.0,0,20,38
1.0,1.0,0.0,0.0,0.0,0,0.0,False,invalid,199,frame_199_layer_13,0.0,invalid_insufficient_depth,0,0.0,13,1.0,0.0,0.0,0.0,0,0,0
1.0,1.0,0.0,0.0,0.0,0,0.0,False,invalid,199,frame_199_layer_14,0.26164481925107075,invalid_insufficient_depth,6,0.0,14,1.0,0.0,0.0,0.0,0,20,6
1.0,1.0,0.0,0.0,0.0,0,0.0,False,invalid,199,frame_199_layer_15,0.0,invalid_insufficient_depth,0,0.0,15,1.0,0.0,0.0,0.0,0,0,0
1.0,1.0,0.0,0.0,0.0,0,0.0,False,invalid,199,frame_199_layer_19,0.0,invalid_insufficient_depth,0,0.0,19,1.0,0.0,0.0,0.0,0,0,0
1.0,1.0,0.0,0.0,0.0,0,0.0,False,invalid,199,frame_199_layer_23,0.0,invalid_insufficient_depth,0,0.0,23,1.0,0.0,0.0,0.0,0,0,0
1.0,1.0,0.0,0.0,0.0,0,0.0,False,unknown,199,frame_199_layer_24,0.26164481925107075,unknown_insufficient_evidence,326,0.0,24,1.0,0.0,0.0,0.0,0,20,326
0.9441666666666667,1.0,0.050833333333333335,0.0,0.0,0,0.0,False,unknown,199,frame_199_layer_25,0.26164481925107075,unknown_seed_geometry_conflict,1200,1.0,25,1.0,0.005,0.0,0.0,0,20,2096
1.0,1.0,0.0,0.0,0.0,0,0.0,False,invalid,199,frame_199_layer_26,0.0,invalid_insufficient_depth,0,0.0,26,1.0,0.0,0.0,0.0,0,0,0
1.0,1.0,0.0,0.0,0.0,0,0.0,False,invalid,199,frame_199_layer_27,0.0,invalid_insufficient_depth,0,0.0,27,1.0,0.0,0.0,0.0,0,0,0
1.0,0.0,0.0,1.0,1.0,1,2.0,False,unknown,199,frame_199_layer_28,0.26164481925107075,unknown_insufficient_evidence,1200,0.0,28,1.0,0.0,0.0,0.0,0,20,1735
1.0,1.0,0.0,0.0,0.0,0,0.0,False,invalid,200,frame_200_layer_0,0.0,invalid_insufficient_depth,0,0.0,0,1.0,0.0,0.0,0.0,0,0,0
1.0,1.0,0.0,0.0,0.0,0,0.0,False,invalid,200,frame_200_layer_1,0.0,invalid_insufficient_depth,0,0.0,1,1.0,0.0,0.0,0.0,0,0,0
0.9451476793248945,0.8862337947703801,0.05485232067510549,0.11376620522961986,0.0771533728850802,0,0.22753241045923978,False,unknown,200,frame_200_layer_2,0.2734369146971839,unknown_ambiguous,237,0.0,2,1.0,0.0,0.0,0.0,0,20,237
1.0,1.0,0.0,0.0,0.0,0,0.0,False,invalid,200,frame_200_layer_3,0.0,invalid_insufficient_depth,0,0.0,3,1.0,0.0,0.0,0.0,0,0,0
1.0,1.0,0.0,0.0,0.0,0,0.0,False,invalid,200,frame_200_layer_4,0.0,invalid_insufficient_depth,0,0.0,4,1.0,0.0,0.0,0.0,0,0,0
0.9668874172185431,1.0,0.033112582781456956,0.0,0.0,0,-0.30000000000000004,False,unknown,200,frame_200_layer_5,0.2734369146971839,unknown_insufficient_evidence,151,0.0,5,0.85,0.0,0.15,0.15,0,20,151
1.0,1.0,0.0,0.0,0.0,0,0.0,False,invalid,200,frame_200_layer_6,0.0,invalid_insufficient_depth,0,0.0,6,1.0,0.0,0.0,0.0,0,0,0
1.0,1.0,0.0,0.0,0.0,0,0.0,False,invalid,200,frame_200_layer_7,0.0,invalid_insufficient_depth,0,0.0,7,1.0,0.0,0.0,0.0,0,0,0
1.0,1.0,0.0,0.0,0.0,0,0.0,False,invalid,200,frame_200_layer_8,0.0,invalid_insufficient_depth,0,0.0,8,1.0,0.0,0.0,0.0,0,0,0
1.0,1.0,0.0,0.0,0.0,0,0.0,False,invalid,200,frame_200_layer_9,0.2734369146971839,invalid_insufficient_depth,87,0.0,9,1.0,0.0,0.0,0.0,0,20,87
1.0,1.0,0.0,0.0,0.0,0,0.0,False,invalid,200,frame_200_layer_10,0.0,invalid_insufficient_depth,0,0.0,10,1.0,0.0,0.0,0.0,0,0,0
1.0,1.0,0.0,0.0,0.0,0,0.0,False,invalid,200,frame_200_layer_11,0.2734369146971839,invalid_insufficient_depth,9,0.0,11,1.0,0.0,0.0,0.0,0,20,9
0.7894736842105263,1.0,0.15789473684210525,0.0,0.0,0,0.0,False,invalid,200,frame_200_layer_12,0.2734369146971839,invalid_insufficient_depth,19,0.0,12,1.0,0.05263157894736842,0.0,0.0,0,20,19
1.0,1.0,0.0,0.0,0.0,0,0.0,False,invalid,200,frame_200_layer_13,0.0,invalid_insufficient_depth,0,0.0,13,1.0,0.0,0.0,0.0,0,0,0
1.0,1.0,0.0,0.0,0.0,0,0.0,False,invalid,200,frame_200_layer_14,0.2734369146971839,invalid_insufficient_depth,4,0.0,14,1.0,0.0,0.0,0.0,0,20,4
1.0,1.0,0.0,0.0,0.0,0,0.0,False,invalid,200,frame_200_layer_15,0.0,invalid_insufficient_depth,0,0.0,15,1.0,0.0,0.0,0.0,0,0,0
1.0,1.0,0.0,0.0,0.0,0,0.0,False,invalid,200,frame_200_layer_19,0.0,invalid_insufficient_depth,0,0.0,19,1.0,0.0,0.0,0.0,0,0,0
1.0,1.0,0.0,0.0,0.0,0,0.0,False,invalid,200,frame_200_layer_23,0.0,invalid_insufficient_depth,0,0.0,23,1.0,0.0,0.0,0.0,0,0,0
1.0,1.0,0.0,0.0,0.0,0,0.0,False,unknown,200,frame_200_layer_24,0.2734369146971839,unknown_insufficient_evidence,311,0.0,24,1.0,0.0,0.0,0.0,0,20,311
0.9775,1.0,0.016666666666666666,0.0,0.0,0,0.0,False,unknown,200,frame_200_layer_25,0.2734369146971839,unknown_seed_geometry_conflict,1200,1.0,25,1.0,0.005833333333333334,0.0,0.0,0,20,2115
1.0,1.0,0.0,0.0,0.0,0,0.0,False,invalid,200,frame_200_layer_26,0.0,invalid_insufficient_depth,0,0.0,26,1.0,0.0,0.0,0.0,0,0,0
1.0,1.0,0.0,0.0,0.0,0,0.0,False,invalid,200,frame_200_layer_27,0.0,invalid_insufficient_depth,0,0.0,27,1.0,0.0,0.0,0.0,0,0,0
1.0,1.0,0.0,0.0,0.0,0,0.0,False,unknown,200,frame_200_layer_28,0.2734369146971839,unknown_insufficient_evidence,1200,0.0,28,1.0,0.0,0.0,0.0,0,20,1604
1.0,1.0,0.0,0.0,0.0,0,0.0,False,invalid,201,frame_201_layer_0,0.0,invalid_insufficient_depth,0,0.0,0,1.0,0.0,0.0,0.0,0,0,0
1.0,1.0,0.0,0.0,0.0,0,0.0,False,invalid,201,frame_201_layer_1,0.0,invalid_insufficient_depth,0,0.0,1,1.0,0.0,0.0,0.0,0,0,0
0.6979166666666666,0.43680651872399445,0.3020833333333333,0.5631934812760055,0.5583824549237171,0,1.126386962552011,False,unknown,201,frame_201_layer_2,0.2758790548320902,unknown_ambiguous,192,0.0,2,1.0,0.0,0.0,0.0,0,20,192
1.0,1.0,0.0,0.0,0.0,0,0.0,False,invalid,201,frame_201_layer_3,0.0,invalid_insufficient_depth,0,0.0,3,1.0,0.0,0.0,0.0,0,0,0
1.0,1.0,0.0,0.0,0.0,0,0.0,False,invalid,201,frame_201_layer_4,0.0,invalid_insufficient_depth,0,0.0,4,1.0,0.0,0.0,0.0,0,0,0
1.0,1.0,0.0,0.0,0.0,0,0.0,False,unknown,201,frame_201_layer_5,0.2758790548320902,unknown_insufficient_evidence,154,0.0,5,1.0,0.0,0.0,0.0,0,20,154
1.0,1.0,0.0,0.0,0.0,0,0.0,False,invalid,201,frame_201_layer_6,0.0,invalid_insufficient_depth,0,0.0,6,1.0,0.0,0.0,0.0,0,0,0
1.0,1.0,0.0,0.0,0.0,0,0.0,False,invalid,201,frame_201_layer_7,0.0,invalid_insufficient_depth,0,0.0,7,1.0,0.0,0.0,0.0,0,0,0
1.0,1.0,0.0,0.0,0.0,0,0.0,False,invalid,201,frame_201_layer_8,0.0,invalid_insufficient_depth,0,0.0,8,1.0,0.0,0.0,0.0,0,0,0
1.0,1.0,0.0,0.0,0.0,0,0.0,False,invalid,201,frame_201_layer_9,0.2758790548320902,invalid_insufficient_depth,88,0.0,9,1.0,0.0,0.0,0.0,0,20,88
1.0,1.0,0.0,0.0,0.0,0,0.0,False,invalid,201,frame_201_layer_10,0.0,invalid_insufficient_depth,0,0.0,10,1.0,0.0,0.0,0.0,0,0,0
1.0,1.0,0.0,0.0,0.0,0,0.0,False,invalid,201,frame_201_layer_11,0.2758790548320902,invalid_insufficient_depth,7,0.0,11,1.0,0.0,0.0,0.0,0,20,7
1.0,1.0,0.0,0.0,0.0,0,0.0,False,invalid,201,frame_201_layer_12,0.2758790548320902,invalid_insufficient_depth,20,0.0,12,1.0,0.0,0.0,0.0,0,20,20
1.0,1.0,0.0,0.0,0.0,0,0.0,False,invalid,201,frame_201_layer_13,0.0,invalid_insufficient_depth,0,0.0,13,1.0,0.0,0.0,0.0,0,0,0
1.0,1.0,0.0,0.0,0.0,0,0.0,False,invalid,201,frame_201_layer_14,0.2758790548320902,invalid_insufficient_depth,3,0.0,14,1.0,0.0,0.0,0.0,0,20,3
1.0,1.0,0.0,0.0,0.0,0,0.0,False,invalid,201,frame_201_layer_15,0.0,invalid_insufficient_depth,0,0.0,15,1.0,0.0,0.0,0.0,0,0,0
1.0,1.0,0.0,0.0,0.0,0,0.0,False,invalid,201,frame_201_layer_19,0.0,invalid_insufficient_depth,0,0.0,19,1.0,0.0,0.0,0.0,0,0,0
1.0,1.0,0.0,0.0,0.0,0,0.0,False,invalid,201,frame_201_layer_23,0.0,invalid_insufficient_depth,0,0.0,23,1.0,0.0,0.0,0.0,0,0,0
1.0,1.0,0.0,0.0,0.0,0,0.0,False,unknown,201,frame_201_layer_24,0.2758790548320902,unknown_insufficient_evidence,340,0.0,24,1.0,0.0,0.0,0.0,0,20,340
0.5341666666666667,0.9992138364779874,0.465,0.0007861635220125787,0.0,2,0.0015723270440252124,False,unknown,201,frame_201_layer_25,0.2758790548320902,unknown_seed_geometry_conflict,1200,1.0,25,1.0,0.0008333333333333334,0.0,0.0,0,20,2166
1.0,1.0,0.0,0.0,0.0,0,0.0,False,invalid,201,frame_201_layer_26,0.0,invalid_insufficient_depth,0,0.0,26,1.0,0.0,0.0,0.0,0,0,0
1.0,1.0,0.0,0.0,0.0,0,0.0,False,invalid,201,frame_201_layer_27,0.0,invalid_insufficient_depth,0,0.0,27,1.0,0.0,0.0,0.0,0,0,0
1.0,1.0,0.0,0.0,0.0,0,0.0,False,unknown,201,frame_201_layer_28,0.2758790548320902,unknown_insufficient_evidence,1200,0.0,28,1.0,0.0,0.0,0.0,0,20,1496
1.0,1.0,0.0,0.0,0.0,0,0.0,False,invalid,202,frame_202_layer_0,0.0,invalid_insufficient_depth,0,0.0,0,1.0,0.0,0.0,0.0,0,0,0
1.0,1.0,0.0,0.0,0.0,0,0.0,False,invalid,202,frame_202_layer_1,0.0,invalid_insufficient_depth,0,0.0,1,1.0,0.0,0.0,0.0,0,0,0
0.47417840375586856,0.0,0.5258215962441315,1.0,1.0,3,2.0,True,drawer,202,frame_202_layer_2,0.27760910093009805,drawer_region_geometry_revealed,213,0.0,2,1.0,0.0,0.0,0.0,0,21,213
1.0,1.0,0.0,0.0,0.0,0,0.0,False,invalid,202,frame_202_layer_3,0.0,invalid_insufficient_depth,0,0.0,3,1.0,0.0,0.0,0.0,0,0,0
1.0,1.0,0.0,0.0,0.0,0,0.0,False,invalid,202,frame_202_layer_4,0.0,invalid_insufficient_depth,0,0.0,4,1.0,0.0,0.0,0.0,0,0,0
1.0,1.0,0.0,0.0,0.0,0,0.0,False,unknown,202,frame_202_layer_5,0.27760910093009805,unknown_insufficient_evidence,147,0.0,5,1.0,0.0,0.0,0.0,0,21,147
1.0,1.0,0.0,0.0,0.0,0,0.0,False,invalid,202,frame_202_layer_6,0.0,invalid_insufficient_depth,0,0.0,6,1.0,0.0,0.0,0.0,0,0,0
1.0,1.0,0.0,0.0,0.0,0,0.0,False,invalid,202,frame_202_layer_7,0.0,invalid_insufficient_depth,0,0.0,7,1.0,0.0,0.0,0.0,0,0,0
1.0,1.0,0.0,0.0,0.0,0,0.0,False,invalid,202,frame_202_layer_8,0.0,invalid_insufficient_depth,0,0.0,8,1.0,0.0,0.0,0.0,0,0,0
1.0,1.0,0.0,0.0,0.0,0,0.0,False,invalid,202,frame_202_layer_9,0.27760910093009805,invalid_insufficient_depth,97,0.0,9,1.0,0.0,0.0,0.0,0,21,97
1.0,1.0,0.0,0.0,0.0,0,0.0,False,invalid,202,frame_202_layer_10,0.0,invalid_insufficient_depth,0,0.0,10,1.0,0.0,0.0,0.0,0,0,0
1.0,1.0,0.0,0.0,0.0,0,0.0,False,invalid,202,frame_202_layer_11,0.27760910093009805,invalid_insufficient_depth,13,0.0,11,1.0,0.0,0.0,0.0,0,21,13
1.0,1.0,0.0,0.0,0.0,0,0.0,False,invalid,202,frame_202_layer_12,0.27760910093009805,invalid_insufficient_depth,26,0.0,12,1.0,0.0,0.0,0.0,0,21,26
1.0,1.0,0.0,0.0,0.0,0,0.0,False,invalid,202,frame_202_layer_13,0.0,invalid_insufficient_depth,0,0.0,13,1.0,0.0,0.0,0.0,0,0,0
1.0,1.0,0.0,0.0,0.0,0,0.0,False,invalid,202,frame_202_layer_14,0.27760910093009805,invalid_insufficient_depth,4,0.0,14,1.0,0.0,0.0,0.0,0,21,4
1.0,1.0,0.0,0.0,0.0,0,0.0,False,invalid,202,frame_202_layer_15,0.0,invalid_insufficient_depth,0,0.0,15,1.0,0.0,0.0,0.0,0,0,0
1.0,1.0,0.0,0.0,0.0,0,0.0,False,invalid,202,frame_202_layer_19,0.0,invalid_insufficient_depth,0,0.0,19,1.0,0.0,0.0,0.0,0,0,0
1.0,1.0,0.0,0.0,0.0,0,0.0,False,invalid,202,frame_202_layer_23,0.0,invalid_insufficient_depth,0,0.0,23,1.0,0.0,0.0,0.0,0,0,0
1.0,1.0,0.0,0.0,0.0,0,0.0,False,unknown,202,frame_202_layer_24,0.27760910093009805,unknown_insufficient_evidence,287,0.0,24,1.0,0.0,0.0,0.0,0,21,287
0.4766666666666667,0.9984326018808778,0.5091666666666667,0.001567398119122257,0.0,4,0.0031347962382444194,False,unknown,202,frame_202_layer_25,0.27760910093009805,unknown_seed_geometry_conflict,1200,1.0,25,1.0,0.014166666666666666,0.0,0.0,0,21,2204
1.0,0.0,0.0,1.0,1.0,1,0.0,False,unknown,202,frame_202_layer_28,0.27760910093009805,unknown_ambiguous,1200,0.0,28,0.0,0.0,1.0,1.0,1,21,1408
1.0,1.0,0.0,0.0,0.0,0,0.0,False,invalid,203,frame_203_layer_0,0.0,invalid_insufficient_depth,0,0.0,0,1.0,0.0,0.0,0.0,0,0,0
1.0,1.0,0.0,0.0,0.0,0,0.0,False,invalid,203,frame_203_layer_1,0.0,invalid_insufficient_depth,0,0.0,1,1.0,0.0,0.0,0.0,0,0,0
0.4847161572052402,0.0,0.5152838427947598,1.0,1.0,3,2.0,True,drawer,203,frame_203_layer_2,0.2815773461555924,drawer_region_geometry_revealed,229,0.0,2,1.0,0.0,0.0,0.0,0,21,229
1.0,1.0,0.0,0.0,0.0,0,0.0,False,invalid,203,frame_203_layer_3,0.0,invalid_insufficient_depth,0,0.0,3,1.0,0.0,0.0,0.0,0,0,0
1.0,1.0,0.0,0.0,0.0,0,0.0,False,invalid,203,frame_203_layer_4,0.0,invalid_insufficient_depth,0,0.0,4,1.0,0.0,0.0,0.0,0,0,0
1.0,1.0,0.0,0.0,0.0,0,0.0,False,unknown,203,frame_203_layer_5,0.2815773461555924,unknown_insufficient_evidence,169,0.0,5,1.0,0.0,0.0,0.0,0,21,169
1.0,1.0,0.0,0.0,0.0,0,0.0,False,invalid,203,frame_203_layer_6,0.0,invalid_insufficient_depth,0,0.0,6,1.0,0.0,0.0,0.0,0,0,0
1.0,1.0,0.0,0.0,0.0,0,0.0,False,invalid,203,frame_203_layer_7,0.0,invalid_insufficient_depth,0,0.0,7,1.0,0.0,0.0,0.0,0,0,0
1.0,1.0,0.0,0.0,0.0,0,0.0,False,invalid,203,frame_203_layer_8,0.0,invalid_insufficient_depth,0,0.0,8,1.0,0.0,0.0,0.0,0,0,0
1.0,1.0,0.0,0.0,0.0,0,0.0,False,invalid,203,frame_203_layer_9,0.2815773461555924,invalid_insufficient_depth,83,0.0,9,1.0,0.0,0.0,0.0,0,21,83
1.0,1.0,0.0,0.0,0.0,0,0.0,False,invalid,203,frame_203_layer_10,0.0,invalid_insufficient_depth,0,0.0,10,1.0,0.0,0.0,0.0,0,0,0
1.0,1.0,0.0,0.0,0.0,0,0.0,False,invalid,203,frame_203_layer_11,0.2815773461555924,invalid_insufficient_depth,12,0.0,11,1.0,0.0,0.0,0.0,0,21,12
1.0,1.0,0.0,0.0,0.0,0,0.0,False,invalid,203,frame_203_layer_12,0.2815773461555924,invalid_insufficient_depth,31,0.0,12,1.0,0.0,0.0,0.0,0,21,31
1.0,1.0,0.0,0.0,0.0,0,0.0,False,invalid,203,frame_203_layer_13,0.0,invalid_insufficient_depth,0,0.0,13,1.0,0.0,0.0,0.0,0,0,0
1.0,1.0,0.0,0.0,0.0,0,0.0,False,invalid,203,frame_203_layer_14,0.2815773461555924,invalid_insufficient_depth,5,0.0,14,1.0,0.0,0.0,0.0,0,21,5
1.0,1.0,0.0,0.0,0.0,0,0.0,False,invalid,203,frame_203_layer_15,0.0,invalid_insufficient_depth,0,0.0,15,1.0,0.0,0.0,0.0,0,0,0
1.0,1.0,0.0,0.0,0.0,0,0.0,False,invalid,203,frame_203_layer_19,0.0,invalid_insufficient_depth,0,0.0,19,1.0,0.0,0.0,0.0,0,0,0
1.0,1.0,0.0,0.0,0.0,0,0.0,False,invalid,203,frame_203_layer_23,0.0,invalid_insufficient_depth,0,0.0,23,1.0,0.0,0.0,0.0,0,0,0
1.0,1.0,0.0,0.0,0.0,0,0.0,False,unknown,203,frame_203_layer_24,0.2815773461555924,unknown_insufficient_evidence,233,0.0,24,1.0,0.0,0.0,0.0,0,21,233
0.475,1.0,0.5216666666666666,0.0,0.0,4,0.0,False,unknown,203,frame_203_layer_25,0.2815773461555924,unknown_seed_geometry_conflict,1200,1.0,25,1.0,0.0033333333333333335,0.0,0.0,0,21,2175
1.0,0.0,0.0,1.0,1.0,2,0.0,False,unknown,203,frame_203_layer_28,0.2815773461555924,unknown_ambiguous,1200,0.0,28,0.0,0.0,1.0,1.0,2,21,1334
1.0,1.0,0.0,0.0,0.0,0,0.0,False,invalid,204,frame_204_layer_0,0.0,invalid_insufficient_depth,0,0.0,0,1.0,0.0,0.0,0.0,0,0,0
1.0,1.0,0.0,0.0,0.0,0,0.0,False,invalid,204,frame_204_layer_1,0.0,invalid_insufficient_depth,0,0.0,1,1.0,0.0,0.0,0.0,0,0,0
0.4759825327510917,0.0,0.5240174672489083,1.0,1.0,3,2.0,True,drawer,204,frame_204_layer_2,0.28446401290015544,drawer_region_geometry_revealed,229,0.0,2,1.0,0.0,0.0,0.0,0,21,229
1.0,1.0,0.0,0.0,0.0,0,0.0,False,invalid,204,frame_204_layer_3,0.0,invalid_insufficient_depth,0,0.0,3,1.0,0.0,0.0,0.0,0,0,0
1.0,1.0,0.0,0.0,0.0,0,0.0,False,invalid,204,frame_204_layer_4,0.0,invalid_insufficient_depth,0,0.0,4,1.0,0.0,0.0,0.0,0,0,0
1.0,1.0,0.0,0.0,0.0,0,0.0,False,unknown,204,frame_204_layer_5,0.28446401290015544,unknown_insufficient_evidence,178,0.0,5,1.0,0.0,0.0,0.0,0,21,178
1.0,1.0,0.0,0.0,0.0,0,0.0,False,invalid,204,frame_204_layer_6,0.0,invalid_insufficient_depth,0,0.0,6,1.0,0.0,0.0,0.0,0,0,0
1.0,1.0,0.0,0.0,0.0,0,0.0,False,invalid,204,frame_204_layer_7,0.0,invalid_insufficient_depth,0,0.0,7,1.0,0.0,0.0,0.0,0,0,0
1.0,1.0,0.0,0.0,0.0,0,0.0,False,invalid,204,frame_204_layer_8,0.0,invalid_insufficient_depth,0,0.0,8,1.0,0.0,0.0,0.0,0,0,0
1.0,1.0,0.0,0.0,0.0,0,0.0,False,unknown,204,frame_204_layer_9,0.28446401290015544,unknown_insufficient_evidence,102,0.0,9,1.0,0.0,0.0,0.0,0,21,102
1.0,1.0,0.0,0.0,0.0,0,0.0,False,invalid,204,frame_204_layer_10,0.0,invalid_insufficient_depth,0,0.0,10,1.0,0.0,0.0,0.0,0,0,0
1.0,1.0,0.0,0.0,0.0,0,0.0,False,invalid,204,frame_204_layer_11,0.28446401290015544,invalid_insufficient_depth,9,0.0,11,1.0,0.0,0.0,0.0,0,21,9
1.0,1.0,0.0,0.0,0.0,0,0.0,False,invalid,204,frame_204_layer_12,0.28446401290015544,invalid_insufficient_depth,17,0.0,12,1.0,0.0,0.0,0.0,0,21,17
1.0,1.0,0.0,0.0,0.0,0,0.0,False,invalid,204,frame_204_layer_13,0.0,invalid_insufficient_depth,0,0.0,13,1.0,0.0,0.0,0.0,0,0,0
1.0,1.0,0.0,0.0,0.0,0,0.0,False,invalid,204,frame_204_layer_14,0.28446401290015544,invalid_insufficient_depth,3,0.0,14,1.0,0.0,0.0,0.0,0,21,3
1.0,1.0,0.0,0.0,0.0,0,0.0,False,invalid,204,frame_204_layer_15,0.0,invalid_insufficient_depth,0,0.0,15,1.0,0.0,0.0,0.0,0,0,0
1.0,1.0,0.0,0.0,0.0,0,0.0,False,invalid,204,frame_204_layer_19,0.0,invalid_insufficient_depth,0,0.0,19,1.0,0.0,0.0,0.0,0,0,0
1.0,1.0,0.0,0.0,0.0,0,0.0,False,invalid,204,frame_204_layer_23,0.0,invalid_insufficient_depth,0,0.0,23,1.0,0.0,0.0,0.0,0,0,0
1.0,1.0,0.0,0.0,0.0,0,0.0,False,unknown,204,frame_204_layer_24,0.28446401290015544,unknown_insufficient_evidence,184,0.0,24,1.0,0.0,0.0,0.0,0,21,184
0.5725,0.9984591679506933,0.4091666666666667,0.0015408320493066256,0.0,4,0.0030816640986133237,False,unknown,204,frame_204_layer_25,0.28446401290015544,unknown_seed_geometry_conflict,1200,1.0,25,1.0,0.018333333333333333,0.0,0.0,0,21,2190
1.0,1.0,0.0,0.0,0.0,0,0.0,False,invalid,204,frame_204_layer_26,0.0,invalid_insufficient_depth,0,0.0,26,1.0,0.0,0.0,0.0,0,0,0
1.0,0.0,0.0,1.0,1.0,2,0.0,False,unknown,204,frame_204_layer_28,0.28446401290015544,unknown_ambiguous,1200,0.0,28,0.0,0.0,1.0,1.0,3,21,1310
1.0,1.0,0.0,0.0,0.0,0,0.0,False,invalid,205,frame_205_layer_0,0.0,invalid_insufficient_depth,0,0.0,0,1.0,0.0,0.0,0.0,0,0,0
1.0,1.0,0.0,0.0,0.0,0,0.0,False,invalid,205,frame_205_layer_1,0.0,invalid_insufficient_depth,0,0.0,1,1.0,0.0,0.0,0.0,0,0,0
0.525,0.14634146341463414,0.475,0.8536585365853658,0.8077816492450638,3,1.7073170731707317,True,drawer,205,frame_205_layer_2,0.29123566231989506,drawer_region_geometry_revealed,240,0.0,2,1.0,0.0,0.0,0.0,0,21,240
1.0,1.0,0.0,0.0,0.0,0,0.0,False,invalid,205,frame_205_layer_3,0.0,invalid_insufficient_depth,0,0.0,3,1.0,0.0,0.0,0.0,0,0,0
1.0,1.0,0.0,0.0,0.0,0,0.0,False,invalid,205,frame_205_layer_4,0.0,invalid_insufficient_depth,0,0.0,4,1.0,0.0,0.0,0.0,0,0,0
1.0,1.0,0.0,0.0,0.0,0,0.0,False,unknown,205,frame_205_layer_5,0.29123566231989506,unknown_insufficient_evidence,195,0.0,5,1.0,0.0,0.0,0.0,0,21,195
1.0,1.0,0.0,0.0,0.0,0,0.0,False,invalid,205,frame_205_layer_6,0.0,invalid_insufficient_depth,0,0.0,6,1.0,0.0,0.0,0.0,0,0,0
1.0,1.0,0.0,0.0,0.0,0,0.0,False,invalid,205,frame_205_layer_7,0.0,invalid_insufficient_depth,0,0.0,7,1.0,0.0,0.0,0.0,0,0,0
1.0,1.0,0.0,0.0,0.0,0,0.0,False,invalid,205,frame_205_layer_8,0.0,invalid_insufficient_depth,0,0.0,8,1.0,0.0,0.0,0.0,0,0,0
1.0,1.0,0.0,0.0,0.0,0,0.0,False,unknown,205,frame_205_layer_9,0.29123566231989506,unknown_insufficient_evidence,105,0.0,9,1.0,0.0,0.0,0.0,0,21,105
1.0,1.0,0.0,0.0,0.0,0,0.0,False,invalid,205,frame_205_layer_10,0.0,invalid_insufficient_depth,0,0.0,10,1.0,0.0,0.0,0.0,0,0,0
1.0,1.0,0.0,0.0,0.0,0,0.0,False,invalid,205,frame_205_layer_11,0.29123566231989506,invalid_insufficient_depth,15,0.0,11,1.0,0.0,0.0,0.0,0,21,15
1.0,1.0,0.0,0.0,0.0,0,0.0,False,invalid,205,frame_205_layer_12,0.29123566231989506,invalid_insufficient_depth,12,0.0,12,1.0,0.0,0.0,0.0,0,21,12
1.0,1.0,0.0,0.0,0.0,0,0.0,False,invalid,205,frame_205_layer_13,0.0,invalid_insufficient_depth,0,0.0,13,1.0,0.0,0.0,0.0,0,0,0
1.0,1.0,0.0,0.0,0.0,0,0.0,False,invalid,205,frame_205_layer_14,0.29123566231989506,invalid_insufficient_depth,4,0.0,14,1.0,0.0,0.0,0.0,0,21,4
1.0,1.0,0.0,0.0,0.0,0,0.0,False,invalid,205,frame_205_layer_15,0.0,invalid_insufficient_depth,0,0.0,15,1.0,0.0,0.0,0.0,0,0,0
1.0,1.0,0.0,0.0,0.0,0,0.0,False,invalid,205,frame_205_layer_16,0.0,invalid_insufficient_depth,0,0.0,16,1.0,0.0,0.0,0.0,0,0,0
1.0,1.0,0.0,0.0,0.0,0,0.0,False,invalid,205,frame_205_layer_19,0.0,invalid_insufficient_depth,0,0.0,19,1.0,0.0,0.0,0.0,0,0,0
1.0,1.0,0.0,0.0,0.0,0,0.0,False,invalid,205,frame_205_layer_23,0.0,invalid_insufficient_depth,0,0.0,23,1.0,0.0,0.0,0.0,0,0,0
1.0,1.0,0.0,0.0,0.0,0,0.0,False,unknown,205,frame_205_layer_24,0.29123566231989506,unknown_insufficient_evidence,188,0.0,24,1.0,0.0,0.0,0.0,0,21,188
0.44916666666666666,0.9984848484848485,0.5508333333333333,0.0015151515151515152,0.0,3,0.003030303030302939,False,unknown,205,frame_205_layer_25,0.29123566231989506,unknown_seed_geometry_conflict,1200,1.0,25,1.0,0.0,0.0,0.0,0,21,2205
1.0,1.0,0.0,0.0,0.0,0,0.0,False,invalid,205,frame_205_layer_26,0.0,invalid_insufficient_depth,0,0.0,26,1.0,0.0,0.0,0.0,0,0,0
1.0,0.0,0.0,1.0,1.0,2,0.0,False,unknown,205,frame_205_layer_28,0.29123566231989506,unknown_ambiguous,1200,0.0,28,0.0,0.0,1.0,1.0,3,21,1284
1.0,1.0,0.0,0.0,0.0,0,0.0,False,invalid,206,frame_206_layer_0,0.0,invalid_insufficient_depth,0,0.0,0,1.0,0.0,0.0,0.0,0,0,0
1.0,1.0,0.0,0.0,0.0,0,0.0,False,invalid,206,frame_206_layer_1,0.0,invalid_insufficient_depth,0,0.0,1,1.0,0.0,0.0,0.0,0,0,0
0.3140495867768595,0.008547008547008548,0.6859504132231405,0.9914529914529915,0.9413461538461538,4,1.982905982905983,True,drawer,206,frame_206_layer_2,0.2996387806033801,drawer_region_geometry_revealed,242,0.0,2,1.0,0.0,0.0,0.0,0,22,242
1.0,1.0,0.0,0.0,0.0,0,0.0,False,invalid,206,frame_206_layer_3,0.0,invalid_insufficient_depth,0,0.0,3,1.0,0.0,0.0,0.0,0,0,0
1.0,1.0,0.0,0.0,0.0,0,0.0,False,invalid,206,frame_206_layer_4,0.0,invalid_insufficient_depth,0,0.0,4,1.0,0.0,0.0,0.0,0,0,0
1.0,1.0,0.0,0.0,0.0,0,0.0,False,unknown,206,frame_206_layer_5,0.2996387806033801,unknown_insufficient_evidence,210,0.0,5,1.0,0.0,0.0,0.0,0,22,210
1.0,1.0,0.0,0.0,0.0,0,0.0,False,invalid,206,frame_206_layer_6,0.0,invalid_insufficient_depth,0,0.0,6,1.0,0.0,0.0,0.0,0,0,0
1.0,1.0,0.0,0.0,0.0,0,0.0,False,invalid,206,frame_206_layer_7,0.0,invalid_insufficient_depth,0,0.0,7,1.0,0.0,0.0,0.0,0,0,0
1.0,1.0,0.0,0.0,0.0,0,0.0,False,invalid,206,frame_206_layer_8,0.0,invalid_insufficient_depth,0,0.0,8,1.0,0.0,0.0,0.0,0,0,0
1.0,1.0,0.0,0.0,0.0,0,0.0,False,invalid,206,frame_206_layer_9,0.2996387806033801,invalid_insufficient_depth,92,0.0,9,1.0,0.0,0.0,0.0,0,22,92
1.0,1.0,0.0,0.0,0.0,0,0.0,False,invalid,206,frame_206_layer_10,0.0,invalid_insufficient_depth,0,0.0,10,1.0,0.0,0.0,0.0,0,0,0
1.0,1.0,0.0,0.0,0.0,0,0.0,False,invalid,206,frame_206_layer_11,0.2996387806033801,invalid_insufficient_depth,13,0.0,11,1.0,0.0,0.0,0.0,0,22,13
1.0,1.0,0.0,0.0,0.0,0,0.0,False,invalid,206,frame_206_layer_12,0.2996387806033801,invalid_insufficient_depth,10,0.0,12,1.0,0.0,0.0,0.0,0,22,10
1.0,1.0,0.0,0.0,0.0,0,0.0,False,invalid,206,frame_206_layer_13,0.0,invalid_insufficient_depth,0,0.0,13,1.0,0.0,0.0,0.0,0,0,0
1.0,1.0,0.0,0.0,0.0,0,0.0,False,invalid,206,frame_206_layer_14,0.2996387806033801,invalid_insufficient_depth,3,0.0,14,1.0,0.0,0.0,0.0,0,22,3
1.0,1.0,0.0,0.0,0.0,0,0.0,False,invalid,206,frame_206_layer_15,0.0,invalid_insufficient_depth,0,0.0,15,1.0,0.0,0.0,0.0,0,0,0
1.0,1.0,0.0,0.0,0.0,0,0.0,False,invalid,206,frame_206_layer_19,0.0,invalid_insufficient_depth,0,0.0,19,1.0,0.0,0.0,0.0,0,0,0
1.0,1.0,0.0,0.0,0.0,0,0.0,False,invalid,206,frame_206_layer_23,0.0,invalid_insufficient_depth,0,0.0,23,1.0,0.0,0.0,0.0,0,0,0
1.0,1.0,0.0,0.0,0.0,0,0.0,False,unknown,206,frame_206_layer_24,0.2996387806033801,unknown_insufficient_evidence,126,0.0,24,1.0,0.0,0.0,0.0,0,22,126
0.495,1.0,0.5008333333333334,0.0,0.0,3,0.0,False,unknown,206,frame_206_layer_25,0.2996387806033801,unknown_seed_geometry_conflict,1200,1.0,25,1.0,0.004166666666666667,0.0,0.0,0,22,2169
1.0,1.0,0.0,0.0,0.0,0,0.0,False,invalid,206,frame_206_layer_26,0.0,invalid_insufficient_depth,0,0.0,26,1.0,0.0,0.0,0.0,0,0,0
0.9975,0.0,0.0008333333333333334,1.0,0.9980494148244473,3,0.0,False,unknown,206,frame_206_layer_28,0.2996387806033801,unknown_ambiguous,1200,0.0,28,0.0,0.0016666666666666668,1.0,0.9993932038834952,3,22,1208
1.0,1.0,0.0,0.0,0.0,0,0.0,False,invalid,207,frame_207_layer_0,0.0,invalid_insufficient_depth,0,0.0,0,1.0,0.0,0.0,0.0,0,0,0
1.0,1.0,0.0,0.0,0.0,0,0.0,False,invalid,207,frame_207_layer_1,0.0,invalid_insufficient_depth,0,0.0,1,1.0,0.0,0.0,0.0,0,0,0
0.6792452830188679,0.0,0.32075471698113206,1.0,1.0,2,1.985611510791367,False,unknown,207,frame_207_layer_2,0.3002295680213606,unknown_ambiguous,212,0.0,2,0.9928057553956835,0.0,0.007194244604316547,0.0,1,22,212
1.0,1.0,0.0,0.0,0.0,0,0.0,False,invalid,207,frame_207_layer_3,0.0,invalid_insufficient_depth,0,0.0,3,1.0,0.0,0.0,0.0,0,0,0
1.0,1.0,0.0,0.0,0.0,0,0.0,False,invalid,207,frame_207_layer_4,0.0,invalid_insufficient_depth,0,0.0,4,1.0,0.0,0.0,0.0,0,0,0
1.0,1.0,0.0,0.0,0.0,0,0.0,False,unknown,207,frame_207_layer_5,0.3002295680213606,unknown_insufficient_evidence,207,0.0,5,1.0,0.0,0.0,0.0,0,22,207
1.0,1.0,0.0,0.0,0.0,0,0.0,False,invalid,207,frame_207_layer_6,0.0,invalid_insufficient_depth,0,0.0,6,1.0,0.0,0.0,0.0,0,0,0
1.0,1.0,0.0,0.0,0.0,0,0.0,False,invalid,207,frame_207_layer_7,0.0,invalid_insufficient_depth,0,0.0,7,1.0,0.0,0.0,0.0,0,0,0
1.0,1.0,0.0,0.0,0.0,0,0.0,False,invalid,207,frame_207_layer_8,0.0,invalid_insufficient_depth,0,0.0,8,1.0,0.0,0.0,0.0,0,0,0
1.0,1.0,0.0,0.0,0.0,0,0.0,False,invalid,207,frame_207_layer_9,0.3002295680213606,invalid_insufficient_depth,90,0.0,9,1.0,0.0,0.0,0.0,0,22,90
1.0,1.0,0.0,0.0,0.0,0,0.0,False,invalid,207,frame_207_layer_10,0.0,invalid_insufficient_depth,0,0.0,10,1.0,0.0,0.0,0.0,0,0,0
1.0,1.0,0.0,0.0,0.0,0,0.0,False,invalid,207,frame_207_layer_11,0.3002295680213606,invalid_insufficient_depth,11,0.0,11,1.0,0.0,0.0,0.0,0,22,11
1.0,1.0,0.0,0.0,0.0,0,0.0,False,invalid,207,frame_207_layer_12,0.3002295680213606,invalid_insufficient_depth,7,0.0,12,1.0,0.0,0.0,0.0,0,22,7
1.0,1.0,0.0,0.0,0.0,0,0.0,False,invalid,207,frame_207_layer_13,0.0,invalid_insufficient_depth,0,0.0,13,1.0,0.0,0.0,0.0,0,0,0
1.0,1.0,0.0,0.0,0.0,0,0.0,False,invalid,207,frame_207_layer_14,0.3002295680213606,invalid_insufficient_depth,2,0.0,14,1.0,0.0,0.0,0.0,0,22,2
1.0,1.0,0.0,0.0,0.0,0,0.0,False,invalid,207,frame_207_layer_15,0.0,invalid_insufficient_depth,0,0.0,15,1.0,0.0,0.0,0.0,0,0,0
1.0,1.0,0.0,0.0,0.0,0,0.0,False,invalid,207,frame_207_layer_16,0.0,invalid_insufficient_depth,0,0.0,16,1.0,0.0,0.0,0.0,0,0,0
1.0,1.0,0.0,0.0,0.0,0,0.0,False,invalid,207,frame_207_layer_19,0.0,invalid_insufficient_depth,0,0.0,19,1.0,0.0,0.0,0.0,0,0,0
1.0,1.0,0.0,0.0,0.0,0,0.0,False,invalid,207,frame_207_layer_23,0.0,invalid_insufficient_depth,0,0.0,23,1.0,0.0,0.0,0.0,0,0,0
1.0,1.0,0.0,0.0,0.0,0,0.0,False,unknown,207,frame_207_layer_24,0.3002295680213606,unknown_insufficient_evidence,145,0.0,24,1.0,0.0,0.0,0.0,0,22,145
0.4816666666666667,0.9992236024844721,0.5125,0.0007763975155279503,0.0,5,0.0015527950310558758,False,unknown,207,frame_207_layer_25,0.3002295680213606,unknown_seed_geometry_conflict,1200,1.0,25,1.0,0.005833333333333334,0.0,0.0,0,22,2186
1.0,1.0,0.0,0.0,0.0,0,0.0,False,invalid,207,frame_207_layer_26,0.0,invalid_insufficient_depth,0,0.0,26,1.0,0.0,0.0,0.0,0,0,0
0.999137187230371,0.0,0.0,1.0,0.9987080103359174,3,0.0,False,unknown,207,frame_207_layer_28,0.3002295680213606,unknown_ambiguous,1159,0.0,28,0.0,0.0008628127696289905,1.0,0.9981949458483754,3,22,1159
1.0,1.0,0.0,0.0,0.0,0,0.0,False,invalid,208,frame_208_layer_0,0.0,invalid_insufficient_depth,0,0.0,0,1.0,0.0,0.0,0.0,0,0,0
1.0,1.0,0.0,0.0,0.0,0,0.0,False,invalid,208,frame_208_layer_1,0.0,invalid_insufficient_depth,0,0.0,1,1.0,0.0,0.0,0.0,0,0,0
0.8173076923076923,0.0,0.18269230769230768,1.0,1.0,2,1.9357142857142857,False,unknown,208,frame_208_layer_2,0.3002295680213606,unknown_insufficient_evidence,208,0.0,2,0.9678571428571429,0.0,0.03214285714285714,0.0,0,22,208
1.0,1.0,0.0,0.0,0.0,0,0.0,False,invalid,208,frame_208_layer_3,0.0,invalid_insufficient_depth,0,0.0,3,1.0,0.0,0.0,0.0,0,0,0
1.0,1.0,0.0,0.0,0.0,0,0.0,False,invalid,208,frame_208_layer_4,0.0,invalid_insufficient_depth,0,0.0,4,1.0,0.0,0.0,0.0,0,0,0
1.0,1.0,0.0,0.0,0.0,0,0.0,False,unknown,208,frame_208_layer_5,0.3002295680213606,unknown_insufficient_evidence,222,0.0,5,1.0,0.0,0.0,0.0,0,22,222
1.0,1.0,0.0,0.0,0.0,0,0.0,False,invalid,208,frame_208_layer_6,0.0,invalid_insufficient_depth,0,0.0,6,1.0,0.0,0.0,0.0,0,0,0
1.0,1.0,0.0,0.0,0.0,0,0.0,False,invalid,208,frame_208_layer_7,0.0,invalid_insufficient_depth,0,0.0,7,1.0,0.0,0.0,0.0,0,0,0
1.0,1.0,0.0,0.0,0.0,0,0.0,False,invalid,208,frame_208_layer_8,0.0,invalid_insufficient_depth,0,0.0,8,1.0,0.0,0.0,0.0,0,0,0
1.0,1.0,0.0,0.0,0.0,0,0.0,False,unknown,208,frame_208_layer_9,0.3002295680213606,unknown_insufficient_evidence,106,0.0,9,1.0,0.0,0.0,0.0,0,22,106
1.0,1.0,0.0,0.0,0.0,0,0.0,False,invalid,208,frame_208_layer_10,0.0,invalid_insufficient_depth,0,0.0,10,1.0,0.0,0.0,0.0,0,0,0
1.0,1.0,0.0,0.0,0.0,0,0.0,False,invalid,208,frame_208_layer_11,0.3002295680213606,invalid_insufficient_depth,13,0.0,11,1.0,0.0,0.0,0.0,0,22,13
1.0,1.0,0.0,0.0,0.0,0,0.0,False,invalid,208,frame_208_layer_12,0.3002295680213606,invalid_insufficient_depth,11,0.0,12,1.0,0.0,0.0,0.0,0,22,11
1.0,1.0,0.0,0.0,0.0,0,0.0,False,invalid,208,frame_208_layer_13,0.0,invalid_insufficient_depth,0,0.0,13,1.0,0.0,0.0,0.0,0,0,0
0.75,1.0,0.25,0.0,0.0,0,0.0,False,invalid,208,frame_208_layer_14,0.3002295680213606,invalid_insufficient_depth,4,0.0,14,1.0,0.0,0.0,0.0,0,22,4
1.0,1.0,0.0,0.0,0.0,0,0.0,False,invalid,208,frame_208_layer_15,0.0,invalid_insufficient_depth,0,0.0,15,1.0,0.0,0.0,0.0,0,0,0
1.0,1.0,0.0,0.0,0.0,0,0.0,False,invalid,208,frame_208_layer_19,0.0,invalid_insufficient_depth,0,0.0,19,1.0,0.0,0.0,0.0,0,0,0
1.0,1.0,0.0,0.0,0.0,0,0.0,False,invalid,208,frame_208_layer_23,0.0,invalid_insufficient_depth,0,0.0,23,1.0,0.0,0.0,0.0,0,0,0
1.0,1.0,0.0,0.0,0.0,0,0.0,False,unknown,208,frame_208_layer_24,0.3002295680213606,unknown_insufficient_evidence,142,0.0,24,1.0,0.0,0.0,0.0,0,22,142
0.6883333333333334,0.9985549132947977,0.3016666666666667,0.001445086705202312,0.0,4,0.0028901734104045396,False,unknown,208,frame_208_layer_25,0.3002295680213606,unknown_seed_geometry_conflict,1200,1.0,25,1.0,0.01,0.0,0.0,0,22,2249
1.0,1.0,0.0,0.0,0.0,0,0.0,False,invalid,208,frame_208_layer_26,0.0,invalid_insufficient_depth,0,0.0,26,1.0,0.0,0.0,0.0,0,0,0
0.8935226264418811,0.001177856301531213,0.06654835847382432,0.9988221436984688,0.9842332155477032,4,-0.002355712603062443,False,unknown,208,frame_208_layer_28,0.3002295680213606,unknown_ambiguous,1127,0.0,28,0.0,0.03992901508429459,1.0,0.9848648648648649,5,22,1127
1.0,1.0,0.0,0.0,0.0,0,0.0,False,invalid,209,frame_209_layer_0,0.0,invalid_insufficient_depth,0,0.0,0,1.0,0.0,0.0,0.0,0,0,0
1.0,1.0,0.0,0.0,0.0,0,0.0,False,invalid,209,frame_209_layer_1,0.0,invalid_insufficient_depth,0,0.0,1,1.0,0.0,0.0,0.0,0,0,0
0.9767441860465116,1.0,0.023255813953488372,0.0,0.0,0,-0.7083333333333334,False,unknown,209,frame_209_layer_2,0.3002295680213606,unknown_insufficient_evidence,215,0.0,2,0.6458333333333334,0.0,0.3541666666666667,0.0,1,22,215
1.0,1.0,0.0,0.0,0.0,0,0.0,False,invalid,209,frame_209_layer_3,0.0,invalid_insufficient_depth,0,0.0,3,1.0,0.0,0.0,0.0,0,0,0
1.0,1.0,0.0,0.0,0.0,0,0.0,False,invalid,209,frame_209_layer_4,0.0,invalid_insufficient_depth,0,0.0,4,1.0,0.0,0.0,0.0,0,0,0
1.0,1.0,0.0,0.0,0.0,0,0.0,False,unknown,209,frame_209_layer_5,0.3002295680213606,unknown_insufficient_evidence,225,0.0,5,1.0,0.0,0.0,0.0,0,22,225
1.0,1.0,0.0,0.0,0.0,0,0.0,False,invalid,209,frame_209_layer_6,0.0,invalid_insufficient_depth,0,0.0,6,1.0,0.0,0.0,0.0,0,0,0
1.0,1.0,0.0,0.0,0.0,0,0.0,False,invalid,209,frame_209_layer_7,0.0,invalid_insufficient_depth,0,0.0,7,1.0,0.0,0.0,0.0,0,0,0
1.0,1.0,0.0,0.0,0.0,0,0.0,False,invalid,209,frame_209_layer_8,0.0,invalid_insufficient_depth,0,0.0,8,1.0,0.0,0.0,0.0,0,0,0
1.0,1.0,0.0,0.0,0.0,0,0.0,False,invalid,209,frame_209_layer_9,0.3002295680213606,invalid_insufficient_depth,94,0.0,9,1.0,0.0,0.0,0.0,0,22,94
1.0,1.0,0.0,0.0,0.0,0,0.0,False,invalid,209,frame_209_layer_10,0.0,invalid_insufficient_depth,0,0.0,10,1.0,0.0,0.0,0.0,0,0,0
1.0,1.0,0.0,0.0,0.0,0,0.0,False,invalid,209,frame_209_layer_11,0.3002295680213606,invalid_insufficient_depth,10,0.0,11,1.0,0.0,0.0,0.0,0,22,10
1.0,1.0,0.0,0.0,0.0,0,0.0,False,invalid,209,frame_209_layer_12,0.3002295680213606,invalid_insufficient_depth,12,0.0,12,1.0,0.0,0.0,0.0,0,22,12
1.0,1.0,0.0,0.0,0.0,0,0.0,False,invalid,209,frame_209_layer_13,0.0,invalid_insufficient_depth,0,0.0,13,1.0,0.0,0.0,0.0,0,0,0
0.6666666666666666,1.0,0.3333333333333333,0.0,0.0,0,0.0,False,invalid,209,frame_209_layer_14,0.3002295680213606,invalid_insufficient_depth,3,0.0,14,1.0,0.0,0.0,0.0,0,22,3
1.0,1.0,0.0,0.0,0.0,0,0.0,False,invalid,209,frame_209_layer_15,0.0,invalid_insufficient_depth,0,0.0,15,1.0,0.0,0.0,0.0,0,0,0
1.0,1.0,0.0,0.0,0.0,0,0.0,False,invalid,209,frame_209_layer_19,0.0,invalid_insufficient_depth,0,0.0,19,1.0,0.0,0.0,0.0,0,0,0
1.0,1.0,0.0,0.0,0.0,0,0.0,False,invalid,209,frame_209_layer_23,0.0,invalid_insufficient_depth,0,0.0,23,1.0,0.0,0.0,0.0,0,0,0
1.0,1.0,0.0,0.0,0.0,0,0.0,False,unknown,209,frame_209_layer_24,0.3002295680213606,unknown_insufficient_evidence,125,0.0,24,1.0,0.0,0.0,0.0,0,22,125
0.735,1.0,0.125,0.0,0.0,3,0.0,False,unknown,209,frame_209_layer_25,0.3002295680213606,unknown_seed_geometry_conflict,1200,1.0,25,1.0,0.14,0.0,0.0,1,22,2210
0.6684733514001807,0.0,0.1951219512195122,1.0,0.9059734513274337,4,0.006535947712418277,False,unknown,209,frame_209_layer_28,0.3002295680213606,unknown_ambiguous,1107,0.0,28,0.0032679738562091504,0.13640469738030714,0.9967320261437909,0.9066452338511162,5,22,1107
1.0,1.0,0.0,0.0,0.0,0,0.0,False,invalid,210,frame_210_layer_0,0.0,invalid_insufficient_depth,0,0.0,0,1.0,0.0,0.0,0.0,0,0,0
1.0,1.0,0.0,0.0,0.0,0,0.0,False,invalid,210,frame_210_layer_1,0.0,invalid_insufficient_depth,0,0.0,1,1.0,0.0,0.0,0.0,0,0,0
1.0,1.0,0.0,0.0,0.0,0,-0.35074626865671643,False,unknown,210,frame_210_layer_2,0.3002295680213606,unknown_insufficient_evidence,209,0.0,2,0.8246268656716418,0.0,0.17537313432835822,0.0,1,22,209
1.0,1.0,0.0,0.0,0.0,0,0.0,False,invalid,210,frame_210_layer_3,0.0,invalid_insufficient_depth,0,0.0,3,1.0,0.0,0.0,0.0,0,0,0
1.0,1.0,0.0,0.0,0.0,0,0.0,False,invalid,210,frame_210_layer_4,0.0,invalid_insufficient_depth,0,0.0,4,1.0,0.0,0.0,0.0,0,0,0
1.0,1.0,0.0,0.0,0.0,0,0.0,False,unknown,210,frame_210_layer_5,0.3002295680213606,unknown_insufficient_evidence,223,0.0,5,1.0,0.0,0.0,0.0,0,22,223
1.0,1.0,0.0,0.0,0.0,0,0.0,False,invalid,210,frame_210_layer_6,0.0,invalid_insufficient_depth,0,0.0,6,1.0,0.0,0.0,0.0,0,0,0
1.0,1.0,0.0,0.0,0.0,0,0.0,False,invalid,210,frame_210_layer_7,0.0,invalid_insufficient_depth,0,0.0,7,1.0,0.0,0.0,0.0,0,0,0
1.0,1.0,0.0,0.0,0.0,0,0.0,False,invalid,210,frame_210_layer_8,0.0,invalid_insufficient_depth,0,0.0,8,1.0,0.0,0.0,0.0,0,0,0
1.0,1.0,0.0,0.0,0.0,0,0.0,False,invalid,210,frame_210_layer_9,0.3002295680213606,invalid_insufficient_depth,96,0.0,9,1.0,0.0,0.0,0.0,0,22,96
1.0,1.0,0.0,0.0,0.0,0,0.0,False,invalid,210,frame_210_layer_10,0.0,invalid_insufficient_depth,0,0.0,10,1.0,0.0,0.0,0.0,0,0,0
1.0,1.0,0.0,0.0,0.0,0,0.0,False,invalid,210,frame_210_layer_11,0.3002295680213606,invalid_insufficient_depth,9,0.0,11,1.0,0.0,0.0,0.0,0,22,9
1.0,1.0,0.0,0.0,0.0,0,0.0,False,invalid,210,frame_210_layer_12,0.3002295680213606,invalid_insufficient_depth,11,0.0,12,1.0,0.0,0.0,0.0,0,22,11
1.0,1.0,0.0,0.0,0.0,0,0.0,False,invalid,210,frame_210_layer_13,0.0,invalid_insufficient_depth,0,0.0,13,1.0,0.0,0.0,0.0,0,0,0
0.8,1.0,0.2,0.0,0.0,0,0.0,False,invalid,210,frame_210_layer_14,0.3002295680213606,invalid_insufficient_depth,5,0.0,14,1.0,0.0,0.0,0.0,0,22,5
1.0,1.0,0.0,0.0,0.0,0,0.0,False,invalid,210,frame_210_layer_15,0.0,invalid_insufficient_depth,0,0.0,15,1.0,0.0,0.0,0.0,0,0,0
1.0,1.0,0.0,0.0,0.0,0,0.0,False,invalid,210,frame_210_layer_19,0.0,invalid_insufficient_depth,0,0.0,19,1.0,0.0,0.0,0.0,0,0,0
1.0,1.0,0.0,0.0,0.0,0,0.0,False,invalid,210,frame_210_layer_23,0.0,invalid_insufficient_depth,0,0.0,23,1.0,0.0,0.0,0.0,0,0,0
1.0,1.0,0.0,0.0,0.0,0,0.0,False,unknown,210,frame_210_layer_24,0.3002295680213606,unknown_insufficient_evidence,140,0.0,24,1.0,0.0,0.0,0.0,0,22,140
0.7508333333333334,1.0,0.085,0.0,0.0,3,0.0,False,unknown,210,frame_210_layer_25,0.3002295680213606,unknown_seed_geometry_conflict,1200,1.0,25,1.0,0.16416666666666666,0.0,0.0,1,22,2218
0.6231343283582089,0.0,0.2453358208955224,1.0,0.94026284348865,5,0.0,False,unknown,210,frame_210_layer_28,0.3002295680213606,unknown_ambiguous,1072,0.0,28,0.0,0.13152985074626866,1.0,0.9405537459283387,5,22,1072
1.0,1.0,0.0,0.0,0.0,0,0.0,False,invalid,211,frame_211_layer_0,0.0,invalid_insufficient_depth,0,0.0,0,1.0,0.0,0.0,0.0,0,0,0
1.0,1.0,0.0,0.0,0.0,0,0.0,False,invalid,211,frame_211_layer_1,0.0,invalid_insufficient_depth,0,0.0,1,1.0,0.0,0.0,0.0,0,0,0
1.0,1.0,0.0,0.0,0.0,0,-0.8442622950819673,False,unknown,211,frame_211_layer_2,0.3002295680213606,unknown_insufficient_evidence,188,0.0,2,0.5778688524590164,0.0,0.42213114754098363,0.0,2,22,188
1.0,1.0,0.0,0.0,0.0,0,0.0,False,invalid,211,frame_211_layer_3,0.0,invalid_insufficient_depth,0,0.0,3,1.0,0.0,0.0,0.0,0,0,0
1.0,1.0,0.0,0.0,0.0,0,0.0,False,invalid,211,frame_211_layer_4,0.0,invalid_insufficient_depth,0,0.0,4,1.0,0.0,0.0,0.0,0,0,0
1.0,1.0,0.0,0.0,0.0,0,0.0,False,unknown,211,frame_211_layer_5,0.3002295680213606,unknown_insufficient_evidence,215,0.0,5,1.0,0.0,0.0,0.0,0,22,215
1.0,1.0,0.0,0.0,0.0,0,0.0,False,invalid,211,frame_211_layer_6,0.0,invalid_insufficient_depth,0,0.0,6,1.0,0.0,0.0,0.0,0,0,0
1.0,1.0,0.0,0.0,0.0,0,0.0,False,invalid,211,frame_211_layer_7,0.0,invalid_insufficient_depth,0,0.0,7,1.0,0.0,0.0,0.0,0,0,0
1.0,1.0,0.0,0.0,0.0,0,0.0,False,invalid,211,frame_211_layer_8,0.0,invalid_insufficient_depth,0,0.0,8,1.0,0.0,0.0,0.0,0,0,0
1.0,1.0,0.0,0.0,0.0,0,0.0,False,invalid,211,frame_211_layer_9,0.3002295680213606,invalid_insufficient_depth,96,0.0,9,1.0,0.0,0.0,0.0,0,22,96
1.0,1.0,0.0,0.0,0.0,0,0.0,False,invalid,211,frame_211_layer_10,0.0,invalid_insufficient_depth,0,0.0,10,1.0,0.0,0.0,0.0,0,0,0
0.8333333333333334,1.0,0.08333333333333333,0.0,0.0,0,0.0,False,invalid,211,frame_211_layer_11,0.3002295680213606,invalid_insufficient_depth,12,0.0,11,1.0,0.08333333333333333,0.0,0.0,0,22,12
1.0,1.0,0.0,0.0,0.0,0,0.0,False,invalid,211,frame_211_layer_12,0.3002295680213606,invalid_insufficient_depth,11,0.0,12,1.0,0.0,0.0,0.0,0,22,11
1.0,1.0,0.0,0.0,0.0,0,0.0,False,invalid,211,frame_211_layer_13,0.0,invalid_insufficient_depth,0,0.0,13,1.0,0.0,0.0,0.0,0,0,0
0.75,1.0,0.25,0.0,0.0,0,0.0,False,invalid,211,frame_211_layer_14,0.3002295680213606,invalid_insufficient_depth,4,0.0,14,1.0,0.0,0.0,0.0,0,22,4
1.0,1.0,0.0,0.0,0.0,0,0.0,False,invalid,211,frame_211_layer_15,0.0,invalid_insufficient_depth,0,0.0,15,1.0,0.0,0.0,0.0,0,0,0
1.0,1.0,0.0,0.0,0.0,0,0.0,False,invalid,211,frame_211_layer_19,0.0,invalid_insufficient_depth,0,0.0,19,1.0,0.0,0.0,0.0,0,0,0
1.0,1.0,0.0,0.0,0.0,0,0.0,False,invalid,211,frame_211_layer_23,0.0,invalid_insufficient_depth,0,0.0,23,1.0,0.0,0.0,0.0,0,0,0
1.0,1.0,0.0,0.0,0.0,0,0.0,False,unknown,211,frame_211_layer_24,0.3002295680213606,unknown_insufficient_evidence,148,0.0,24,1.0,0.0,0.0,0.0,0,22,148
0.7033333333333334,1.0,0.07,0.0,0.0,2,0.0,False,unknown,211,frame_211_layer_25,0.3002295680213606,unknown_seed_geometry_conflict,1200,1.0,25,1.0,0.22666666666666666,0.0,0.0,1,22,2237
0.6038781163434903,0.0,0.2880886426592798,1.0,0.9183197199533255,4,0.0037878787878787845,False,unknown,211,frame_211_layer_28,0.3002295680213606,unknown_ambiguous,1083,0.0,28,0.001893939393939394,0.10803324099722991,0.9981060606060606,0.8373368586858686,5,22,1083
1.0,1.0,0.0,0.0,0.0,0,0.0,False,invalid,212,frame_212_layer_0,0.0,invalid_insufficient_depth,0,0.0,0,1.0,0.0,0.0,0.0,0,0,0
1.0,1.0,0.0,0.0,0.0,0,0.0,False,invalid,212,frame_212_layer_1,0.0,invalid_insufficient_depth,0,0.0,1,1.0,0.0,0.0,0.0,0,0,0
1.0,1.0,0.0,0.0,0.0,0,-0.4155844155844155,False,unknown,212,frame_212_layer_2,0.3002295680213606,unknown_insufficient_evidence,147,0.0,2,0.7922077922077922,0.0,0.2077922077922078,0.1038961038961039,1,22,147
1.0,1.0,0.0,0.0,0.0,0,0.0,False,invalid,212,frame_212_layer_3,0.0,invalid_insufficient_depth,0,0.0,3,1.0,0.0,0.0,0.0,0,0,0
1.0,1.0,0.0,0.0,0.0,0,0.0,False,invalid,212,frame_212_layer_4,0.0,invalid_insufficient_depth,0,0.0,4,1.0,0.0,0.0,0.0,0,0,0
1.0,1.0,0.0,0.0,0.0,0,0.0,False,unknown,212,frame_212_layer_5,0.3002295680213606,unknown_insufficient_evidence,209,0.0,5,1.0,0.0,0.0,0.0,0,22,209
1.0,1.0,0.0,0.0,0.0,0,0.0,False,invalid,212,frame_212_layer_6,0.0,invalid_insufficient_depth,0,0.0,6,1.0,0.0,0.0,0.0,0,0,0
1.0,1.0,0.0,0.0,0.0,0,0.0,False,invalid,212,frame_212_layer_7,0.0,invalid_insufficient_depth,0,0.0,7,1.0,0.0,0.0,0.0,0,0,0
1.0,1.0,0.0,0.0,0.0,0,0.0,False,invalid,212,frame_212_layer_8,0.0,invalid_insufficient_depth,0,0.0,8,1.0,0.0,0.0,0.0,0,0,0
1.0,1.0,0.0,0.0,0.0,0,0.0,False,invalid,212,frame_212_layer_9,0.3002295680213606,invalid_insufficient_depth,86,0.0,9,1.0,0.0,0.0,0.0,0,22,86
1.0,1.0,0.0,0.0,0.0,0,0.0,False,invalid,212,frame_212_layer_10,0.0,invalid_insufficient_depth,0,0.0,10,1.0,0.0,0.0,0.0,0,0,0
1.0,1.0,0.0,0.0,0.0,0,0.0,False,invalid,212,frame_212_layer_11,0.3002295680213606,invalid_insufficient_depth,1,0.0,11,1.0,0.0,0.0,0.0,0,22,1
1.0,1.0,0.0,0.0,0.0,0,0.0,False,invalid,212,frame_212_layer_12,0.3002295680213606,invalid_insufficient_depth,12,0.0,12,1.0,0.0,0.0,0.0,0,22,12
1.0,1.0,0.0,0.0,0.0,0,0.0,False,invalid,212,frame_212_layer_13,0.0,invalid_insufficient_depth,0,0.0,13,1.0,0.0,0.0,0.0,0,0,0
1.0,1.0,0.0,0.0,0.0,0,0.0,False,invalid,212,frame_212_layer_14,0.0,invalid_insufficient_depth,0,0.0,14,1.0,0.0,0.0,0.0,0,0,0
1.0,1.0,0.0,0.0,0.0,0,0.0,False,invalid,212,frame_212_layer_15,0.0,invalid_insufficient_depth,0,0.0,15,1.0,0.0,0.0,0.0,0,0,0
1.0,1.0,0.0,0.0,0.0,0,0.0,False,invalid,212,frame_212_layer_19,0.0,invalid_insufficient_depth,0,0.0,19,1.0,0.0,0.0,0.0,0,0,0
1.0,1.0,0.0,0.0,0.0,0,0.0,False,invalid,212,frame_212_layer_23,0.0,invalid_insufficient_depth,0,0.0,23,1.0,0.0,0.0,0.0,0,0,0
1.0,1.0,0.0,0.0,0.0,0,0.0,False,unknown,212,frame_212_layer_24,0.3002295680213606,unknown_insufficient_evidence,102,0.0,24,1.0,0.0,0.0,0.0,0,22,102
0.745,0.9985544786096257,0.0825,0.0014455213903743316,0.0,1,0.0028910427807486982,False,unknown,212,frame_212_layer_25,0.3002295680213606,unknown_seed_geometry_conflict,1200,1.0,25,1.0,0.1725,0.0,0.0,2,22,2211
1.0,0.0,0.0,1.0,1.0,2,0.0,False,unknown,212,frame_212_layer_28,0.3002295680213606,unknown_ambiguous,985,0.0,28,0.0,0.0,1.0,1.0,2,22,985
1.0,1.0,0.0,0.0,0.0,0,0.0,False,invalid,213,frame_213_layer_0,0.0,invalid_insufficient_depth,0,0.0,0,1.0,0.0,0.0,0.0,0,0,0
1.0,1.0,0.0,0.0,0.0,0,0.0,False,invalid,213,frame_213_layer_1,0.0,invalid_insufficient_depth,0,0.0,1,1.0,0.0,0.0,0.0,0,0,0
1.0,1.0,0.0,0.0,0.0,0,0.0,False,invalid,213,frame_213_layer_2,0.3002295680213606,invalid_insufficient_depth,11,0.0,2,1.0,0.0,0.0,0.0,0,22,11
1.0,1.0,0.0,0.0,0.0,0,0.0,False,invalid,213,frame_213_layer_3,0.0,invalid_insufficient_depth,0,0.0,3,1.0,0.0,0.0,0.0,0,0,0
1.0,1.0,0.0,0.0,0.0,0,0.0,False,invalid,213,frame_213_layer_4,0.0,invalid_insufficient_depth,0,0.0,4,1.0,0.0,0.0,0.0,0,0,0
1.0,1.0,0.0,0.0,0.0,0,0.0,False,unknown,213,frame_213_layer_5,0.3002295680213606,unknown_insufficient_evidence,199,0.0,5,1.0,0.0,0.0,0.0,0,22,199
1.0,1.0,0.0,0.0,0.0,0,0.0,False,invalid,213,frame_213_layer_6,0.0,invalid_insufficient_depth,0,0.0,6,1.0,0.0,0.0,0.0,0,0,0
1.0,1.0,0.0,0.0,0.0,0,0.0,False,invalid,213,frame_213_layer_7,0.0,invalid_insufficient_depth,0,0.0,7,1.0,0.0,0.0,0.0,0,0,0
1.0,1.0,0.0,0.0,0.0,0,0.0,False,invalid,213,frame_213_layer_8,0.0,invalid_insufficient_depth,0,0.0,8,1.0,0.0,0.0,0.0,0,0,0
1.0,1.0,0.0,0.0,0.0,0,0.0,False,invalid,213,frame_213_layer_9,0.3002295680213606,invalid_insufficient_depth,12,0.0,9,1.0,0.0,0.0,0.0,0,22,12
1.0,1.0,0.0,0.0,0.0,0,0.0,False,invalid,213,frame_213_layer_10,0.0,invalid_insufficient_depth,0,0.0,10,1.0,0.0,0.0,0.0,0,0,0
1.0,1.0,0.0,0.0,0.0,0,0.0,False,invalid,213,frame_213_layer_11,0.0,invalid_insufficient_depth,0,0.0,11,1.0,0.0,0.0,0.0,0,0,0
1.0,1.0,0.0,0.0,0.0,0,0.0,False,invalid,213,frame_213_layer_12,0.3002295680213606,invalid_insufficient_depth,5,0.0,12,1.0,0.0,0.0,0.0,0,22,5
1.0,1.0,0.0,0.0,0.0,0,0.0,False,invalid,213,frame_213_layer_13,0.0,invalid_insufficient_depth,0,0.0,13,1.0,0.0,0.0,0.0,0,0,0
1.0,1.0,0.0,0.0,0.0,0,0.0,False,invalid,213,frame_213_layer_14,0.0,invalid_insufficient_depth,0,0.0,14,1.0,0.0,0.0,0.0,0,0,0
1.0,1.0,0.0,0.0,0.0,0,0.0,False,invalid,213,frame_213_layer_15,0.0,invalid_insufficient_depth,0,0.0,15,1.0,0.0,0.0,0.0,0,0,0
1.0,1.0,0.0,0.0,0.0,0,0.0,False,invalid,213,frame_213_layer_19,0.0,invalid_insufficient_depth,0,0.0,19,1.0,0.0,0.0,0.0,0,0,0
1.0,1.0,0.0,0.0,0.0,0,0.0,False,invalid,213,frame_213_layer_23,0.0,invalid_insufficient_depth,0,0.0,23,1.0,0.0,0.0,0.0,0,0,0
1.0,1.0,0.0,0.0,0.0,0,0.0,False,unknown,213,frame_213_layer_24,0.3002295680213606,unknown_insufficient_evidence,105,0.0,24,1.0,0.0,0.0,0.0,0,22,105
0.6366666666666667,0.9984871406959153,0.025,0.0015128593040847202,0.0,1,0.00302571860816947,False,unknown,213,frame_213_layer_25,0.3002295680213606,unknown_seed_geometry_conflict,1200,1.0,25,1.0,0.3383333333333333,0.0,0.0,1,22,2097
1.0,1.0,0.0,0.0,0.0,0,0.0,False,unknown,213,frame_213_layer_28,0.3002295680213606,unknown_insufficient_evidence,814,0.0,28,1.0,0.0,0.0,0.0,0,22,814
