association_cost,association_model,depth_m,drawer_depth_residual_m,drawer_projective_error_px,drawer_track_axis_residual_m,drawer_track_perpendicular_residual_m,drawer_track_total_residual_m,forward_backward_error_px,original_frame_id,q_t,seed_frame_id,static_depth_residual_m,static_projective_error_px,static_track_axis_residual_m,static_track_perpendicular_residual_m,static_track_total_residual_m,track_id,tracking_confidence,u,v
0.0,seed,3.4160001277923584,0.0,0.0,0.0,0.0,0.0,0.0,177,0.0,177,0.0,0.0,0.0,0.0,0.0,0,1.0,136.0,24.0
0.0,seed,3.2320001125335693,0.0,0.0,0.0,0.0,0.0,0.0,177,0.0,177,0.0,0.0,0.0,0.0,0.0,1,1.0,144.0,32.0
0.0,seed,3.3460001945495605,0.0,0.0,0.0,0.0,0.0,0.0,177,0.0,177,0.0,0.0,0.0,0.0,0.0,2,1.0,160.0,32.0
0.0,seed,3.4140002727508545,0.0,0.0,0.0,0.0,0.0,0.0,177,0.0,177,0.0,0.0,0.0,0.0,0.0,3,1.0,168.0,32.0
0.0,seed,3.063000202178955,0.0,0.0,0.0,0.0,0.0,0.0,177,0.0,177,0.0,0.0,0.0,0.0,0.0,4,1.0,96.0,40.0
0.0,seed,2.8570001125335693,0.0,0.0,0.0,0.0,0.0,0.0,177,0.0,177,0.0,0.0,0.0,0.0,0.0,5,1.0,120.0,40.0
0.0,seed,2.954000234603882,0.0,0.0,-0.025858664813338095,0.052069551404504165,0.058136982458628444,0.0,177,0.0,177,0.0,0.0,-0.08759048178607202,0.05206955140450427,0.10189862944604568,6,1.0,136.0,40.0
2.9786838231734016,drawer,2.9230000972747803,0.04964359704463428,8.12344003631207,0.025858664813337713,0.05206955140450438,0.058136982458628465,0.5642682313919067,191,0.12346363394546822,177,0.010527034352052933,13.647841897854336,0.08759048178607202,0.05206955140450427,0.10189862944604568,6,0.02764573776687147,143.6357879638672,32.179046630859375
0.0,seed,3.000000238418579,0.0,0.0,0.0,0.0,0.0,0.0,177,0.0,177,0.0,0.0,0.0,0.0,0.0,7,1.0,144.0,40.0
0.0,seed,3.0980000495910645,0.0,0.0,0.0,0.0,0.0,0.0,177,0.0,177,0.0,0.0,0.0,0.0,0.0,8,1.0,160.0,40.0
0.0,seed,3.1530001163482666,0.0,0.0,0.04492934189020941,0.05056865358642623,0.06764491472558233,0.0,177,0.0,177,0.0,0.0,0.021540215216376026,0.04848464555196722,0.05305413957334237,9,1.0,168.0,40.0
1.145065251245374,static,3.1020002365112305,0.0035703282569450323,4.182252594766321,-0.001512141947431763,0.006025932970065694,0.006212764395090761,0.954148530960083,184,0.019908451540738836,177,0.013457046561581976,3.2835844426226335,-0.0049928170805264285,0.004405304695023332,0.006658448156709719,9,0.19913853665432252,161.02606201171875,32.03434753417969
1.2361047187133762,static,3.0890002250671387,0.00918363341258388,4.5834763836168895,0.0015487232906512536,0.005925547873750598,0.006124594797626687,0.7239936590194702,185,0.03180521933127545,177,0.024919922115222093,3.2028822512844024,0.009964815948093297,0.007866174569593822,0.012695442459351272,9,0.24424877301423914,160.52308654785156,31.641454696655273
1.1693219150978376,static,3.0990002155303955,0.004496468215581917,5.200758353356724,-0.017022735021997446,0.0054175788610526625,0.017864032813025815,0.8352822661399841,186,0.045213219262714155,177,0.01771409652008815,3.246653559102942,0.0048013575668833285,0.0058375420558504304,0.00755843447672137,9,0.1650592934048538,160.1566619873047,31.22145652770996
0.0,seed,3.755000114440918,0.0,0.0,-0.05043840969319295,0.07565284887300107,0.09092517096480775,0.0,177,0.0,177,0.0,0.0,-0.05064586141703795,0.0748613772090576,0.09038378768512981,10,1.0,80.0,56.0
1.486767929796777,ambiguous,3.766000270843506,0.03796690787659607,3.433067231577526,-0.04112160714282155,0.02158086867300165,0.04644050459124983,0.7698531746864319,178,0.0,177,0.03796690787659607,3.433067231577526,-0.041329058866666546,0.020947473743607965,0.04633452020948888,10,0.2261012569268554,79.22000122070312,56.180755615234375
1.9092145263332514,ambiguous,3.7360000610351562,0.02432878859610188,5.429228303699513,0.00014115338546527334,0.00012442795359217233,0.00018816639940075333,1.3705494403839111,180,0.0,177,0.02432878859610188,5.429228303699513,-6.629833837972667e-05,0.0008774517976640614,0.0008799529117491492,10,0.14813151224399868,78.69405364990234,56.294158935546875
2.810712860747764,ambiguous,3.749000072479248,0.05230104386625101,7.464203951475413,0.00022265044457623218,0.03591522575151048,0.035915915887005184,0.7320117354393005,181,0.00019289409045231132,177,0.05220432632151617,7.46902129524948,0.0002080928111832833,0.036716306302044144,0.03671689598922535,10,0.06015975187716351,79.17105865478516,55.994659423828125
2.175569955578516,ambiguous,3.7090001106262207,0.011925915547633004,6.465130486909447,0.0315406212746143,0.003471493653890385,0.03173108977923156,1.3709216117858887,183,0.00917081126755237,177,0.007332859367926492,6.708348792420346,0.04050398081832148,0.004185713898486104,0.040719683974349975,10,0.10841971866016412,78.11924743652344,56.22752380371094
0.0,seed,3.4830002784729004,0.0,0.0,-0.019637886409516823,0.0555206031582193,0.05889128931926654,0.0,177,0.0,177,0.0,0.0,-0.019637886409516823,0.0555206031582193,0.05889128931926654,11,1.0,88.0,56.0
1.314265021898474,ambiguous,3.495000123977661,0.036210201154016186,2.8583654288319478,-0.019149356516256,0.008984482912881488,0.021152276194266552,1.1846717596054077,178,0.0,177,0.036210201154016186,2.8583654288319478,-0.019149356516256,0.008984482912881488,0.021152276194266552,11,0.26865311015567445,87.03877258300781,55.64096450805664
1.7280798222763227,ambiguous,3.4690001010894775,0.025103574266982065,4.830271549708826,0.018634665140340383,0.00881681647384338,0.020615212771787076,1.2615995407104492,180,0.0,177,0.025103574266982065,4.830271549708826,0.018634665140340383,0.00881681647384338,0.020615212771787076,11,0.17758466881012866,86.74950408935547,55.65093231201172
2.4910897114375783,ambiguous,3.4670002460479736,0.037117500628216504,6.935426393264484,0.03332305311872914,0.036950335577327575,0.04975694090708113,0.7102950811386108,181,0.00019289409045231132,177,0.03702078308348078,6.940709754455583,0.0335159472091812,0.03695033557732755,0.049886330959549814,11,0.08278230395425933,87.1761245727539,55.462188720703125
0.0,seed,3.260000228881836,0.0,0.0,0.0,0.0,0.0,0.0,177,0.0,177,0.0,0.0,0.0,0.0,0.0,12,1.0,96.0,56.0
0.0,seed,2.9190001487731934,0.0,0.0,0.06700241956701186,0.027418120415709964,0.07239528682838589,0.0,177,0.0,177,0.0,0.0,0.03629620228499256,0.026227285103047806,0.04478040625306622,13,1.0,112.0,56.0
1.1113796972128578,static,2.9090001583099365,0.04080784109502433,3.058609548240388,-0.00012970929832437653,0.004121261973210491,0.0041233026512618055,0.6077350378036499,184,0.019908451540738836,177,0.03092112279038739,2.3954815617459957,-0.010927475039604936,0.006702251862104199,0.012819122074630077,13,0.30275593875898715,105.01809692382812,48.908103942871094
1.0790738263251103,static,2.9090001583099365,0.04696719751599154,2.9824088663619044,0.00012970929832433717,0.004121261973210927,0.00412330265126224,0.6989017128944397,185,0.03180521933127545,177,0.031230908813353775,2.2345354185113346,0.0012287113475804472,0.005112137115517423,0.005257725502869445,13,0.32791895787635517,105.0333480834961,48.93354034423828
1.3411483164919624,static,2.9210002422332764,0.06575872596214172,3.146560592225284,-0.01724310765489321,0.01585255793685807,0.02342281696849631,0.7275002002716064,186,0.045213219262714155,177,0.04354816122647165,2.3496001923837913,-0.002736105674198368,0.013800364514518923,0.014068984860108906,13,0.1313966196588483,104.93035125732422,48.3913688659668
0.0,seed,2.705000162124634,0.0,0.0,0.0,0.0,0.0,0.0,177,0.0,177,0.0,0.0,0.0,0.0,0.0,14,1.0,128.0,48.0
0.0,seed,2.765000104904175,0.0,0.0,0.0,0.0,0.0,0.0,177,0.0,177,0.0,0.0,0.0,0.0,0.0,15,1.0,136.0,48.0
0.0,seed,2.8010001182556152,0.0,0.0,-0.031471649558962554,0.04544150199885539,0.055275626001648565,0.0,177,0.0,177,0.0,0.0,-0.06491662834193282,0.04839531380503069,0.08097082828755076,16,1.0,144.0,48.0
1.4819789207136218,drawer,2.764000177383423,0.014276975997014496,4.3150664476456075,0.0014636668758626053,0.004659049689430122,0.004883550422804736,1.1161242723464966,185,0.03180521933127545,177,0.0014593127056237165,5.832508141375905,-0.00017609257583223132,0.001980755960450089,0.0019885680199887013,16,0.1760031141709978,144.82598876953125,41.34663772583008
1.3948231488899634,drawer,2.750000238418579,0.005063003869351768,4.16720448911441,0.00796848086202402,0.005183609079080296,0.009506129093020288,0.9074177145957947,186,0.045213219262714155,177,0.0171475608663183,6.33897818381122,0.019736721341767908,0.007990032768936017,0.021292693417491085,16,0.2468880345070962,144.85150146484375,40.923213958740234
0.0,seed,2.8910000324249268,0.0,0.0,0.0,0.0,0.0,0.0,177,0.0,177,0.0,0.0,0.0,0.0,0.0,17,1.0,160.0,48.0
0.0,seed,2.938000202178955,0.0,0.0,0.05592697176908272,0.03746131778030585,0.06731401415082029,0.0,177,0.0,177,0.0,0.0,0.029224110256221684,0.037384354169755045,0.047451433665986135,18,1.0,168.0,48.0
1.3346862607898509,ambiguous,2.9250001907348633,0.01772615808747613,4.341195316904395,-0.01095174500514419,0.01874381228030235,0.02170878203531727,0.8702211380004883,183,0.00917081126755237,177,0.01313310190776873,3.881017382787231,-0.02848379525045272,0.01947630641761054,0.034505841585771684,18,0.24245080526075005,160.9575958251953,40.354278564453125
1.2222898777642484,static,2.8940000534057617,0.002631598260407486,4.537011495138158,0.005425107427995065,0.005484458873522482,0.007714342469753772,0.6032485961914062,184,0.019908451540738836,177,0.01251831656504443,3.5446366532321725,-0.001369302544127256,0.007412309955048269,0.007537727000035292,18,0.2879074583221063,160.7930908203125,39.70368194580078
1.1381058507180206,static,2.9010000228881836,0.010997309082405593,4.960123513778026,-0.008848820091193137,0.002234570860684668,0.009126605280043852,1.146060585975647,185,0.03180521933127545,177,0.0047389796202326195,3.395767733936141,-0.0037464622727787474,0.0010008551376803636,0.003877846124845038,18,0.3194086349731491,160.3004608154297,39.145042419433594
1.0942113474298634,static,2.892000198364258,0.005399985565981424,5.194263989828843,-0.005262868654292311,0.008440187929475958,0.009946585281251261,1.2139326333999634,186,0.045213219262714155,177,0.016810579169688644,3.030855681648982,0.013247489095560807,0.007617769504000057,0.015281569930902903,18,0.29867440448590765,160.20704650878906,39.1126594543457
0.0,seed,3.0460002422332764,0.0,0.0,0.05235821306449678,0.05413932841523697,0.07531566474884309,0.0,177,0.0,177,0.0,0.0,0.03155069804319887,0.05469666819525026,0.06314405798390228,19,1.0,184.0,48.0
1.315607341549219,ambiguous,3.010000228881836,0.007422196774716561,4.304492731533778,0.006433914120701549,0.010702685352082065,0.012487702937619662,1.1749526262283325,183,0.00917081126755237,177,0.012015252954423516,3.8425699260684483,-0.0052027896330438615,0.011588761018730565,0.012703086314551979,19,0.24784435452692993,176.8957977294922,41.0282096862793
1.4131290954316291,ambiguous,2.995000123977661,0.01208095855450475,4.889215672540045,0.0058417558032389065,0.004372888766762712,0.0072971410176284075,0.20795857906341553,184,0.019908451540738836,177,0.021967676859141694,3.9061360272836234,0.004942692322679718,0.004364078098139216,0.0065935866600307464,19,0.2405972477925964,176.50064086914062,40.299503326416016
1.5161772687773387,static,3.000000238418579,0.0002564537412625967,5.9459512808304575,-0.014166364773583653,0.005654277197385251,0.015253089573037412,0.8095985651016235,185,0.03180521933127545,177,0.01599274244390081,4.387533208652804,-0.003168660463606131,0.004882642143810895,0.005820704720060869,19,0.2194791470968438,175.4720916748047,39.45351028442383
1.4717280897655194,static,3.000000238418579,0.0021478297630586063,6.3724218433783895,-0.021890429166631184,0.006319666262924395,0.022784404112770693,1.2156169414520264,186,0.045213219262714155,177,0.020062734972611906,4.150869140893768,0.002515275074785068,0.0056421916709119115,0.006177453808256503,19,0.21831560528552887,175.29612731933594,39.08509826660156
0.0,seed,2.886000156402588,0.0,0.0,0.08328109228764971,0.015851793497205325,0.08477629202614413,0.0,177,0.0,177,0.0,0.0,0.06741186364118126,0.014292411426691996,0.06891032131667252,20,1.0,192.0,56.0
1.6008904370505044,ambiguous,2.8960001468658447,0.033042280082912434,4.810000420627551,0.0022591305773697326,0.007693476135257291,0.008018306929107938,0.6538960337638855,183,0.00917081126755237,177,0.02844922390320548,4.302674872280034,-0.004439286801546227,0.005802309486497133,0.007305755449197375,20,0.1994225555136054,184.79812622070312,48.25927734375
1.5836232882840922,static,2.879000186920166,0.0252301189188211,5.714485111224933,-0.002206634379181115,0.007784026743589923,0.008090754453591281,1.2149505615234375,184,0.019908451540738836,177,0.015343400614184155,4.609395545700126,0.0018325885150891484,0.0096949103541705,0.009866593507439082,20,0.20502886510937532,184.14744567871094,47.19208908081055
2.9167351639146037,static,2.932000160217285,0.10780645807332778,10.831420487155071,-0.12803921979200314,0.045876776087435706,0.13601000106286892,1.3285598754882812,188,0.07293716335462896,177,0.07223405842470498,6.871404562926729,-0.0709712850838425,0.04382544865340151,0.08341218889421363,20,0.03604845623288947,183.3202362060547,38.81029510498047
0.0,seed,3.871000289916992,0.0,0.0,-0.0029350088073137703,0.07382999131822791,0.07388830688781965,0.0,177,0.0,177,0.0,0.0,-0.0029350088073137703,0.07382999131822791,0.07388830688781965,21,1.0,80.0,64.0
1.561282871369675,ambiguous,3.891000270843506,0.045881858836438916,3.1775772818339405,-0.0047096892439843045,0.012488619246388142,0.01334716387312892,1.0973193645477295,178,0.0,177,0.045881858836438916,3.1775772818339405,-0.0047096892439843045,0.012488619246388142,0.01334716387312892,21,0.20983284208202563,78.99890899658203,64.1054916381836
2.16982932901306,ambiguous,3.889000177383423,0.059665638515260966,4.727419908797218,0.004347957586320792,0.012474778513119268,0.013210784765630947,1.3966532945632935,180,0.0,177,0.059665638515260966,4.727419908797218,0.004347957586320792,0.012474778513119268,0.013210784765630947,21,0.08626395590551345,78.48412322998047,63.82333755493164
2.6769565296295603,ambiguous,3.874000072479248,0.058796894781063536,6.711841803992783,0.03302982620334307,0.037464391456487986,0.04994547072786499,1.052796721458435,181,0.00019289409045231132,177,0.0587001772363287,6.716607294867799,0.03322272029379512,0.03746439145648795,0.050073244062320485,21,0.06441608521244908,78.84495544433594,63.574188232421875
0.0,seed,3.6130001544952393,0.0,0.0,0.0017395729828111645,0.053136049819526986,0.05316451734555464,0.0,177,0.0,177,0.0,0.0,0.0017395729828111645,0.053136049819526986,0.05316451734555464,22,1.0,88.0,64.0
1.4377543398397772,ambiguous,3.634000062942505,0.044338431343454054,2.7470111206205936,-0.006281415907201334,0.00408614955470669,0.007493517463959876,1.4335339069366455,178,0.0,177,0.044338431343454054,2.7470111206205936,-0.006281415907201334,0.00408614955470669,0.007493517463959876,22,0.2374591419332616,86.91622924804688,63.68073272705078
2.45791925268163,ambiguous,3.6060001850128174,0.04407925962138792,6.59113303044306,0.044964376550784835,0.04462683962624927,0.06335100609799138,1.3320618867874146,181,0.00019289409045231132,177,0.04398254207665264,6.596254661639996,0.04515727064123689,0.044626839626249235,0.06348806113587722,22,0.08513569928703964,86.85771179199219,63.46327209472656
0.0,seed,3.371000051498413,0.0,0.0,0.0,0.0,0.0,0.0,177,0.0,177,0.0,0.0,0.0,0.0,0.0,23,1.0,96.0,64.0
0.0,seed,2.999000072479248,0.0,0.0,-0.031981389775403435,0.005553552331121692,0.0324599943847929,0.0,177,0.0,177,0.0,0.0,-0.032545603086817365,0.005553552331121588,0.033016029800373665,24,1.0,112.0,64.0
1.2506884232845927,ambiguous,2.9210002422332764,0.024392528475976505,3.2758425494182726,0.031981389775403435,0.005553552331121692,0.0324599943847929,1.363869309425354,182,0.0011284266228279716,177,0.024949694629652353,3.323272703501557,0.03254560308681734,0.005553552331121591,0.03301602980037364,24,0.17665472009469368,110.6438217163086,57.2216682434082
0.0,seed,2.8400001525878906,0.0,0.0,-0.028157612705653947,0.004188306879314148,0.028467403601257962,0.0,177,0.0,177,0.0,0.0,-0.028721826017067888,0.004188306879313615,0.029025595674680365,25,1.0,120.0,64.0
1.157818642639314,ambiguous,2.7690000534057617,0.021548970384667854,3.074553891557647,0.028157612705653985,0.004188306879313708,0.028467403601257938,1.2777005434036255,182,0.0011284266228279716,177,0.022106136538343257,3.1263571529841823,0.02872182601706788,0.0041883068793140635,0.02902559567468042,25,0.2992372819041686,118.79998016357422,56.940486907958984
0.0,seed,2.511000156402588,0.0,0.0,0.0,0.0,0.0,0.0,177,0.0,177,0.0,0.0,0.0,0.0,0.0,26,1.0,152.0,64.0
0.0,seed,2.5450000762939453,0.0,0.0,0.0,0.0,0.0,0.0,177,0.0,177,0.0,0.0,0.0,0.0,0.0,27,1.0,160.0,64.0
0.0,seed,2.5850000381469727,0.0,0.0,0.03469638289023546,0.005424990927458925,0.035117937186412804,0.0,177,0.0,177,0.0,0.0,0.03011097725645901,0.005424990927458846,0.030595775491103386,28,1.0,168.0,64.0
1.410348736997234,ambiguous,2.5900001525878906,0.027586220095164204,4.3888316098640265,-0.03469638289023544,0.005424990927458924,0.03511793718641279,1.419372320175171,183,0.00917081126755237,177,0.02299316391545725,3.863663496418249,-0.030110977256459386,0.00542499092745889,0.030595775491103757,28,0.24392727684595106,161.4713592529297,55.783164978027344
0.0,seed,2.7210001945495605,0.0,0.0,0.034799254031667615,0.014179333859286445,0.037577141853175074,0.0,177,0.0,177,0.0,0.0,0.030213848397891527,0.01417933385928633,0.03337559203525648,29,1.0,192.0,64.0
1.620781853836938,ambiguous,2.7130000591278076,0.011380255797034167,5.3779205729497015,-0.034799254031667934,0.01417933385928619,0.03757714185317527,0.36690986156463623,183,0.00917081126755237,177,0.006787199617326767,4.835626398633719,-0.030213848397891527,0.01417933385928633,0.03337559203525648,29,0.19770901411705732,184.44497680664062,55.83211135864258
0.0,seed,2.7950000762939453,0.0,0.0,0.07262231557174681,0.011448111425242916,0.07351911298572064,0.0,177,0.0,177,0.0,0.0,0.05703596063533044,0.00772432074117067,0.057556632428482496,30,1.0,208.0,64.0
1.4508850575067858,ambiguous,2.81600022315979,0.03790346592638727,4.10823633113727,-2.0948322626145248e-05,0.00023563466379582506,0.00023656400191707228,1.3969531059265137,183,0.00917081126755237,177,0.033310409746680314,3.564295223459641,-0.006436491991490023,0.004147906264583203,0.007657255091498767,30,0.2343586648266796,201.74505615234375,56.323177337646484
1.5406530328428356,static,2.80400013923645,0.033883409727542,5.457837540361155,-0.012496185844263649,0.01708713076814606,0.02116895600973508,0.766185462474823,184,0.019908451540738836,177,0.02399669142290506,4.257158578525234,-0.008174089239941304,0.013025766073439322,0.01537811161041846,30,0.21424084275410513,200.5929718017578,55.30771255493164
0.0,seed,3.7380001544952393,0.0,0.0,0.0,0.0,0.0,0.0,177,0.0,177,0.0,0.0,0.0,0.0,0.0,31,1.0,88.0,72.0
0.0,seed,3.623000144958496,0.0,0.0,0.0,0.0,0.0,0.0,177,0.0,177,0.0,0.0,0.0,0.0,0.0,32,1.0,96.0,80.0
0.0,seed,3.190000057220459,0.0,0.0,0.05138307742591274,0.022606471295329618,0.056136202135377004,0.0,177,0.0,177,0.0,0.0,0.028776467794556115,0.022606471295330124,0.03659422964290559,33,1.0,112.0,80.0
1.6598678489825454,static,3.2170002460479736,0.0840529577161746,2.8590027860604224,-0.05138307742591315,0.022606471295330045,0.05613620213537755,1.4751577377319336,186,0.045213219262714155,177,0.061842392980504535,1.8121100010831908,-0.028776467794555644,0.022606471295329708,0.03659422964290496,33,0.1901449759084609,105.13288879394531,72.41793060302734
0.0,seed,3.00600004196167,0.0,0.0,0.07348518573131427,0.02082752890516913,0.0763796994119603,0.0,177,0.0,177,0.0,0.0,0.039297075997561805,0.019996054196016293,0.044091976201664725,34,1.0,120.0,80.0
0.9776190001338999,static,3.00600004196167,0.04586494312217937,3.072536075099988,0.0,0.0,0.0,1.1654456853866577,185,0.03180521933127545,177,0.030128654419541157,1.8696620586183446,-0.002382890402477051,0.0037330237313499084,0.004428728129953208,34,0.3762054204439685,113.30776977539062,72.47503662109375
1.4528523016328967,static,3.0290000438690186,0.07482742596362879,3.1652998024616905,-0.022277298846070562,0.021301647404489036,0.030822690116573393,1.017822265625,186,0.045213219262714155,177,0.05261686122795872,1.8504091608080366,-0.011252189317108884,0.019651952780962146,0.022645330921256705,34,0.2339017579096947,113.03324127197266,72.32465362548828
0.0,seed,2.7110002040863037,0.0,0.0,0.08988695354249349,0.010240006153440052,0.09046834884738902,0.0,177,0.0,177,0.0,0.0,0.05668727704419009,0.007287901901387797,0.05715383532895244,35,1.0,136.0,80.0
1.0613203560397997,static,2.7080001831054688,0.030765140086230325,3.7775928639010803,0.023885492267205773,0.004949597622061434,0.02439293458087942,0.8649143576622009,184,0.019908451540738836,177,0.02087842178159338,2.7722955817865342,0.010594267309641109,0.006402972065056247,0.012378875195025634,35,0.3459970585666866,129.08718872070312,72.30563354492188
1.3458680416397186,static,2.7250001430511475,0.05259326030075595,4.507732903378649,-0.0007684662452671553,0.008643999263022934,0.008678091012962241,0.7303202152252197,185,0.03180521933127545,177,0.03685697159811774,2.942964928524737,-0.002162923412295151,0.011109724260078647,0.011318313073176345,35,0.2603136466742089,128.33413696289062,71.74209594726562
1.645257817065186,static,2.744000196456909,0.07620496748552075,4.864780957980469,-0.020980786268592892,0.02498933204787241,0.03262912975620403,0.6215987205505371,186,0.045213219262714155,177,0.05399440274985068,2.821836231032166,-0.008967243504182156,0.02688647435150923,0.02834244095200095,35,0.19296280727546467,127.81949615478516,71.65880584716797
2.2230735532978345,static,2.746000051498413,0.09010438562847334,7.93483694175863,-0.07664124708783025,0.024277072444039014,0.08039438414237009,0.8761768341064453,187,0.05919969964910532,177,0.06133337064272659,4.828921045830131,-0.05064122393702838,0.021923526900569958,0.0551831006160425,35,0.06025758508990771,127.3021011352539,64.72594451904297
0.0,seed,2.5160000324249268,0.0,0.0,0.06477670705688433,0.010824381870265878,0.06567487358196245,0.0,177,0.0,177,0.0,0.0,0.038408154720594875,0.010264508802122794,0.039756087458275004,36,1.0,144.0,72.0
1.0047361077525845,static,2.5160000324249268,0.0327487348611295,3.591420578791739,0.0017051139860295226,0.004133366293129575,0.004471256044841674,1.1887738704681396,184,0.019908451540738836,177,0.02286201655649256,2.478996356432635,-0.00475498680952119,0.003439694919603752,0.005868679638442394,36,0.35277515455926145,137.4053955078125,64.13282775878906
0.9181219570899203,static,2.511000156402588,0.032692299139283065,4.129232744917982,-0.0017051139860295226,0.004133366293129575,0.004471256044841674,1.0332486629486084,185,0.03180521933127545,177,0.016956010436644853,2.443216828685663,0.00373155300895645,0.004860373223933963,0.006127619091832175,36,0.39916482443380197,136.74777221679688,63.86170196533203
1.322858974887197,static,2.5380001068115234,0.06379138058043754,4.881481277864874,-0.03519623568790359,0.016207070176385823,0.03874847261894013,1.2495121955871582,186,0.045213219262714155,177,0.04158081584476747,2.454420282149399,-0.016351568761478898,0.015653622005821998,0.022636467985587487,36,0.2624714307652427,136.1720733642578,63.01837158203125
0.0,seed,2.3410000801086426,0.0,0.0,0.027853355332903937,0.0036318818299167542,0.028089143257270903,0.0,177,0.0,177,0.0,0.0,0.02326794969912787,0.0036318818299166866,0.023549693179054875,37,1.0,160.0,80.0
1.2091280494817425,ambiguous,2.3450000286102295,0.02166957928517954,3.985603644525947,-0.027853355332903937,0.0036318818299167555,0.028089143257270906,1.2308787107467651,183,0.00917081126755237,177,0.01707652310547214,3.39376233370514,-0.0232679496991275,0.003631881829916776,0.023549693179054518,37,0.29845740609453814,153.59954833984375,72.4307861328125
0.0,seed,2.385000228881836,0.0,0.0,0.05441064832244448,0.019915296400988016,0.05794081188254041,0.0,177,0.0,177,0.0,0.0,0.044456422552075325,0.019915296400988203,0.048713371232833855,38,1.0,176.0,80.0
2.2550895558892825,static,2.448000192642212,0.08576714714249123,4.981344987607452,-0.05441064832244487,0.019915296400988318,0.05794081188254088,1.0314570665359497,184,0.019908451540738836,177,0.07588042883785384,3.658006706836377,-0.0444564225520753,0.019915296400988245,0.04871337123283385,38,0.10485882678062222,168.8510284423828,71.29725646972656
0.0,seed,2.4790000915527344,0.0,0.0,0.06016034558924328,0.0059168442235351,0.06045060981481299,0.0,177,0.0,177,0.0,0.0,0.04795288979012411,0.004858933459969772,0.04819843227317879,39,1.0,184.0,80.0
1.3972966052109785,ambiguous,2.4870002269744873,0.022702109171919727,4.562865080040181,-0.0027884758664231415,0.005033132506898321,0.005753956941933165,1.4425036907196045,183,0.00917081126755237,177,0.018109052992212327,3.9657647559911613,-0.005825120397989819,0.009967259651017793,0.011544621804194556,39,0.2467934404850634,177.1451416015625,72.35435485839844
1.5407964917115524,static,2.510000228881836,0.0529430357063867,4.605616367065085,-0.021935100887508118,0.01986528557516199,0.029593550343409266,1.3394616842269897,184,0.019908451540738836,177,0.04305631740174931,3.3073551481825527,-0.014234105145888553,0.016094304826360938,0.02148572542754924,39,0.21420255159166315,177.01828002929688,71.92961883544922
0.0,seed,2.5490000247955322,0.0,0.0,0.07036250692333207,0.011659268486149251,0.07132195259643462,0.0,177,0.0,177,0.0,0.0,0.06116596390600605,0.011876808804065274,0.062308376065495066,40,1.0,192.0,72.0
1.5549493968369112,ambiguous,2.558000087738037,0.024964379748914745,4.992887752392715,2.5731749773519768e-05,0.0002894404633234995,0.00029058201037801545,0.39212566614151,183,0.00917081126755237,177,0.02037132356920779,4.407548667425989,0.0,0.0,0.0,40,0.21119798007028998,184.8002471923828,64.06641387939453
1.7669349960046272,static,2.557000160217285,0.03155487617498931,6.3199892598101,-0.01861948126660048,0.0031438962115037973,0.018883039109899503,1.039731740951538,184,0.019908451540738836,177,0.02166815787035148,5.0455470493838845,-0.00790757274318778,0.003001605487865803,0.008458093295394205,40,0.17085575917200896,183.85781860351562,62.606048583984375
0.0,seed,2.6520001888275146,0.0,0.0,-0.04376606052510269,0.017270462442002445,0.04705036585243062,0.0,177,0.0,177,0.0,0.0,-0.0970930294336701,0.017270462442002546,0.09861706362272277,41,1.0,208.0,80.0
2.488529804113534,drawer,2.5850000381469727,0.027335969275253724,7.17855937374819,0.04376606052510226,0.0172704624420026,0.047050365852430276,0.6329671740531921,190,0.10665393781713517,177,0.07898998515682942,14.009749995555136,0.09709302943367004,0.017270462442002456,0.0986170636227227,41,0.08303184123487799,215.75306701660156,72.92353057861328
0.0,seed,2.805000066757202,0.0,0.0,0.03846551401299026,0.051767828562110325,0.0644942155725581,0.0,177,0.0,177,0.0,0.0,0.026371511542290824,0.04693361133198992,0.053835123234626955,42,1.0,216.0,72.0
1.2308875104948023,static,2.7760000228881836,0.00877899914119773,4.631846340648635,-0.0075133135843899945,0.00723764162787538,0.010432321762241318,0.46878278255462646,184,0.019908451540738836,177,0.018665717445834673,3.417009789675076,0.0003011354856492891,0.003387285950494256,0.003400645334511232,42,0.2920279188180322,208.9150848388672,64.74893951416016
2.0221500911117465,drawer,2.763000249862671,0.01639913937403925,5.94046106797887,-0.0122362265026357,0.019169208902360194,0.022741675597152677,0.3218277394771576,185,0.03180521933127545,177,0.032135428076677464,4.101456346371692,0.0074749903579402945,0.02424325811581427,0.025369490434797755,42,0.13236960336206421,207.59446716308594,64.53341674804688
0.0,seed,3.7680001258850098,0.0,0.0,0.060841793268318546,0.03374819507123185,0.06957488396447908,0.0,177,0.0,177,0.0,0.0,0.038235183636961836,0.03374819507123143,0.05099872486953065,43,1.0,96.0,88.0
2.1495782483954033,static,3.8020002841949463,0.10126902186772391,3.129401987353308,-0.06084179326831931,0.03374819507123129,0.06957488396447949,1.2797818183898926,186,0.045213219262714155,177,0.07905845713205384,2.535464812555065,-0.03823518363696188,0.03374819507123187,0.05099872486953097,43,0.06005162563163567,88.51215362548828,81.03895568847656
0.0,seed,3.2810001373291016,0.0,0.0,0.0,0.0,0.0,0.0,177,0.0,177,0.0,0.0,0.0,0.0,0.0,44,1.0,112.0,88.0
0.0,seed,3.1030001640319824,0.0,0.0,0.08472262505430636,0.02059156923321274,0.08718908142410249,0.0,177,0.0,177,0.0,0.0,0.0491773685052832,0.020894942078200304,0.0534323139827929,45,1.0,120.0,88.0
1.1624381006241873,static,3.114000082015991,0.05444873433508679,3.214994603323724,0.0,0.0,0.0,1.2954181432724,185,0.03180521933127545,177,0.03871244563244858,1.9316923672107256,-0.003740037217747754,0.00585912288516119,0.006951057428446261,45,0.3127223163729288,113.33321380615234,80.2536849975586
1.6108449216097183,static,3.13700008392334,0.08338891042757979,3.1184769428169576,-0.02131566047651052,0.02156522462090937,0.03032187814928601,1.2277723550796509,186,0.045213219262714155,177,0.06117834569190972,1.5166405661161368,-0.011647697762819544,0.01853655700767571,0.021892300218862404,45,0.19971877223120796,113.17024230957031,79.95539855957031
0.0,seed,2.7830002307891846,0.0,0.0,0.06612171371126532,0.013955679923102567,0.06757841390733153,0.0,177,0.0,177,0.0,0.0,0.03838180086667912,0.011464893328676944,0.040057538826135476,46,1.0,136.0,88.0
0.8530252157038706,static,2.7750000953674316,0.02358872221687225,3.3433814565750235,0.009683500787773962,0.0036343071588102144,0.010343035146000334,1.1657860279083252,184,0.019908451540738836,177,0.013702003912235305,2.343672981044569,0.0018520394839265056,0.004278280680651783,0.00466194549865837,46,0.4261238126516001,129.56202697753906,80.5095443725586
1.036529552130342,static,2.7840001583099365,0.03713855839753455,4.210650138201105,-0.009683500787774002,0.003634307158810645,0.010343035146000521,0.6631121635437012,185,0.03180521933127545,177,0.021402269694896336,2.6632630651011886,-0.005618194301084774,0.00505152641229243,0.007555264806664916,46,0.35468341669525066,128.68287658691406,79.9250717163086
1.4690355922791374,static,2.815000057220459,0.07268428448245956,4.2348374052665765,-0.03529056835388843,0.029376524905022287,0.04591736523621391,0.6060270071029663,186,0.045213219262714155,177,0.05047371974678949,2.256625905281068,-0.017817261935760484,0.027934781033081068,0.03313316788738568,46,0.23014733405904886,128.4202117919922,79.9251708984375
0.0,seed,2.51200008392334,0.0,0.0,0.09348221031942232,0.01391372158558728,0.09451198492554236,0.0,177,0.0,177,0.0,0.0,0.0584927282849005,0.011155594077069585,0.059547011187997906,47,1.0,152.0,88.0
1.2501867561589937,static,2.5280001163482666,0.0417926426859041,4.075594873470755,0.02002050285145587,0.008275669435946927,0.0216635001566741,0.5964522361755371,184,0.019908451540738836,177,0.031905924381266715,2.88799580465816,0.004939472357672772,0.00487029003677602,0.006936722007874698,47,0.28645129532082175,145.24176025390625,79.98108673095703
1.5133546826693351,static,2.5370001792907715,0.05509213554266079,5.278647286577142,-0.0002457310205819082,0.0027640755516508734,0.0027749770070597535,0.9291846752166748,185,0.03180521933127545,177,0.03935584684002258,3.449596568039325,-0.0034299937238283203,0.005653381760934087,0.0066125322139377034,47,0.22017011049860036,143.9396514892578,79.55262756347656
1.4952893076153124,static,2.5440001487731934,0.06549731734700259,5.644645132450513,-0.011161757293387238,0.008850468467215662,0.014244845312100159,1.0653445720672607,186,0.045213219262714155,177,0.043286752611332524,3.095675518892915,-0.0009380200651949221,0.010551204821529696,0.01059281854978078,47,0.22400329154332926,143.537353515625,79.21333312988281
2.484318959366076,static,2.565000057220459,0.09704464516054756,8.97721147374916,-0.07622908873423563,0.024768959048639332,0.080152200853159,1.182129144668579,187,0.05919969964910532,177,0.06827363017480037,5.415424081250354,-0.05201887111965217,0.021535241699490573,0.056300351576330857,47,0.08326641220267025,142.69651794433594,72.70658874511719
0.0,seed,2.3980000019073486,0.0,0.0,0.0732886863258867,0.009832537544403394,0.07394531991908829,0.0,177,0.0,177,0.0,0.0,0.05850117126936806,0.007830415621393265,0.05902289766431071,48,1.0,160.0,88.0
1.5399925662367673,ambiguous,2.427000045776367,0.0449925799971167,4.075256396514767,0.0,0.0,0.0,1.2889907360076904,183,0.00917081126755237,177,0.040399523817409744,3.487622450938797,-0.005616703788966134,0.003653744955797548,0.0067005383108376115,48,0.21437597375574347,153.42507934570312,80.69282531738281
1.5801949134721034,static,2.4200000762939453,0.04531901721794451,5.186649104541741,-0.010143561199454877,0.011388763617611618,0.015251090798527182,0.8173395395278931,184,0.019908451540738836,177,0.03543229891330757,3.9257164659119046,-0.005022624715234786,0.007741633806799758,0.009228198796551373,48,0.20593473385146133,152.19900512695312,79.77107238769531
0.0,seed,2.3289999961853027,0.0,0.0,-0.01686086797207937,0.02718815760141734,0.03199194871419057,0.0,177,0.0,177,0.0,0.0,-0.07598405192866312,0.027445590565098828,0.08078883950747662,49,1.0,176.0,88.0
0.9169038372229364,drawer,2.302000045776367,0.01001586997192927,2.6461532517779864,-7.651569252150114e-05,0.001499552072105401,0.0015015029364465614,1.355148434638977,187,0.05919969964910532,177,0.01875514501381792,6.649449103549219,0.0,0.0,0.0,49,0.39975483302475917,176.726806640625,79.13841247558594
2.665076869515162,drawer,2.315000057220459,0.02395957101464319,7.790675138637883,0.03121250524632129,0.05439644865904828,0.06271518245583049,1.2635525465011597,189,0.08973465676920167,177,0.01955224920499532,13.614829218891371,0.06182397805893917,0.05437688368220591,0.08233498492148003,49,0.0695926264925427,183.84457397460938,79.1647720336914
0.0,seed,2.386000156402588,0.0,0.0,-0.03458554720131059,0.040168781671390666,0.05300651937429898,0.0,177,0.0,177,0.0,0.0,-0.11492821892550743,0.036443936244509825,0.12056805544746611,50,1.0,184.0,88.0
0.7667118172349168,drawer,2.3340001106262207,0.015804152385803683,1.971207729445182,-0.007333828958178523,0.03715744000606206,0.03787427088396448,1.0077236890792847,187,0.05919969964910532,177,0.04457516737155087,5.985235165035513,-0.02847680103327012,0.03341126738841618,0.04390035290961448,50,0.46453804573066826,184.15281677246094,79.06177520751953
2.474267779882845,drawer,2.3560001850128174,0.0071349095101629345,7.4034895770124844,0.019559008198348903,0.029514582773442107,0.03540713767015692,1.2122917175292969,189,0.08973465676920167,177,0.036376910709475574,13.140598082687358,0.028950993243353686,0.03323987833449294,0.04408003540684381,50,0.08422460853816433,191.55776977539062,78.84927368164062
2.869660578398258,drawer,2.365000009536743,0.01606328649167077,8.524268438949985,0.026842432538800663,0.04345835768286435,0.0510797908873151,1.3093513250350952,190,0.10665393781713517,177,0.03559072938990537,15.459081517436514,0.053153698631738994,0.047200356772398935,0.07108578871810792,50,0.0565348073274098,193.15159606933594,79.70560455322266
0.0,seed,3.7940001487731934,0.0,0.0,0.0,0.0,0.0,0.0,177,0.0,177,0.0,0.0,0.0,0.0,0.0,51,1.0,104.0,104.0
0.0,seed,3.5280001163482666,0.0,0.0,0.0,0.0,0.0,0.0,177,0.0,177,0.0,0.0,0.0,0.0,0.0,52,1.0,112.0,104.0
0.0,seed,3.114000082015991,0.0,0.0,0.08790389030859377,0.0279005676006974,0.092225460713549,0.0,177,0.0,177,0.0,0.0,0.05221704135210076,0.026984186974138045,0.05877725541586849,53,1.0,128.0,104.0
1.3201743819345606,static,3.13700008392334,0.057221654100469976,3.731261655520154,-0.00020258269405295468,0.0003173649965916806,0.0003765106758000236,1.3579943180084229,185,0.03180521933127545,177,0.04148536539783221,2.4504935551065294,-0.004084212319270565,0.006398305812075845,0.007590725099338336,53,0.26708872245653464,120.9869155883789,96.676513671875
1.6352300240279445,static,3.1560001373291016,0.08132093538040053,3.6746098143031203,-0.015682671242046274,0.01936185266575388,0.02491641057488951,1.1512670516967773,186,0.045213219262714155,177,0.059110370644730015,2.1004387746270385,-0.0061563009358251534,0.01703263154243735,0.01811106232314586,53,0.19490753272665118,120.70718383789062,96.51053619384766
0.0,seed,2.8530001640319824,0.0,0.0,0.06741333595224534,0.012976398268100004,0.06865089057122743,0.0,177,0.0,177,0.0,0.0,0.04002217046939685,0.011595161760555568,0.04166799617614112,54,1.0,136.0,96.0
0.8147444385903181,static,2.8520002365112305,0.028242119714565028,2.9995369385208317,0.011141202892558485,0.0031811969348201803,0.011586475556926828,1.456484079360962,184,0.019908451540738836,177,0.018355401409928085,2.0196775043932087,0.0036584889504487315,0.0035348229917416085,0.005087191266652018,54,0.44275246334781254,129.88302612304688,88.81973266601562
1.0675046844071077,static,2.8620002269744873,0.042493254837543404,4.029196790695252,-0.011141202892558525,0.0031811969348206053,0.011586475556926983,0.8183932304382324,185,0.03180521933127545,177,0.02675696613490519,2.495788563639248,-0.006727149044131593,0.0043932159897007534,0.008034605217067168,54,0.3438655006979119,128.91978454589844,88.06368255615234
1.3014149297182842,static,2.88100004196167,0.06596390482132808,4.154888671282416,-0.029113006343926388,0.019569123010025606,0.03507873592025533,0.7743424773216248,186,0.045213219262714155,177,0.04375334008565801,2.1153916422212573,-0.011290952564060737,0.01859029012119531,0.021750505662951416,54,0.2721464523801314,128.5524444580078,87.83777618408203
0.0,seed,2.574000120162964,0.0,0.0,0.1050799148848222,0.013119264706789601,0.10589572049260673,0.0,177,0.0,177,0.0,0.0,0.06917825109989528,0.01242880280337307,0.07028588453142848,55,1.0,152.0,96.0
1.3162665450639055,static,2.5930001735687256,0.04258648336433524,4.267888936013658,0.028809068874977892,0.005643003167148068,0.029356531371871285,0.4542873799800873,184,0.019908451540738836,177,0.03269976505969785,3.0948907472224936,0.01281585663078971,0.007490417174050752,0.014844276022166626,55,0.268134503654188,145.0786895751953,88.01746368408203
1.848689259721141,static,2.6130001544952393,0.06661571747233097,5.827906509300581,-0.0028164525735030043,0.009229091625548094,0.009649276518555868,1.1538020372390747,185,0.03180521933127545,177,0.0508794287696932,4.0245917533914985,-0.006912897027154502,0.014169514991699774,0.015765890409616776,55,0.15744336099232714,143.4469451904297,87.48894500732422
2.1636405736038515,static,2.640000104904175,0.09693055218060387,5.675840993197078,-0.020393722072925363,0.03154556930540495,0.037563637241218126,1.19627845287323,186,0.045213219262714155,177,0.07471998744493424,3.2752495079750203,-0.011082166595138134,0.03193992090524382,0.03380788316170693,55,0.1148996789564509,143.3316650390625,87.72998046875
2.3924276301833935,static,2.629000186920166,0.09536387414367953,8.68144297590634,-0.06029954375999981,0.019493624845260002,0.06337220516339849,1.1902830600738525,187,0.05919969964910532,177,0.06659285915793234,5.1544849092878,-0.03700150789582143,0.01309092783562255,0.039248999709062815,55,0.08860330252444705,142.97882080078125,81.0364761352539
0.0,seed,2.4590001106262207,0.0,0.0,0.041134352390311504,0.003924521442236089,0.04132114247114782,0.0,177,0.0,177,0.0,0.0,0.03118012661994197,0.003924521442236202,0.0314261382385139,56,1.0,160.0,96.0
1.557754893779553,static,2.4760000705718994,0.03818825103351209,5.420587626107202,-0.04113435239031153,0.003924521442236184,0.04132114247114786,1.009157419204712,184,0.019908451540738836,177,0.028301532728875145,4.163401077974246,-0.031180126619942343,0.003924521442235961,0.031426138238514235,56,0.21060837899355064,152.16073608398438,87.46402740478516
0.0,seed,2.4660000801086426,0.0,0.0,0.0,0.0,0.0,0.0,177,0.0,177,0.0,0.0,0.0,0.0,0.0,57,1.0,176.0,96.0
0.0,seed,3.204000234603882,0.0,0.0,0.0,0.0,0.0,0.0,177,0.0,177,0.0,0.0,0.0,0.0,0.0,58,1.0,208.0,96.0
0.0,seed,3.3990001678466797,0.0,0.0,0.0,0.0,0.0,0.0,177,0.0,177,0.0,0.0,0.0,0.0,0.0,59,1.0,216.0,96.0
0.0,seed,3.642000198364258,0.0,0.0,0.0,0.0,0.0,0.0,177,0.0,177,0.0,0.0,0.0,0.0,0.0,60,1.0,112.0,112.0
0.0,seed,3.4240002632141113,0.0,0.0,0.0,0.0,0.0,0.0,177,0.0,177,0.0,0.0,0.0,0.0,0.0,61,1.0,120.0,112.0
0.0,seed,3.0300002098083496,0.0,0.0,0.08420819234114411,0.03880448755066478,0.09271897276950829,0.0,177,0.0,177,0.0,0.0,0.0485213433846511,0.038377183835075386,0.061863793958683105,62,1.0,136.0,112.0
1.4955554216279456,static,3.065000057220459,0.06296803488602798,3.935832809396928,-0.0022240924818771116,0.0034842517334970602,0.004133593776645156,1.2898918390274048,185,0.03180521933127545,177,0.04723174618338977,2.7534907445056565,-0.006105722107094707,0.009565192548981203,0.01134780820018344,62,0.22412360587049462,128.80374145507812,105.3758316040039
1.6506811554835834,static,3.079000234603882,0.08129885385181446,3.7469469050886355,-0.013578639158077844,0.012756378343782447,0.01863074421044438,1.196953296661377,186,0.045213219262714155,177,0.05908828911614483,2.209856046461231,-0.0040522688518567235,0.009710228297979063,0.010521854230438738,62,0.19191913731522753,128.71182250976562,104.9289321899414
0.0,seed,2.870000123977661,0.0,0.0,0.09271877755056401,0.036559226407842274,0.09966618657303411,0.0,177,0.0,177,0.0,0.0,0.057031928594070996,0.037008892403914896,0.06798749146809112,63,1.0,144.0,112.0
1.6660624942977933,static,2.9140000343322754,0.06902998474766608,4.431584010271533,-0.0022327903784197392,0.0034978778130568687,0.004149759278444867,1.0673952102661133,185,0.03180521933127545,177,0.053293696045028316,3.000941793773299,-0.006114420003637342,0.00957881862854102,0.011363973701983165,63,0.18893094917545647,136.4780731201172,104.89271545410156
1.820072799787821,static,2.92900013923645,0.08772828950394285,4.265236166210186,-0.012862851715795298,0.01360934951159598,0.018726114076105478,0.7009736895561218,186,0.045213219262714155,177,0.06551772476827278,2.380812049056921,-0.0033364814095741767,0.011060496497019234,0.011552778495107087,63,0.16201322200732746,136.37892150878906,104.62743377685547
0.0,seed,2.8540000915527344,0.0,0.0,0.0,0.0,0.0,0.0,177,0.0,177,0.0,0.0,0.0,0.0,0.0,64,1.0,176.0,112.0
0.0,seed,3.015000104904175,0.0,0.0,-0.056591256578874365,0.027573777063560054,0.06295143765417038,0.0,177,0.0,177,0.0,0.0,-0.20670604058955472,0.02757377706355985,0.20853704802207582,65,1.0,184.0,112.0
2.8465481425777903,drawer,2.955000162124634,0.014054447599856967,8.474339784289764,0.05659125657887473,0.027573777063559953,0.06295143765417067,1.0893818140029907,213,0.3002295680213606,177,0.17483519890592003,24.897630435518483,0.206706040589555,0.027573777063560064,0.2085370480220761,65,0.04179029768652296,208.16151428222656,105.17588806152344
0.0,seed,3.380000114440918,0.0,0.0,0.0,0.0,0.0,0.0,177,0.0,177,0.0,0.0,0.0,0.0,0.0,66,1.0,200.0,112.0
0.0,seed,3.823000192642212,0.0,0.0,0.0,0.0,0.0,0.0,177,0.0,177,0.0,0.0,0.0,0.0,0.0,67,1.0,112.0,120.0
0.0,seed,3.696000099182129,0.0,0.0,0.05228501757479458,0.029247905872948204,0.05990962410789619,0.0,177,0.0,177,0.0,0.0,0.029678407943437884,0.02924790587294823,0.041668308053123014,68,1.0,120.0,128.0
1.790897722036534,static,3.750000238418579,0.08835391119694336,3.202548000979495,-0.05228501757479495,0.029247905872948142,0.059909624107896485,1.3041213750839233,186,0.045213219262714155,177,0.06614334646127373,2.063196918860461,-0.02967840794343751,0.029247905872948284,0.04166830805312279,68,0.16680520279637143,112.94866943359375,121.07505798339844
0.0,seed,3.2270002365112305,0.0,0.0,0.0,0.0,0.0,0.0,177,0.0,177,0.0,0.0,0.0,0.0,0.0,69,1.0,136.0,128.0
0.0,seed,3.0410001277923584,0.0,0.0,0.0,0.0,0.0,0.0,177,0.0,177,0.0,0.0,0.0,0.0,0.0,70,1.0,144.0,128.0
0.0,seed,3.1740002632141113,0.0,0.0,-0.005895264918436741,0.05139013622889869,0.051727171294043486,0.0,177,0.0,177,0.0,0.0,-0.021797874584074485,0.05139013622889855,0.05582197988254977,71,1.0,176.0,128.0
2.160676101362968,drawer,3.135000228881836,0.027437598407222374,6.146711988881298,0.005895264918436782,0.051390136228898514,0.05172717129404332,1.120762825012207,185,0.03180521933127545,177,0.04317388710986059,6.213879461135451,0.021797874584074447,0.05139013622889872,0.055821979882549916,71,0.11481296955298095,168.71604919433594,126.52200317382812
0.0,seed,3.184000253677368,0.0,0.0,0.0,0.0,0.0,0.0,177,0.0,177,0.0,0.0,0.0,0.0,0.0,72,1.0,184.0,120.0
0.0,seed,3.5890002250671387,0.0,0.0,0.0,0.0,0.0,0.0,177,0.0,177,0.0,0.0,0.0,0.0,0.0,73,1.0,200.0,120.0
0.0,seed,3.8510000705718994,0.0,0.0,0.0,0.0,0.0,0.0,177,0.0,177,0.0,0.0,0.0,0.0,0.0,74,1.0,120.0,136.0
0.0,seed,3.3390002250671387,0.0,0.0,-0.016897142751784448,0.0314758003141248,0.035724493538591154,0.0,177,0.0,177,0.0,0.0,-0.016897142751784448,0.0314758003141248,0.035724493538591154,75,1.0,136.0,136.0
0.7799768375813256,ambiguous,3.3530001640319824,0.016234682929601618,1.9981796901696214,0.0,0.0,0.0,1.0510022640228271,178,0.0,177,0.016234682929601618,1.9981796901696214,0.0,0.0,0.0,75,0.4584165745726274,135.8665313720703,135.13400268554688
1.7631448466436674,ambiguous,3.3630001544952393,0.03222785296522446,4.704869674258457,0.023793782339686955,0.0406973578841292,0.047142539354359046,1.3721864223480225,181,0.00019289409045231132,177,0.03213113542048962,4.713137758421375,0.023986676430139377,0.04069735788412922,0.047240190356444355,75,0.17149423206263983,135.86448669433594,134.5517120361328
0.0,seed,3.1430001258850098,0.0,0.0,-0.011078338587720737,0.010153144242358901,0.015027172850217967,0.0,177,0.0,177,0.0,0.0,-0.011078338587720737,0.010153144242358901,0.015027172850217967,76,1.0,144.0,136.0
0.6383751219351412,ambiguous,3.142000198364258,0.0003905063058189384,1.91490140252511,0.011078338587720737,0.010153144242358901,0.015027172850217967,1.1676836013793945,178,0.0,177,0.0003905063058189384,1.91490140252511,0.011078338587720737,0.010153144242358901,0.015027172850217967,76,0.528148143509613,143.53689575195312,135.14952087402344
0.0,seed,2.9770002365112305,0.0,0.0,-0.013961368236366933,0.021871806984616243,0.02594794295900435,0.0,177,0.0,177,0.0,0.0,-0.07840919108367864,0.02782588653110349,0.0832002476416908,77,1.0,160.0,136.0
0.8975530074069199,drawer,2.9900002479553223,0.029260631331316844,1.5602482300001583,-0.010049160866020139,0.023827615665218977,0.025860025181746044,0.6543459892272949,188,0.07293716335462896,177,0.006311768317305955,5.63991831264428,-0.0015598203587027203,0.01754544993240025,0.017614648815170497,77,0.401260308671213,160.06199645996094,127.8912353515625
2.985089563015818,drawer,2.9640002250671387,0.0037121761766742978,8.950939804049694,0.07665167604524747,0.07515336229348035,0.10734760036703513,1.1049025058746338,191,0.12346363394546822,177,0.056458455220012915,15.144947700475822,0.13566748714340404,0.0706982022595767,0.15298334180734097,77,0.050509585115189326,168.4151153564453,129.3390350341797
0.0,seed,3.1590001583099365,0.0,0.0,-0.0007058213993164711,0.06167634926485508,0.06168038782699183,0.0,177,0.0,177,0.0,0.0,-0.016608431064954174,0.06167634926485514,0.06387340636821973,78,1.0,168.0,136.0
2.6725555282830853,ambiguous,3.183000087738037,0.033738983243051024,7.607886246883042,0.0007058213993164711,0.06167634926485508,0.06168038782699183,1.4108076095581055,185,0.03180521933127545,177,0.01800269454041281,8.033260787087572,0.016608431064954174,0.06167634926485514,0.06387340636821973,78,0.036084576854834044,160.9182891845703,136.5899658203125
0.0,seed,3.635000228881836,0.0,0.0,0.0,0.0,0.0,0.0,177,0.0,177,0.0,0.0,0.0,0.0,0.0,79,1.0,184.0,136.0
0.0,seed,3.7180001735687256,0.0,0.0,-0.034440548047448324,0.03213608434129064,0.04710498133530191,0.0,177,0.0,177,0.0,0.0,-0.034440548047448324,0.03213608434129064,0.04710498133530191,80,1.0,128.0,144.0
0.887356133741363,ambiguous,3.7380001544952393,0.0215146775357411,2.117286136081833,-0.015423708043372326,0.008262798964216196,0.017497560302231863,0.6595374345779419,178,0.0,177,0.0215146775357411,2.117286136081833,-0.015423708043372326,0.008262798964216196,0.017497560302231863,80,0.4117379507128993,128.04940795898438,143.23753356933594
1.4079227202212674,ambiguous,3.7290000915527344,0.01906801247939649,3.974296011625036,0.01703226507209937,0.021310200861964942,0.027280445639020403,1.4243227243423462,179,0.0,177,0.01906801247939649,3.974296011625036,0.01703226507209937,0.021310200861964942,0.027280445639020403,80,0.24444315133466976,127.38066864013672,143.15475463867188
1.197468344849732,ambiguous,3.701000213623047,0.01266148957352442,3.464622853538936,0.028174637650261358,0.009244951730068885,0.029652644725468056,1.135364055633545,180,0.0,177,0.01266148957352442,3.464622853538936,0.028174637650261358,0.009244951730068885,0.029652644725468056,80,0.2997706969688092,128.50331115722656,142.64456176757812
0.0,seed,3.4660000801086426,0.0,0.0,-0.0176771021764833,0.017304261075392683,0.024736964096735495,0.0,177,0.0,177,0.0,0.0,-0.0176771021764833,0.017304261075392683,0.024736964096735495,81,1.0,136.0,144.0
0.8211984633021981,ambiguous,3.4850001335144043,0.019620416589488876,1.9758284445968208,-0.0016964507646917812,0.01908232046633682,0.019157580733928814,0.7248468399047852,178,0.0,177,0.019620416589488876,1.9758284445968208,-0.0016964507646917812,0.01908232046633682,0.019157580733928814,81,0.43990192699609904,135.89405822753906,143.12771606445312
1.0280182547005952,ambiguous,3.451000213623047,0.012032995863809237,2.949056327416473,0.032645045876654386,0.007135401494261847,0.03341575937747314,1.4586883783340454,180,0.0,177,0.012032995863809237,2.949056327416473,0.032645045876654386,0.007135401494261847,0.03341575937747314,81,0.3572233575651961,136.08334350585938,142.26979064941406
0.0,seed,3.245000123977661,0.0,0.0,0.0072236736589259285,0.04877567549587203,0.049307686836935184,0.0,177,0.0,177,0.0,0.0,0.0072236736589259285,0.04877567549587203,0.049307686836935184,82,1.0,144.0,144.0
1.550973007082727,ambiguous,3.302000045776367,0.05683901119243373,1.8647033827908368,-0.004051914936398569,0.015568406435356629,0.01608705360183348,0.9120878577232361,178,0.0,177,0.05683901119243373,1.8647033827908368,-0.004051914936398569,0.015568406435356629,0.01608705360183348,82,0.2120409488286987,143.35891723632812,143.1639404296875
1.079892627617941,ambiguous,3.255000114440918,0.01176858964551597,3.117122384431939,0.040648366336755046,0.010712748379405819,0.04203632552552022,1.3384952545166016,180,0.0,177,0.01176858964551597,3.117122384431939,0.040648366336755046,0.010712748379405819,0.04203632552552022,82,0.33947024406622534,143.602783203125,142.69680786132812
1.8802559917209467,static,3.321000099182129,0.09132041362141763,3.8283323566844243,-0.09293391621308386,0.01540652141194387,0.09420230190774097,1.3677213191986084,186,0.045213219262714155,177,0.06910984888574756,2.2253764347715608,-0.04772069695036973,0.015406521411944004,0.0501460449033193,82,0.07592289395009477,136.63217163085938,137.02761840820312
0.0,seed,3.1540000438690186,0.0,0.0,0.0,0.0,0.0,0.0,177,0.0,177,0.0,0.0,0.0,0.0,0.0,83,1.0,160.0,144.0
0.0,seed,3.6180002689361572,0.0,0.0,0.0,0.0,0.0,0.0,177,0.0,177,0.0,0.0,0.0,0.0,0.0,84,1.0,176.0,144.0
0.0,seed,3.7370002269744873,0.0,0.0,0.0,0.0,0.0,0.0,177,0.0,177,0.0,0.0,0.0,0.0,0.0,85,1.0,184.0,144.0
0.0,seed,3.190000057220459,0.0,0.0,-0.009872883858462387,0.005193074444631804,0.01115535108681816,0.0,180,0.0,180,0.0,0.0,-0.014458289492238055,0.005193074444632179,0.015362622081820968,86,1.0,136.0,24.0
0.45831298830329736,ambiguous,3.181000232696533,0.0009588313444348628,1.3730570894996363,0.00987288385846236,0.005193074444631956,0.011155351086818205,0.5835223197937012,183,0.00917081126755237,180,0.0055518875241413745,1.7358389137000492,0.01445828949223882,0.005193074444631735,0.015362622081821537,86,0.6323495272255042,135.91297912597656,24.144886016845703
0.0,seed,3.078000068664551,0.0,0.0,-0.0326188817230297,0.01852478934472054,0.037512121575928925,0.0,180,0.0,180,0.0,0.0,-0.05395367999830153,0.01963585416097467,0.057415732634794346,87,1.0,152.0,32.0
0.9510812936594161,ambiguous,3.0330002307891846,0.02968766641828413,1.7841985586450764,0.014138268703657919,0.005822700103437532,0.015290339382479527,1.2561763525009155,181,0.00019289409045231132,180,0.029784383963019856,1.790654738301886,-0.007003635481161489,0.004942485934778301,0.00857199376857365,87,0.38632154908570826,152.86441040039062,31.374534606933594
0.30294221051811077,ambiguous,3.068000078201294,0.003952804295174861,0.8591141505179387,-0.017849364413324752,0.017859518693421915,0.025249994414263757,0.621610701084137,183,0.00917081126755237,180,0.00854586047488226,1.2520415691266966,-0.03001335142104408,0.01878864026297407,0.035409239845759735,87,0.7386416928099692,151.4690399169922,32.01394271850586
0.8304866967041431,drawer,3.0340001583099365,0.025635926927514596,1.5844933464874986,0.007719275013810322,0.0039728097612481954,0.008681614143574068,0.785789966583252,184,0.019908451540738836,180,0.03552264523215154,2.3045161783692847,0.006292928279277201,0.0031045442606508927,0.007017060737550097,87,0.43583711420696153,151.61058044433594,31.65235710144043
0.6963008250700142,drawer,3.0440001487731934,0.008207722282835839,1.9961402342790806,-0.00584462607632169,0.01189755658050291,0.01325562169640819,0.802570641040802,185,0.03180521933127545,180,0.02394401098547405,3.0075307277490952,0.004625794979681914,0.011076169980071745,0.012003312901923904,87,0.4984254238338655,151.2347869873047,31.42117691040039
0.8159964298884405,drawer,3.0310001373291016,0.016571104154791794,2.109032518645276,0.001155747536423521,0.012348192585944957,0.012402161606249738,1.054819941520691,186,0.045213219262714155,180,0.038781668890462306,3.5590662099077295,0.02503416852386585,0.011092034073845049,0.02738143191245949,87,0.4421217625040841,151.3345184326172,31.15614891052246
0.0,seed,3.1410000324249268,0.0,0.0,-0.012103658264335697,0.014190526668345829,0.018651262437295122,0.0,180,0.0,180,0.0,0.0,-0.03597855366565517,0.01049290634598589,0.03747742530454914,88,1.0,160.0,32.0
0.3093330587790855,ambiguous,3.1410000324249268,0.005386626097524605,0.8354453481607145,-0.005749281002887486,0.02214283490722197,0.022877048974433982,0.7517992258071899,183,0.00917081126755237,180,0.0007935699178172051,1.2474117373936406,-0.02045336513665482,0.016811826723154694,0.02647598276141426,88,0.7339362853915073,159.6444549560547,31.783472061157227
0.6606596910950863,drawer,3.1040000915527344,0.011857949819611857,1.771243720840178,0.012326533796651766,0.01266189980859062,0.017671082089186996,1.2999037504196167,185,0.03180521933127545,180,0.02759423852225007,2.6415926924010718,0.02025685772660772,0.01759843834804358,0.026833660153730756,88,0.5165083912321665,158.94049072265625,31.267776489257812
0.7396763889942363,drawer,3.0950000286102295,0.016708710860543263,1.8313102452002825,0.015682963052244227,0.016939496576543103,0.023084667516877367,1.3414578437805176,186,0.045213219262714155,180,0.03891927559621333,3.1243315003380765,0.037021286913638915,0.02218691091744962,0.04316056881924538,88,0.44066403345000404,159.0618438720703,30.999731063842773
0.0,seed,3.26200008392334,0.0,0.0,0.0005347815473071847,0.006015425308882,0.006039150018841921,0.0,180,0.0,180,0.0,0.0,-0.003961000138253055,0.008711776683472613,0.009569983023910638,89,1.0,176.0,32.0
0.6713124939625605,ambiguous,3.2870001792907715,0.028970587103780865,0.5193014599670978,-0.019521474281867318,0.03044457463405848,0.03616573077910032,0.9814697504043579,183,0.00917081126755237,180,0.02437753092407391,0.8445170823967,-0.014846444699875432,0.023535568119028634,0.02782696330740917,89,0.5110372820789688,175.3662567138672,31.261642456054688
0.3331344688764785,drawer,3.239000082015991,0.007097638419718777,0.8458365793913817,0.013434525339732002,0.01185749410870633,0.017918890524859694,1.232283115386963,184,0.019908451540738836,180,0.01698435672435572,1.4364055212740938,0.028847195194910854,0.01876550694009694,0.03441373158104355,89,0.7166551927024828,175.15419006347656,31.251686096191406
0.0,seed,3.0330002307891846,0.0,0.0,-0.01930469442302721,0.026829866177798634,0.033053183596819254,0.0,180,0.0,180,0.0,0.0,-0.026312790171121776,0.025461308076197665,0.03661476663233744,90,1.0,96.0,40.0
0.5947100104241162,ambiguous,3.0230002403259277,0.0038917239958902172,1.7600927370168071,-0.005893479500806195,0.008184543057582446,0.010085625696398011,1.102117657661438,181,0.00019289409045231132,180,0.0037950064511549364,1.7648285519448068,-0.012708681158448335,0.0068454507046645284,0.014435053589685486,90,0.551722470685708,96.10848999023438,39.437278747558594
1.4096326066254978,ambiguous,3.014000177383423,0.012152392676299861,4.129512456369621,0.017600791524373185,0.01566804047180171,0.02356428132811318,1.4590537548065186,182,0.0011284266228279716,180,0.011595226522624014,4.165859892650061,0.011721122399106422,0.017102560518388713,0.020733602836458084,90,0.24422958982057735,96.40052032470703,39.014739990234375
1.108698371686753,drawer,3.00600004196167,0.01241715753958017,3.193057090276062,0.005893479500806195,0.008184543057582446,0.010085625696398011,1.1221755743026733,186,0.045213219262714155,180,0.009793407196089898,4.73903535079425,0.04409860301542577,0.00955139532791276,0.04512112521449562,90,0.32998741689316125,95.6348648071289,39.140663146972656
0.0,seed,2.704000234603882,0.0,0.0,-0.04504435371917529,0.01407414472681399,0.04719189921765691,0.0,180,0.0,180,0.0,0.0,-0.06921996405649969,0.01540038804986227,0.07091244866784287,91,1.0,120.0,40.0
0.48322036939576896,ambiguous,2.696000099182129,0.0001605742504580121,1.4496110833893021,-0.028013387945693698,0.01713804419776872,0.032839952239925856,0.38807934522628784,183,0.00917081126755237,180,0.004753630430164968,1.8711524429150763,-0.0430181870154656,0.01831189426658406,0.0467535013205228,91,0.6167938123723574,119.88638305664062,40.20241928100586
1.009248639876718,drawer,2.6610000133514404,0.0234048625172405,2.4669698342654236,0.004306637683057037,0.0011117725258115232,0.004447827141681229,0.49704036116600037,184,0.019908451540738836,180,0.033291580821877886,3.3157438093572504,3.9478886471360866e-05,0.0004440734614762068,0.0004458248777989837,91,0.3644923509648439,120.1032485961914,40.01580047607422
1.1004564914794293,drawer,2.6520001888275146,0.026035004482339197,2.662009523513897,0.007994538374613292,0.005686826934158648,0.009810843205465918,0.6523328423500061,185,0.03180521933127545,180,0.04177129318497741,3.989082882639863,0.015624147368564326,0.00441760813756021,0.01623666353200847,91,0.332716706442577,119.88558959960938,39.6904182434082
0.9955755827366678,drawer,2.6550002098083496,0.01700153645209035,2.7008550143856236,0.0006161134555437596,0.004873505815039537,0.004912296277641064,1.377132534980774,186,0.045213219262714155,180,0.03921210118775997,4.658610475773284,0.021653722380933525,0.004607441338083785,0.022138478010794344,91,0.35581554536321625,120.18128204345703,39.006935119628906
0.0,seed,2.7910001277923584,0.0,0.0,-0.016489441858514288,0.022354048962813865,0.027777782449958148,0.0,180,0.0,180,0.0,0.0,-0.03587730711769017,0.027208075254389053,0.04502733086765814,92,1.0,136.0,40.0
0.653581048561454,ambiguous,2.7880001068115234,0.0037036438279081096,1.940967718517157,0.0006551471642694123,0.007369343338102776,0.0073984078720823465,0.9806111454963684,183,0.00917081126755237,180,0.0008894123517992902,2.3616553306884613,-0.009561906827353955,0.008556026791784828,0.012831042694837314,92,0.5201796488247677,136.7082061767578,39.79330825805664
0.7966439247260627,drawer,2.7740001678466797,0.0012054200743012444,2.388221210226694,0.010974167118918568,0.006202006412825454,0.012605444359429837,0.6641526222229004,184,0.019908451540738836,180,0.008681298230335255,3.3315449353523756,0.011494753400481408,0.01193608811902406,0.01657104569189845,92,0.45083947922699025,136.89808654785156,39.4571533203125
0.8451296427715342,drawer,2.7690000534057617,0.0027357970159123113,2.5270726593113078,0.011398722642644328,0.011825318802498276,0.016424647413708818,0.4988032877445221,185,0.03180521933127545,180,0.013000491686726345,3.9979093215667962,0.023816076714743895,0.017253402572987533,0.029408934194018986,92,0.42950162161338107,136.60690307617188,39.274383544921875
0.8891931758276035,drawer,2.75600004196167,0.005063918875764628,2.6404047259948777,0.01931095745276561,0.0180810812819423,0.026454462346960066,0.5723350048065186,186,0.045213219262714155,180,0.027274483611434697,4.711853027107279,0.04513631145630389,0.023755216787759003,0.05100585198302148,92,0.4102295045602099,136.6996307373047,38.99522399902344
2.662401517202182,drawer,2.820000171661377,0.07676151396097275,5.536341766483836,-0.040692499830701695,0.0919397431888827,0.10054250802575675,0.8210096955299377,188,0.07293716335462896,180,0.04118911431234995,8.620162751481434,0.012856798264751557,0.08629194780635344,0.08724446984098731,92,0.04314293584441294,142.60877990722656,32.78432846069336
2.23378656867269,drawer,2.7980000972747803,0.05815818638509285,5.087471330550631,-0.026279425702617838,0.07380221726225573,0.07834140340895489,0.5130136609077454,189,0.08973465676920167,180,0.014646366165454339,8.992934513588354,0.0440673658074079,0.06811532871024079,0.08112725025851707,92,0.0684516067412157,142.87013244628906,32.524112701416016
0.0,seed,2.828000068664551,0.0,0.0,-0.013499427448044292,0.013258742015777484,0.0189216484817247,0.0,180,0.0,180,0.0,0.0,-0.02882753780004852,0.015099669467389375,0.03254269432050206,93,1.0,144.0,40.0
0.5098535434277669,ambiguous,2.828000068664551,0.006093427801219242,1.4596918325074202,-0.0033063105496248394,0.006579342088533119,0.007363384532163444,0.7983230948448181,183,0.00917081126755237,180,0.0015003716215118423,1.8864994770077352,-0.009463609634076565,0.004956312258498995,0.010682927431651596,93,0.6005834601817314,144.26803588867188,39.69521713256836
0.5640167382488259,drawer,2.813000202178955,0.0024388367095342645,1.6821346123110612,0.004883268445342456,0.0037125982582851044,0.006134304894337982,1.1364145278930664,184,0.019908451540738836,180,0.007447881595102679,2.6324516972219865,0.009463609634076936,0.004956312258499201,0.010682927431652021,93,0.5689192683871485,144.32760620117188,39.199424743652344
0.6468941048169198,drawer,2.809000015258789,0.005038849769121612,1.9035306817255957,0.004889197900671609,0.010761309495850713,0.01181990009168514,1.0765644311904907,185,0.03180521933127545,180,0.010697438933516601,3.351264827903013,0.021366306879942815,0.011787419528380432,0.02440209681207613,93,0.523669404681267,144.05938720703125,39.045440673828125
0.0,seed,2.9210002422332764,0.0,0.0,8.51369376790446e-05,0.0030788679974574876,0.003080044876933653,0.0,180,0.0,180,0.0,0.0,-0.005834492901315393,0.009481885024663508,0.01113316895750881,94,1.0,160.0,40.0
0.4284535962652963,ambiguous,2.932000160217285,0.015842020407249358,0.5662363874820289,-0.008109848800612933,0.0178330346596975,0.01959047658283931,0.8683701157569885,183,0.00917081126755237,180,0.011248964227542402,0.9697264453396206,-0.00485866737205486,0.008926821044202535,0.010163404084630685,94,0.6514626209043574,159.43649291992188,39.381195068359375
0.3056599764306231,drawer,2.8970000743865967,0.008098507801977295,0.6869730014665836,0.013454707683160375,0.00875247692884417,0.016051012778925955,1.1345584392547607,184,0.019908451540738836,180,0.017985226106614238,1.4915198080631444,0.027443529384904658,0.01785240255260713,0.032739205579861874,94,0.7365099840084444,159.21742248535156,38.997764587402344
0.0,seed,2.9720001220703125,0.0,0.0,0.007960271628534656,0.012854415185515895,0.015119587102883313,0.0,180,0.0,180,0.0,0.0,0.0033748659947581937,0.012854415185515783,0.013290060580907596,95,1.0,168.0,40.0
0.5785700230753903,ambiguous,2.992000102996826,0.024187099003610157,0.5634639939541786,-0.007960271628534254,0.01285441518551571,0.015119587102882944,1.2349566221237183,183,0.00917081126755237,180,0.0195940428239032,0.9236356435969547,-0.003374865994758223,0.012854415185515736,0.013290060580907558,95,0.5606582067016885,167.4042510986328,39.26724624633789
0.0,seed,3.0830001831054688,0.0,0.0,0.011674180169377628,0.011622227652932728,0.016473088910210012,0.0,180,0.0,180,0.0,0.0,0.007088774535601164,0.011622227652932601,0.013613482289009625,96,1.0,184.0,40.0
0.5232421795258696,ambiguous,3.1040000915527344,0.023807579249806476,0.656007739839997,-0.011674180169377194,0.011622227652932582,0.016473088910209602,1.2157924175262451,183,0.00917081126755237,180,0.019214523070099077,0.6223369154653184,-0.007088774535601164,0.011622227652932601,0.013613482289009625,96,0.592590546172694,182.8962860107422,38.9015998840332
0.0,seed,3.200000047683716,0.0,0.0,0.0,0.0,0.0,0.0,180,0.0,180,0.0,0.0,0.0,0.0,0.0,97,1.0,200.0,40.0
0.0,seed,3.704000234603882,0.0,0.0,-0.0009787615400915078,0.03727886550893578,0.037291712052219914,0.0,180,0.0,180,0.0,0.0,-0.028990504414979763,0.03976482213798804,0.0492106739021199,98,1.0,80.0,56.0
1.0084822129412674,ambiguous,3.7210001945495605,0.031211571135072447,1.9207332578977137,-0.006918158796602419,0.004500359776164248,0.00825313026977792,0.41633573174476624,181,0.00019289409045231132,180,0.03111485359033761,1.9255059006432378,-0.03473700758103863,0.0076492267041875514,0.03556923340272026,98,0.36477211919066366,80.3541488647461,55.665348052978516
1.6791081335741669,ambiguous,3.699000120162964,0.029334835211706434,4.531461296928753,0.03381121676240301,0.027340224718892997,0.043482022338361515,0.5188948512077332,182,0.0011284266228279716,180,0.028777669058030142,4.561663302999412,0.006927900510342612,0.025185238750636683,0.026120720824812187,98,0.18654018192732402,80.22367858886719,55.68197250366211
0.3879215813925394,ambiguous,3.681000232696533,0.008973867638442101,0.9494026754145107,0.023217310884029778,0.03300804596484075,0.04035560212786729,0.7471729516983032,183,0.00917081126755237,180,0.013566923818149057,1.227841497114647,0.004376379276693706,0.035525626906301004,0.03579417358536403,98,0.6784655455013423,79.19544982910156,55.9010124206543
0.8346625173403002,ambiguous,3.6760001182556152,0.001034469350255307,2.5027852878782166,0.029355728738867725,0.013491268794871001,0.0323074781356491,1.1170156002044678,184,0.019908451540738836,180,0.008852248954381636,2.992661744929357,0.02125243740471858,0.012567487015672143,0.024690237453912207,98,0.43401001425974034,78.75289916992188,56.10724639892578
1.3104027923497015,ambiguous,3.704000234603882,0.03609209488166876,2.8741232728757202,-0.004309052568182201,0.015815417250526008,0.016391929625385573,1.4044952392578125,185,0.03180521933127545,180,0.02035580617903099,3.622655214002673,-0.0005155761117949886,0.012825155933004082,0.01283551492667604,98,0.2689551311010786,78.37114715576172,55.9907341003418
2.0777694394365502,ambiguous,3.7340002059936523,0.07655233812638063,3.6255059713815534,-0.03604604021463634,0.04260422890527627,0.05580714412840312,1.264768362045288,186,0.045213219262714155,180,0.05434177339071056,4.7162854244990315,-0.0188445638268104,0.0407054693191884,0.044855911743248725,98,0.12491521065411532,78.25819396972656,55.76129150390625
0.0,seed,3.444000244140625,0.0,0.0,-0.004107678153332051,0.0243045541541941,0.02464922660948037,0.0,180,0.0,180,0.0,0.0,-0.028515450874918108,0.026434337488175065,0.038883224365253016,99,1.0,88.0,56.0
0.6470611626367828,ambiguous,3.446000099182129,0.0153291531401476,1.5642740687720957,0.0,0.0,0.0,0.4334477186203003,181,0.00019289409045231132,180,0.01523243559541232,1.569407827506485,-0.02421487863113401,0.002625454853529129,0.024356792898665252,99,0.5235819289191506,88.26741027832031,55.33598327636719
1.382916245041002,ambiguous,3.42900013923645,0.016389110902091275,3.9624770584545788,0.03133881554839921,0.025686060634551505,0.04052030442751441,0.5197648406028748,182,0.0011284266228279716,180,0.015831944748415427,3.9948619752223493,0.008059469449640946,0.02341752685306452,0.02476561349378798,99,0.25084532911932245,88.00032806396484,55.22452926635742
0.3626286958976942,ambiguous,3.4210002422332764,0.01069181304790634,0.7351700600079872,0.017401261621013693,0.023766466178357145,0.02945587921977475,0.8673171997070312,183,0.00917081126755237,180,0.015284869227612852,1.045109031304257,0.002164300166979755,0.02585834099781702,0.025948757087232002,99,0.6958446725992534,87.15133666992188,55.71896743774414
0.6715810394106061,ambiguous,3.4210002422332764,0.003211282060892273,2.0002957187108104,0.015909438677000006,0.00872267580291104,0.01814374030292303,1.092413306236267,184,0.019908451540738836,180,0.00667543624374467,2.5403064482866884,0.011410117496153059,0.007382394080896114,0.013590089169746758,99,0.5107180824727018,86.74463653564453,55.70126724243164
1.14552449395736,ambiguous,3.442000150680542,0.030908597604189403,2.536974948310844,-0.007197503261519843,0.019203353617096817,0.020507872716175466,1.1216180324554443,185,0.03180521933127545,180,0.01517230890155119,3.369509971832592,0.0001999433481695049,0.016927307338478872,0.01692848815085972,99,0.316563322725938,86.47233581542969,55.734535217285156
1.6158006624351144,ambiguous,3.454000234603882,0.052160175877800086,3.115883960973811,-0.022931287502227046,0.03525238093135512,0.04205442078829721,1.2843127250671387,186,0.045213219262714155,180,0.029949611142130017,4.2955556082979305,-0.002125840961098968,0.03323155250760965,0.033299478702494785,99,0.19356922841870353,86.26176452636719,55.415531158447266
0.0,seed,3.139000177383423,0.0,0.0,-0.022884595014417912,0.02594984050082841,0.0345991171996101,0.0,180,0.0,180,0.0,0.0,-0.045358427322730335,0.02565558909071125,0.05211138244935392,100,1.0,96.0,48.0
0.5536552489177958,ambiguous,3.129000186920166,0.0033096963007244184,1.6423125335547433,-0.007046481969373335,0.007918625901559898,0.010599884165100996,1.019562005996704,181,0.00019289409045231132,180,0.0032129787559895817,1.6480218710101158,-0.02932742018723334,0.007614548497514323,0.03029981722155332,100,0.5748438739381815,96.39319610595703,47.332313537597656
1.3895979385867256,ambiguous,3.120000123977661,0.011176154106624203,4.083655624848996,0.01577330971827617,0.01775356775614343,0.023748399262700656,1.1074984073638916,182,0.0011284266228279716,180,0.010618987952948356,4.119437535851754,-0.005572095967208458,0.01806014573064797,0.01890018828689341,100,0.24916780469540808,96.2847900390625,47.171669006347656
0.8248968817663596,drawer,3.1000001430511475,0.02813411507068997,1.2929603113088521,0.022333217904038135,0.029464554830923802,0.03697205178690743,0.673337996006012,183,0.00917081126755237,180,0.032727171250396925,1.6352598547956365,0.009030196863278203,0.029155967435080157,0.030522367084893892,100,0.4382801848133292,95.6471939086914,48.04373550415039
0.7663209116895313,drawer,3.1130001544952393,0.0018229157167013454,2.2948938232768445,0.006536101347469374,0.004768691922541278,0.008090799928097431,0.916386067867279,184,0.019908451540738836,180,0.011709634021338733,2.945854403243438,0.003970720579895684,0.004469953030867945,0.0059788880255255365,100,0.46471961632687653,95.34996032714844,47.8796501159668
0.9531652993394285,drawer,3.1130001544952393,0.004853324484657584,2.8362336423363743,0.004382189800812371,0.006568554905228337,0.007896170020544342,0.8096238970756531,185,0.03180521933127545,180,0.010882964217980184,3.8312542280269075,0.013713576823775352,0.006760344312018481,0.015289357230394908,100,0.3855187157933919,95.09073638916016,47.925289154052734
1.2182469124386612,drawer,3.125000238418579,0.025053248560233943,3.1347269020210704,-0.010739661647541789,0.016517102789541736,0.019701650105104582,0.8221768140792847,186,0.045213219262714155,180,0.0028426838245643182,4.624025924325893,0.011999725306859924,0.016821748211118346,0.02066312223063973,100,0.2957481146785388,95.30681610107422,47.310874938964844
2.7572277423361813,static,3.1630001068115234,0.0801798174195576,5.554357431414302,-0.042683366068281214,0.06597633447849333,0.07857955491180213,1.1722853183746338,187,0.05919969964910532,180,0.05140880243380952,7.318102757189402,-0.0059574987274883685,0.06628656222327134,0.06655373860623946,100,0.06346208595651741,95.53400421142578,46.89535140991211
0.0,seed,2.8960001468658447,0.0,0.0,-0.003980249915313322,0.023272349648768287,0.023610265724105624,0.0,180,0.0,180,0.0,0.0,-0.02317754627254416,0.023166127411237476,0.03276992692163982,101,1.0,112.0,56.0
0.7067945011517678,ambiguous,2.9010000228881836,0.016478658364667886,1.7229564506368242,-0.0010088286672073447,0.002336003830749481,0.002544533194331644,1.339601755142212,181,0.00019289409045231132,180,0.016381940819932606,1.7293251436355208,-0.020013230933985757,0.00872561909924065,0.021832678284674046,101,0.49322239696394593,112.402587890625,55.51783752441406
0.32417292516591667,ambiguous,2.880000114440918,0.007524916952066363,0.7920105166968933,0.011661235612521997,0.020029185778091374,0.023176554941234235,1.3953312635421753,183,0.00917081126755237,180,0.012117973131773319,1.1425657282954476,0.001634750522843655,0.018388292786724002,0.01846081582385306,101,0.7231250126182941,110.9911117553711,56.0672721862793
0.7407163599581751,drawer,2.876000165939331,0.005908370404238639,2.177517922658211,0.009302508047337704,0.010183683630676737,0.013792899197068616,1.4748027324676514,185,0.03180521933127545,180,0.009827918298399574,3.2023294510024543,0.021910431021382272,0.004196864477433784,0.022308757450487826,101,0.47652930848727465,110.61612701416016,55.62110900878906
1.1128218200642634,drawer,2.889000177383423,0.025458975558577013,2.738513246020824,0.0001432707859857353,0.013885592673534035,0.013886331783931241,1.37301504611969,186,0.045213219262714155,180,0.0032484108229073883,4.386961294203088,0.02615919369146904,0.016650595951488174,0.03100880133329097,101,0.3279323600257054,111.06781768798828,55.45554733276367
0.0,seed,2.580000162124634,0.0,0.0,-0.02085290480110146,0.010657417193557226,0.023418458102132375,0.0,180,0.0,180,0.0,0.0,-0.04076135634184018,0.010657417193557247,0.04213156432016267,102,1.0,128.0,48.0
0.3672349971930139,ambiguous,2.571000099182129,0.0023108680554591032,1.0879870234246276,-0.006777233163703102,0.010870464945110804,0.012810070158983515,0.3740328252315521,183,0.00917081126755237,180,0.006903924235166059,1.5518082768930965,-0.017514873436889324,0.010870464945110618,0.020614019492402012,102,0.6926468558507642,127.66449737548828,47.99345016479492
0.5232690980893355,drawer,2.556000232696533,0.0066465744041828145,1.4885562098948053,0.0,0.0,0.0,0.8880826830863953,184,0.019908451540738836,180,0.016533292708819758,2.3833068204753687,0.0,0.0,0.0,102,0.5925801753450386,127.41798400878906,47.45934295654297
0.6087324983511193,drawer,2.5510001182556152,0.005812173367017781,1.7734083413494017,0.00039195519085817934,0.0048614557358445795,0.004877230847849713,0.9329901337623596,185,0.03180521933127545,180,0.021548462069655994,3.124500856537121,0.01228872298139489,0.004861455735844536,0.013215387409570655,102,0.5440400038444397,127.171142578125,47.230628967285156
0.6557846740727906,drawer,2.5490000247955322,0.002551654319921326,1.958023956069411,0.0009671554645827656,0.0054068952908037,0.005492713935604832,1.4117610454559326,186,0.045213219262714155,180,0.024762219055591395,4.0529790347051335,0.026271923186558223,0.005406895290803561,0.02682253650582154,102,0.5158709321194234,127.6479721069336,46.76526641845703
0.0,seed,2.626000165939331,0.0,0.0,-0.004981272681043768,0.00850835693160823,0.009859270520609463,0.0,180,0.0,180,0.0,0.0,-0.009093622995393007,0.01457561679242332,0.017179714318402185,103,1.0,136.0,48.0
0.46130819341061435,ambiguous,2.636000156402588,0.016151736178712017,0.7643711098297867,-0.01616429953148296,0.010515104605156277,0.019283464527954486,1.2271478176116943,183,0.00917081126755237,180,0.011558679999005061,1.0787631343804163,-0.011105838578279686,0.004214209620281378,0.011878518983883365,103,0.630458344346115,135.4730224609375,47.0147705078125
0.23849047797047773,drawer,2.6050000190734863,0.00430169164851435,0.6386010281462757,0.0059071728106484984,0.007643359979058743,0.00966000219380626,1.1552141904830933,184,0.019908451540738836,180,0.014188409953151293,1.6585879228824683,0.02170327403703798,0.013856027963534162,0.02574920610141228,103,0.7878153445953691,135.43275451660156,46.53463363647461
0.4335819332971722,drawer,2.6070001125335693,0.0036113206592114366,1.272234423505513,0.005912812257117504,0.008433236492940664,0.01029955467647923,0.5709496736526489,185,0.03180521933127545,180,0.012124968043426332,2.837158632061937,0.03360568127404371,0.013036611983152277,0.03604573575184562,103,0.6481256941788042,135.58035278320312,46.61427688598633
1.6525102887906222,static,2.6620001792907715,0.07996656395027202,2.590434130630555,-0.09182865107152148,0.05890160976410218,0.10909583305707794,0.8976446986198425,187,0.05919969964910532,180,0.05119554896452527,3.1359330311762608,-0.03674130173676545,0.05260064175757449,0.06416191055930873,103,0.19071147544969227,135.9493408203125,39.33343505859375
0.0,seed,2.6530001163482666,0.0,0.0,0.011083037371505178,0.013729438370012895,0.017644579772104596,0.0,180,0.0,180,0.0,0.0,-0.006566475347548121,0.010770408572529729,0.012614289488876457,104,1.0,144.0,48.0
0.4707646339919072,ambiguous,2.625000238418579,0.016410429851474895,0.6926392611331358,0.027235591780706593,0.030139262101304735,0.04062207010550345,1.3084381818771362,181,0.00019289409045231132,180,0.01650714739621062,0.693525640439369,0.00977897315210572,0.02685511675067802,0.028580161154236897,104,0.6244801068357383,143.81597900390625,46.467567443847656
0.502109061134962,ambiguous,2.6690001487731934,0.02156212875544039,0.5590921772053564,-0.007030606614252776,0.006622479588925174,0.009658502227059091,1.2218023538589478,183,0.00917081126755237,180,0.01696907257573299,0.8057953046597633,-0.015509308065753569,0.010089023427669134,0.018502081785639835,104,0.6052498392675262,143.20123291015625,47.00320053100586
0.46037066126294574,ambiguous,2.6550002098083496,0.017935632669455526,0.3130197932454277,-0.0003586394821622413,0.0040341126739061985,0.004050023128814972,1.424659013748169,184,0.019908451540738836,180,0.008048914364818138,1.3485995150526138,0.0019002993395231707,0.004725512588694678,0.005093290371233912,104,0.6291832397248593,143.22369384765625,46.4249267578125
0.6961188819386216,ambiguous,2.6560001373291016,0.02489734182166803,0.9351052414476014,0.0009684500766303013,0.01214823381331435,0.012186774812635186,0.9752432107925415,185,0.03180521933127545,180,0.009161053119029816,2.566293922120961,0.015124156688852437,0.01353200704512442,0.020294219133000828,104,0.28626219237482853,143.57496643066406,46.310752868652344
0.0,seed,2.742000102996826,0.0,0.0,0.004817622383640895,0.00967290118756937,0.010806225188095918,0.0,180,0.0,180,0.0,0.0,0.00023221674986442613,0.009672901187569203,0.009675688192753799,105,1.0,160.0,48.0
0.4520241710237763,ambiguous,2.754000186920166,0.01638236401812243,0.6542345557624321,-0.004817622383640488,0.009672901187569133,0.010806225188095526,1.4733248949050903,183,0.00917081126755237,180,0.011789307838415475,1.0281665244963427,-0.00023221674986444608,0.009672901187569229,0.009675688192753823,105,0.6361759604664071,159.4660186767578,47.22381591796875
0.0,seed,2.6680002212524414,0.0,0.0,0.0,0.0,0.0,0.0,180,0.0,180,0.0,0.0,0.0,0.0,0.0,106,1.0,176.0,56.0
0.0,seed,2.889000177383423,0.0,0.0,0.0,0.0,0.0,0.0,180,0.0,180,0.0,0.0,0.0,0.0,0.0,107,1.0,184.0,48.0
0.0,seed,2.9150002002716064,0.0,0.0,0.0,0.0,0.0,0.0,180,0.0,180,0.0,0.0,0.0,0.0,0.0,108,1.0,192.0,48.0
0.0,seed,2.830000162124634,0.0,0.0,0.0,0.0,0.0,0.0,180,0.0,180,0.0,0.0,0.0,0.0,0.0,109,1.0,208.0,56.0
0.0,seed,2.892000198364258,0.0,0.0,0.0,0.0,0.0,0.0,180,0.0,180,0.0,0.0,0.0,0.0,0.0,110,1.0,216.0,56.0
0.0,seed,3.823000192642212,0.0,0.0,-0.00732252977136566,0.024317844113373906,0.025396397078619053,0.0,180,0.0,180,0.0,0.0,-0.011936613215952154,0.024304487396908662,0.027077496979849073,111,1.0,80.0,64.0
1.086735676776898,ambiguous,3.8450002670288086,0.035379954437797956,1.8996828520608704,-0.01718253682015943,0.018718332583021826,0.025408965863740914,0.8314253091812134,181,0.00019289409045231132,180,0.03528323689306312,1.9042975342170476,-0.021603726174293875,0.01870320007675789,0.028575000922574027,111,0.33731528354945467,80.25068664550781,63.72962951660156
1.4037474226555584,ambiguous,3.813000202178955,0.022933157656409797,3.843983189867221,0.024185976153946354,0.03376444228139635,0.04153310733731594,0.8157716989517212,182,0.0011284266228279716,180,0.022375991502734394,3.8730741434416456,0.020700319332187724,0.03376954206766066,0.03960915540520964,111,0.24567295017879773,79.74211120605469,63.25746154785156
0.346906328096284,ambiguous,3.8000001907348633,0.008911315544189335,0.7977506284319672,0.010685411186889301,0.0177133439921757,0.020686724429402684,1.0912563800811768,183,0.00917081126755237,180,0.013504371723895847,1.007850520549864,0.01524213900985499,0.01771891862472574,0.023372695155360154,111,0.7068702751745963,78.58718872070312,64.02984619140625
0.0,seed,3.578000068664551,0.0,0.0,-0.008038227082754843,0.01818474558268535,0.019882104177901486,0.0,180,0.0,180,0.0,0.0,-0.012652310527340473,0.018171441034464025,0.022142317650807326,112,1.0,88.0,64.0
0.8561011716419356,ambiguous,3.5910000801086426,0.025632156106397908,1.7060292106024506,-0.010693984813380205,0.015717423335824657,0.01901048940733331,0.7451943755149841,181,0.00019289409045231132,180,0.02553543856166307,1.7112431717942989,-0.015115174167513784,0.015700989271238697,0.021794255073524046,112,0.4248143794139111,88.33800506591797,63.527618408203125
1.2888468038224754,ambiguous,3.563000202178955,0.01525776507797616,3.69332345667868,0.025636722041964228,0.03176358195944214,0.04081870473142347,0.9994186758995056,182,0.0011284266228279716,180,0.014700598924300756,3.7245174712819384,0.022151065220206396,0.031772590564929364,0.03873199196525368,112,0.27556291371712593,87.73129272460938,63.16458511352539
0.3485811418954912,ambiguous,3.555000066757202,0.010588206187446492,0.6804115975713929,0.008658738842607767,0.015271718899291088,0.017555601854776982,1.3812813758850098,183,0.00917081126755237,180,0.015181262367153447,0.8922623781083394,0.013215466665574263,0.01528492343813664,0.020205876464499214,112,0.7056886517859032,86.55284881591797,63.94122314453125
0.0,seed,3.3440001010894775,0.0,0.0,-0.020323134084948374,0.004630105488825887,0.020843887734116346,0.0,180,0.0,180,0.0,0.0,-0.02908069342036464,0.00543084158707846,0.029583454330980013,113,1.0,96.0,64.0
0.6008786353075064,ambiguous,3.317000150680542,0.015085153370970161,1.403374786203451,0.012419163130464194,0.006570264825423018,0.014050053122222426,0.8333666920661926,181,0.00019289409045231132,180,0.015181870915705886,1.4096352050409053,0.0038544978855003503,0.005686515335989549,0.006869760593774066,113,0.5483242172157142,96.50337219238281,63.1687126159668
0.3665604544399316,ambiguous,3.32200026512146,0.011115629642439728,0.7171399620199886,0.0,0.0,0.0,1.3789981603622437,183,0.00917081126755237,180,0.015708685822146684,1.0363833888486784,0.0004132519321362277,0.0008924992457908348,0.0009835304078428557,113,0.6931142333831656,95.00466918945312,63.91318893432617
0.0,seed,2.9760000705718994,0.0,0.0,-0.002667145861474151,0.0032285360937159644,0.00418773355823952,0.0,180,0.0,180,0.0,0.0,-0.002930440620810107,0.0025348486836221907,0.0038746535433448856,114,1.0,112.0,64.0
0.49106939884146455,ambiguous,2.9760000705718994,0.01079002829197595,1.2310375272549263,-0.0013054065930744264,0.014683707577237554,0.014741619808795292,1.1655724048614502,181,0.00019289409045231132,180,0.010693310747241114,1.2361605463774856,-0.0013758072619579594,0.015475600954068986,0.015536636396325854,114,0.6117000359818535,112.01017761230469,63.14006042480469
0.2996386036690325,ambiguous,2.9600000381469727,0.00759646428102867,0.6953070321309395,0.010992426776261761,0.005243073223607065,0.012178803851757443,1.3410072326660156,183,0.00917081126755237,180,0.01218952046073607,1.0134457930940781,0.0198999432844783,0.005446527365558689,0.020631829852662913,114,0.741085909708216,110.81602478027344,64.04151153564453
0.0,seed,2.826000213623047,0.0,0.0,-0.006214533170368046,0.0034278020757680773,0.007097200123727994,0.0,180,0.0,180,0.0,0.0,-0.006405914674691232,0.003430585458051681,0.007266681457475629,115,1.0,120.0,64.0
0.4458853619483183,ambiguous,2.822000026702881,0.006332411557252726,1.2505056880176069,-0.0013055588471086261,0.014685420188256608,0.014743339174315917,1.046045184135437,181,0.00019289409045231132,180,0.006235694012517445,1.2557813292736228,-0.00130404626097939,0.014668406046819814,0.014726257929465802,115,0.6402562497935431,120.01242065429688,63.171226501464844
0.264856408246436,ambiguous,2.81000018119812,0.008631652922812982,0.4607029377927324,0.005597155210043424,0.0029014555488543255,0.006304489729335262,1.4171892404556274,183,0.00917081126755237,180,0.013224709102520826,0.8166148736197795,0.014576584973272733,0.002899775251506091,0.014862218071078343,115,0.7673161223332892,118.81210327148438,63.83951187133789
0.0,seed,2.556000232696533,0.0,0.0,0.0,0.0,0.0,0.0,180,0.0,180,0.0,0.0,0.0,0.0,0.0,116,1.0,136.0,64.0
0.0,seed,2.3950002193450928,0.0,0.0,0.07816880282110052,0.005355393199592807,0.07835203871506048,0.0,180,0.0,180,0.0,0.0,0.05556219318974344,0.005355393199592837,0.05581968782048694,117,1.0,152.0,64.0
2.52005472315856,static,2.4590001106262207,0.08521853617926833,8.655384883848361,-0.07816880282110052,0.005355393199592807,0.07835203871506048,1.273260474205017,186,0.045213219262714155,180,0.06300797144359782,5.901254709918852,-0.055562193189743425,0.005355393199592737,0.05581968782048691,117,0.07847399899793635,143.82366943359375,56.92926788330078
0.0,seed,2.42900013923645,0.0,0.0,0.08591539443146907,0.01023940358443601,0.08652340946865113,0.0,180,0.0,180,0.0,0.0,0.063308784800112,0.010239403584436011,0.06413148695166715,118,1.0,160.0,64.0
2.861139900749901,static,2.50600004196167,0.0971726538615032,9.253727100557114,-0.08591539443146907,0.010239403584436002,0.08652340946865113,0.9658195376396179,186,0.045213219262714155,180,0.07496208912583313,6.485865246873643,-0.06330878480011198,0.01023940358443598,0.06413148695166712,118,0.05714086203216135,151.6288299560547,56.36215591430664
0.0,seed,2.514000177383423,0.0,0.0,0.08027021110394902,0.005045979133728464,0.0804286559386054,0.0,180,0.0,180,0.0,0.0,0.05766360147259193,0.00504597913372845,0.0578839601289332,119,1.0,176.0,64.0
2.6732434466425974,static,2.575000047683716,0.07904125214228586,9.585588220098334,-0.08027021110394902,0.00504597913372837,0.08042865593860538,1.2001558542251587,186,0.045213219262714155,180,0.05683068740661579,6.79329523686209,-0.05766360147259196,0.005045979133728414,0.05788396012893323,119,0.06900357084880565,167.3519744873047,56.54808807373047
0.0,seed,2.5420000553131104,0.0,0.0,0.0,0.0,0.0,0.0,180,0.0,180,0.0,0.0,0.0,0.0,0.0,120,1.0,184.0,64.0
0.0,seed,2.6480002403259277,0.0,0.0,0.08384968011790489,0.01612221202955845,0.08538556421668134,0.0,180,0.0,180,0.0,0.0,0.061243070486547466,0.01612221202955816,0.06332960921517083,121,1.0,200.0,64.0
2.8471605407397678,static,2.7320001125335693,0.09853738463472883,9.143065729081975,-0.08384968011790458,0.016122212029558117,0.08538556421668099,1.4930793046951294,186,0.045213219262714155,180,0.07632681989905876,6.3393119875703965,-0.06124307048654784,0.0161222120295584,0.06332960921517126,121,0.058008793958828436,191.85330200195312,57.06154251098633
0.0,seed,2.750000238418579,0.0,0.0,0.0,0.0,0.0,0.0,180,0.0,180,0.0,0.0,0.0,0.0,0.0,122,1.0,208.0,64.0
0.0,seed,2.9000000953674316,0.0,0.0,-0.014600938529796152,0.00820412090988827,0.016747985128216222,0.0,180,0.0,180,0.0,0.0,-0.02376470219908043,0.015656781480045446,0.028458669626756493,123,1.0,224.0,64.0
0.3009478634505721,ambiguous,2.877000093460083,0.01203591611602084,0.01645043798187791,-0.007965203378551071,0.019990015919720983,0.021518485107748172,1.2848023176193237,181,0.00019289409045231132,180,0.01213263366075612,0.026808553220218346,-0.016936072957382926,0.026914328475413057,0.03179955415568318,123,0.7401163588539514,224.4008026123047,62.14634704589844
0.32781782751297417,drawer,2.9000000953674316,0.005681638280185197,0.8863408210822824,-0.010883484673769126,0.00796895720614424,0.013489051767916291,0.8245203495025635,184,0.019908451540738836,180,0.004205080024451746,1.9983705663858515,-0.0001387968023146859,9.02892755951191e-05,0.00016557990705479142,123,0.7204942619821655,223.95440673828125,62.96848678588867
0.3924448778988295,drawer,2.88700008392334,0.0016441414896561923,1.170859228403417,-5.225179748299674e-05,0.000587748000275051,0.0005900660659345913,0.8673258423805237,185,0.03180521933127545,180,0.017380430192294405,3.1074686787909807,0.022589203864508214,0.008074899439125307,0.023989083604512677,123,0.6754034139619457,224.32264709472656,62.82909393310547
0.6206593997521905,drawer,2.879000186920166,0.010289378199519028,1.6945314193044925,0.011684482308214927,0.006816335437742361,0.013527363217227884,1.1390153169631958,186,0.045213219262714155,180,0.0324999429351891,4.441710810543663,0.04773393790164487,0.01467912378584439,0.049940019050038725,123,0.5309708384690894,224.71087646484375,63.58321762084961
0.0,seed,3.702000141143799,0.0,0.0,-0.028416829344986815,0.0033935863044113994,0.028618745919896497,0.0,180,0.0,180,0.0,0.0,-0.029537919954935175,0.0034760709368937604,0.029741751535887647,124,1.0,88.0,72.0
0.790843237534395,ambiguous,3.6660001277923584,0.02418164327333283,1.529597319743708,0.017350022853862106,0.00899454035032449,0.01954290278190916,0.8871986865997314,181,0.00019289409045231132,180,0.024278360818068556,1.535519686622945,0.016421826334365792,0.008980757506636475,0.018717114776297044,124,0.4534615548840304,88.63375854492188,71.28341674804688
1.15041133730948,ambiguous,3.693000078201294,0.019877155657792134,3.11264699198586,-0.0037876727564015262,0.04260517715195758,0.04277321106790177,1.4124605655670166,182,0.0011284266228279716,180,0.01931998950411673,3.144846593523398,-0.0037803367435220903,0.04252265890172354,0.042690367367437254,124,0.3164831587226774,87.72666931152344,70.68726348876953
0.0,seed,3.4760000705718994,0.0,0.0,-0.0026247242896554586,0.0022116247616297303,0.003432267717262322,0.0,180,0.0,180,0.0,0.0,-0.0040745707736669565,0.0037891107053244742,0.0055641249920203514,125,1.0,96.0,72.0
0.5565579626521586,ambiguous,3.4800002574920654,0.015202292576886656,1.2205849454174527,-0.0005403738758906604,0.019618575231727865,0.01962601584756089,0.8809846043586731,181,0.00019289409045231132,180,0.015105575032151375,1.2265021030175394,-0.0017973262694497346,0.020217006334655837,0.0202967417792701,125,0.5731785743999441,96.3302230834961,71.09888458251953
0.233197798380691,ambiguous,3.4580001831054688,0.007052914391224352,0.4578462193744779,0.009642867015289677,0.006272820864392862,0.011503615339158557,1.3396406173706055,183,0.00917081126755237,180,0.011645970570931752,0.7517086389323023,0.017363831798830675,0.008216134480240762,0.01920956846302083,125,0.7919969023253779,94.7640151977539,71.76595306396484
0.0,seed,3.0830001831054688,0.0,0.0,-0.001926757002629867,0.007383819700670815,0.007631067154677494,0.0,180,0.0,180,0.0,0.0,-0.0020232040478558727,0.007383819700671046,0.007655987721468618,126,1.0,112.0,72.0
0.42573564857714014,ambiguous,3.0830001831054688,0.010127647165106612,1.0267938563957548,0.0019267570026298573,0.007383819700671253,0.007631067154677916,0.9931927919387817,181,0.00019289409045231132,180,0.010030929620371332,1.0341023828934965,0.002023204047856275,0.007383819700671022,0.007655987721468701,126,0.6532889392993315,112.41761779785156,70.89434814453125
0.0,seed,2.8970000743865967,0.0,0.0,-0.011213176733668576,0.003562310958492726,0.01176543207134713,0.0,180,0.0,180,0.0,0.0,-0.01130962377889458,0.0035623109584928215,0.011857387966375048,127,1.0,120.0,72.0
0.4669127921074816,ambiguous,2.877000093460083,0.010384931143303078,1.1642292634463118,0.011213176733668192,0.0035623109584928137,0.011765432071346792,1.1786235570907593,181,0.00019289409045231132,180,0.010481648688038803,1.1723059084361442,0.01130962377889461,0.00356231095849279,0.011857387966375066,127,0.6269345374784296,120.54435729980469,71.00567626953125
0.0,seed,2.7060000896453857,0.0,0.0,-0.001483574026249537,0.0035227931955065703,0.0038224421237828643,0.0,180,0.0,180,0.0,0.0,-0.004495020207644642,0.0029060164307163224,0.005352582382619338,128,1.0,136.0,80.0
0.22880162565808554,ambiguous,2.698000192642212,0.00022593363241796283,0.6861956873580929,0.006264519675849975,0.005272649477012546,0.008188103521362695,1.108751893043518,181,0.00019289409045231132,180,0.000129216087682682,0.6960635866863885,0.0034459675849072935,0.00225118510474908,0.0041161300965926635,128,0.7954863219296038,136.4708251953125,78.58345031738281
0.4439256626533939,ambiguous,2.683000087738037,0.01767690585696613,0.12636976243369905,0.0109402001941466,0.01316402850940971,0.017116647653222197,1.3055856227874756,183,0.00917081126755237,180,0.02226996203667353,0.3816038470787766,0.017099565280304006,0.01655587459267618,0.02380109485514897,128,0.6415131074370698,134.65855407714844,79.47630310058594
1.4840922255959774,static,2.765000104904175,0.09191914877464047,2.493016775529602,-0.10225171864829465,0.052056052649637384,0.11473990841896216,1.1361808776855469,188,0.07293716335462896,180,0.05634674912601767,1.401299159940141,-0.032326001475060616,0.04818707995632739,0.05802555511223576,128,0.08723697656452767,134.9346923828125,72.83219146728516
0.0,seed,2.386000156402588,0.0,0.0,0.07249135411681566,0.00641296256369231,0.07277446331325904,0.0,180,0.0,180,0.0,0.0,0.04870679761828516,0.007810341471627494,0.049329033723883274,129,1.0,152.0,72.0
0.4887637275906599,ambiguous,2.374000072479248,0.003782169749390274,1.4385914248321463,0.08967595060461792,0.0054160656396275535,0.08983935598530648,1.3528982400894165,181,0.00019289409045231132,180,0.0038788872941255548,1.4495862596271305,0.06608428819653983,0.007057023278791771,0.06646002350286029,129,0.6133824807391276,152.89739990234375,71.212646484375
2.2858841497483695,static,2.444000005722046,0.07807855697633492,8.231774654397304,-0.07197394316448724,0.004337411522249436,0.07210451881372056,0.3297707140445709,186,0.045213219262714155,180,0.05586799224066441,5.428670553781644,-0.05054528040030358,0.0026183088754261445,0.05061305080819026,129,0.10154043995315885,144.23825073242188,65.0545425415039
2.335160787711731,static,2.452000141143799,0.09807462312074788,8.359606322689974,-0.08701155333971419,0.01717124832956077,0.088689696040664,1.3508360385894775,187,0.05919969964910532,180,0.06930360813500158,4.696803575275189,-0.05159641018913941,0.016172066122158896,0.05407148293754674,129,0.06805579957827682,144.50502014160156,62.75037384033203
0.0,seed,2.313000202178955,0.0,0.0,0.07745750207279561,0.0037576043055962305,0.07754859262085012,0.0,180,0.0,180,0.0,0.0,0.05485089244143854,0.0037576043055961876,0.054979450631483164,130,1.0,160.0,72.0
2.6504445293288375,static,2.371000051498413,0.07656513103127338,9.774513791220281,-0.07745750207279563,0.003757604305596103,0.07754859262085015,0.2292209416627884,186,0.045213219262714155,180,0.05435456629560287,6.826792778698324,-0.05485089244143854,0.0037576043055961876,0.054979450631483164,130,0.0706198135036353,151.2371826171875,64.07098388671875
0.0,seed,2.3390002250671387,0.0,0.0,0.07881537986295324,0.00892621759443429,0.07931923766328572,0.0,180,0.0,180,0.0,0.0,0.05620877023159618,0.008926217594434278,0.05691311985378732,131,1.0,168.0,72.0
2.6869359893570026,static,2.4060001373291016,0.08449780789619732,9.52991939025812,-0.07881537986295327,0.008926217594434254,0.07931923766328573,0.9021902680397034,186,0.045213219262714155,180,0.062287243160526806,6.5691178161597525,-0.05620877023159618,0.008926217594434278,0.05691311985378732,131,0.06756159690338147,159.68016052246094,64.0791015625
0.0,seed,2.501000165939331,0.0,0.0,0.004223531033789673,0.012991344058195242,0.013660645476396395,0.0,180,0.0,180,0.0,0.0,-0.011679078631848031,0.01299134405819532,0.0174692844194402,132,1.0,184.0,72.0
0.8158151996492867,ambiguous,2.513000011444092,0.025851592089980446,1.4935780473024634,-0.004223531033789673,0.012991344058195242,0.013660645476396395,0.9584564566612244,185,0.03180521933127545,180,0.010115303387342234,2.869461952044675,0.011679078631848052,0.012991344058195112,0.01746928441944006,132,0.23978498263733192,182.78634643554688,71.68348693847656
0.0,seed,2.614000082015991,0.0,0.0,-0.016583657894360636,0.013982512195432416,0.021691665598856304,0.0,180,0.0,180,0.0,0.0,-0.0423624369016186,0.014133016414200724,0.04465779006184346,133,1.0,200.0,72.0
0.2854236102521195,drawer,2.5960001945495605,0.010496596439933725,0.3368166652286806,-0.00668695357418473,0.008721783349586796,0.010990216235380967,1.0768189430236816,184,0.019908451540738836,180,0.02038331474457067,1.6155782193322465,-0.012557281040703975,0.009250641008095554,0.015596783841416878,133,0.7516930725613,199.31887817382812,71.14659881591797
0.6734184223203195,drawer,2.5810000896453857,0.020560305461712503,1.3052190198830769,0.007029438843427188,0.007251818431990585,0.010099598062499385,0.5820469856262207,185,0.03180521933127545,180,0.036296594164350715,3.034710535330233,0.013055879167444653,0.00716873059587107,0.014894518427632807,133,0.5094318854227712,199.38735961914062,71.61536407470703
0.9182738625067376,drawer,2.576000213623047,0.024734660494040384,2.0365774443150997,0.014872210897671736,0.01574202371840129,0.02165626855521363,0.8203839659690857,186,0.045213219262714155,180,0.04694522522971045,4.392280030471479,0.03430665115312793,0.015418493123401447,0.03761218211615475,133,0.3971098949820727,199.40713500976562,72.4576187133789
0.0,seed,2.6750001907348633,0.0,0.0,-0.0033894309536232374,0.0021834945645645603,0.0040318594597111524,0.0,180,0.0,180,0.0,0.0,-0.015765508450963833,0.005927185713853951,0.016842885358629215,134,1.0,208.0,72.0
0.3605497878002516,ambiguous,2.683000087738037,0.007721169566296204,0.9135769047092193,-0.009760876908341307,0.014073472867243853,0.01712709422420626,1.0724074840545654,183,0.00917081126755237,180,0.0031281133865892485,1.1138748381638397,-0.012966143138129407,0.010289473130854298,0.01655276790114067,134,0.6972928575612463,207.30747985839844,70.91456604003906
0.20368465111355807,drawer,2.6660001277923584,0.0023304775822410306,0.5855227164558151,0.0032998085068939613,0.0018424090783588402,0.0037793130849651533,0.840072751045227,184,0.019908451540738836,180,0.012217195886878418,1.8291669807379827,0.010832182550292085,0.002034086278630925,0.011021510141163367,134,0.8157195668890396,207.6215362548828,71.08365631103516
0.678871328556845,drawer,2.6410000324249268,0.022314420920084288,1.1605693682461038,0.02029838062453078,0.02358015510531335,0.031113469282112557,0.5994423031806946,185,0.03180521933127545,180,0.03805070962272339,2.953887476473603,0.039727522458465614,0.02728505010441731,0.0481949167432464,134,0.5071889983851157,207.47354125976562,71.5016860961914
0.0,seed,3.076000213623047,0.0,0.0,0.0,0.0,0.0,0.0,180,0.0,180,0.0,0.0,0.0,0.0,0.0,135,1.0,224.0,72.0
0.0,seed,3.0960001945495605,0.0,0.0,0.0,0.0,0.0,0.0,180,0.0,180,0.0,0.0,0.0,0.0,0.0,136,1.0,232.0,72.0
0.0,seed,3.055000066757202,0.0,0.0,0.0,0.0,0.0,0.0,180,0.0,180,0.0,0.0,0.0,0.0,0.0,137,1.0,240.0,72.0
0.0,seed,3.4930002689361572,0.0,0.0,-0.006643910505347839,0.0017815628590012096,0.006878627263025954,0.0,180,0.0,180,0.0,0.0,-0.006835292009671026,0.0017872757692448363,0.007065095295380118,138,1.0,104.0,88.0
0.4283181284433587,ambiguous,3.494000196456909,0.009999809840403273,1.0433739335110024,-0.0014538884246155163,0.01635388743265499,0.016418386818173758,0.8151509761810303,181,0.00019289409045231132,180,0.009903092295667992,1.0496894833163228,-0.00145237583848628,0.016336873291218197,0.016401305573323643,138,0.6516040880279985,104.28466796875,87.04264068603516
0.5435707821755343,ambiguous,3.4620001316070557,0.021476342609389576,0.2545299399136804,0.012816084996093558,0.015302699882299767,0.01996057760473959,1.2146762609481812,183,0.00917081126755237,180,0.026069398789096976,0.4961320262239118,0.02179551475932287,0.015317890006993806,0.02663986144652824,138,0.5806710960450485,102.89910888671875,87.28302764892578
0.0,seed,3.267000198364258,0.0,0.0,-0.0028427079726535062,0.008122716479555375,0.008605783614815577,0.0,180,0.0,180,0.0,0.0,-0.002939155017879884,0.008122716479555599,0.008638122204876045,139,1.0,112.0,88.0
0.4317551130944705,ambiguous,3.2680001258850098,0.009524710083954169,1.080468289385426,0.0028427079726534668,0.008122716479555812,0.008605783614815976,1.0287753343582153,181,0.00019289409045231132,180,0.009427992539219332,1.087449956571575,0.002939155017879512,0.0081227164795556,0.008638122204875922,139,0.6493679919747303,112.34955596923828,87.07637786865234
0.0,seed,2.9170000553131104,0.0,0.0,-0.011461702500725564,0.0024435667818473485,0.01171928508197008,0.0,180,0.0,180,0.0,0.0,-0.011558149545951609,0.0024435667818472175,0.011813629397603793,140,1.0,128.0,88.0
0.4780757868715092,ambiguous,2.8960001468658447,0.01320650180734484,1.0372764172370714,0.01146170250072523,0.0024435667818470076,0.011719285081969682,1.1138877868652344,181,0.00019289409045231132,180,0.01330321935208012,1.0463252845100612,0.011558149545951609,0.0024435667818472175,0.011813629397603793,140,0.6199752092199686,128.61920166015625,86.92677307128906
0.0,seed,2.7780001163482666,0.0,0.0,-0.009281113666379305,0.0031924924822505003,0.00981483974079448,0.0,180,0.0,180,0.0,0.0,-0.009377560711605722,0.003192492482250474,0.00990609171919365,141,1.0,136.0,88.0
0.42064720500411074,ambiguous,2.76200008392334,0.0084951894631069,1.0892888813903863,0.009281113666379731,0.003192492482250362,0.00981483974079484,1.0747665166854858,181,0.00019289409045231132,180,0.008591907007842181,1.098425425527857,0.009377560711605736,0.0031924924822504586,0.009906091719193658,141,0.656621713405674,136.53114318847656,87.06417083740234
0.0,seed,2.636000156402588,0.0,0.0,4.2452187384846503e-05,0.0004775182758232316,0.00047940159778514513,0.0,180,0.0,180,0.0,0.0,4.093960125561025e-05,0.0004605041343864383,0.0004623203529350306,142,1.0,144.0,88.0
0.430539940500893,ambiguous,2.619000196456909,0.009793472448684781,1.0624387917220952,0.01894479200335844,0.003875558961624694,0.01933714304946683,1.3880925178527832,181,0.00019289409045231132,180,0.009890189993419618,1.072875121565882,0.01913617350768163,0.0038829831322386653,0.019526154114964528,142,0.6501571782744616,144.6881561279297,86.95621490478516
2.3109647153742383,static,2.7100000381469727,0.10417426004290409,7.306843634412639,-0.15874642646012696,0.03135272427337224,0.16181292047677343,1.0625115633010864,187,0.05919969964910532,180,0.07540324505715645,4.01039194622872,-0.09954823939715089,0.03136836910512186,0.10437349542574317,142,0.09915063202658517,137.1298065185547,79.47335815429688
0.0,seed,2.4030001163482666,0.0,0.0,0.0,0.0,0.0,0.0,180,0.0,180,0.0,0.0,0.0,0.0,0.0,143,1.0,160.0,88.0
0.0,seed,2.444000005722046,0.0,0.0,-0.011003907964296464,0.006061880398507599,0.012563135932263004,0.0,180,0.0,180,0.0,0.0,-0.03327703666632083,0.0035934028620943793,0.03347049018793972,144,1.0,168.0,88.0
0.3689698646740911,drawer,2.431000232696533,0.003766854968818567,1.0702497931956902,0.002134960456019974,0.006031207590860118,0.0063979310056312515,1.4748080968856812,184,0.019908451540738836,180,0.013653573273455955,2.29829193848877,-0.00022971670526564987,0.0025839404700593203,0.0025941314765232093,144,0.6914462470943521,167.3844757080078,87.7192153930664
0.9453889319272404,drawer,2.4010000228881836,0.029688262784291375,1.7567033801358842,0.024468973912605923,0.015676055803197673,0.02905975584688826,0.7642505764961243,185,0.03180521933127545,180,0.04542455148693003,3.6465944481629693,0.034001064541856967,0.0199087020225346,0.039400873165471806,144,0.38852843040075163,167.60421752929688,87.90609741210938
0.0,seed,3.0320000648498535,0.0,0.0,-0.004958028804709372,0.003969917771026915,0.006351558606912413,0.0,180,0.0,180,0.0,0.0,-0.014912254575078946,0.003969917771026842,0.015431642285274685,145,1.0,200.0,88.0
0.2602339229880107,drawer,3.0200002193450928,0.005809908937957076,0.6477832519907452,0.004958028804709745,0.00396991777102714,0.006351558606912844,1.0181260108947754,184,0.019908451540738836,180,0.01569662724259402,1.6322224955880578,0.014912254575078908,0.003969917771027062,0.015431642285274704,145,0.7708712402070175,199.00439453125,87.64643859863281
0.0,seed,3.2170002460479736,0.0,0.0,-0.010903533354700467,0.007993286248721332,0.013519602977567912,0.0,180,0.0,180,0.0,0.0,-0.030702001412632803,0.008313576006908196,0.03180767889620282,146,1.0,208.0,88.0
0.2770989694282971,drawer,3.2060000896453857,0.005814564986241333,0.7077273423366415,-0.00032602183090484624,0.003667216983735131,0.0036816804098158684,1.008177399635315,184,0.019908451540738836,180,0.01570128329087872,1.6216888158892173,-0.00021603834809844416,0.0024300811301066765,0.0024396653185938533,146,0.7579794766027409,206.97265625,87.76715850830078
0.7606866870713406,drawer,3.183000087738037,0.023976400486390048,1.405050482684507,0.018494653399818605,0.014363125727267874,0.02341690810155615,0.22481903433799744,185,0.03180521933127545,180,0.03971268918902826,2.9464604622024093,0.030501404673161734,0.014274511304742407,0.033676362036674796,146,0.46734539675705844,207.45826721191406,87.75704956054688
0.0,seed,3.3960001468658447,0.0,0.0,-0.03860595725560412,0.02675315768221207,0.04696968577274959,0.0,180,0.0,180,0.0,0.0,-0.06307130130788204,0.03761216973213406,0.07343476261709099,147,1.0,216.0,88.0
0.9386376205040657,drawer,3.3580002784729004,0.028924318362596235,1.7953827334200048,-0.0073398752789975465,0.011498610499737513,0.01364154729258793,0.8333269953727722,185,0.03180521933127545,180,0.044660607065234004,2.977553189779775,0.0,0.0,0.0,147,0.39116038139448417,214.93646240234375,88.2598648071289
2.48576413458922,drawer,3.3500001430511475,0.019919727748985316,7.306109430218404,0.07603180268461597,0.06356339082030069,0.09910166331624642,0.5170348882675171,190,0.10665393781713517,180,0.07157374363056057,12.905962229610696,0.15822039644947322,0.0749161405435779,0.17506033807397262,147,0.08326190689448443,223.91769409179688,87.85404968261719
0.0,seed,3.882000207901001,0.0,0.0,-0.009076443904909927,0.005610837934496775,0.01067067646806727,0.0,180,0.0,180,0.0,0.0,-0.009267825409232742,0.005613310040831678,0.010835212846572132,148,1.0,96.0,96.0
0.4940151093955246,ambiguous,3.883000135421753,0.009564399910437782,1.2968793450188414,-0.0019831762484968916,0.022307517260555985,0.022395497635967043,0.853824257850647,181,0.00019289409045231132,180,0.009467682365702501,1.3016174243381655,-0.0019816636623676553,0.02229050311911919,0.02237841639111693,148,0.6101715636975364,96.0024185180664,95.37175750732422
0.43283610530475713,ambiguous,3.8540000915527344,0.01698258060813007,0.2526432234804,0.009035647211762289,0.007133075678443437,0.011511893379015849,1.3593040704727173,183,0.00917081126755237,180,0.021575636787837027,0.5494853422590954,0.018015076974991596,0.0071497608349911515,0.019382003983397737,148,0.6486667961402474,94.71928405761719,95.64811706542969
0.0,seed,3.3930001258850098,0.0,0.0,-0.0012023132500956957,0.00823112683978757,0.008318473790547577,0.0,180,0.0,180,0.0,0.0,-0.001298760295322113,0.008231126839787386,0.008332960299759832,149,1.0,112.0,96.0
0.39623812974709033,ambiguous,3.3950002193450928,0.009698849876706106,0.9401654901946978,0.0012023132500956957,0.00823112683978757,0.008318473790547577,1.2179898023605347,181,0.00019289409045231132,180,0.009602132331970825,0.9459043235559398,0.0012987602953217015,0.008231126839787781,0.008332960299760158,149,0.6728464521032619,112.06493377685547,95.0365219116211
0.0,seed,3.189000129699707,0.0,0.0,0.0,0.0,0.0,0.0,180,0.0,180,0.0,0.0,-0.0043246240649751,0.001872552308590552,0.004712624051605386,150,1.0,120.0,96.0
0.47410162106289644,ambiguous,3.1690001487731934,0.01266289975378232,1.0587671269545216,0.024018169479355346,0.004111212174582266,0.02436748921582751,1.0530389547348022,181,0.00019289409045231132,180,0.012759617298517156,1.0670970045703885,0.01988643950483267,0.005694464480106551,0.020685681083652156,150,0.6224437733298581,120.6148681640625,94.97186279296875
0.15584404001632876,ambiguous,3.189000129699707,0.006990946337291248,0.11575113914074532,-0.005251538446755053,0.005272748759244277,0.007441809963702281,1.4741867780685425,183,0.00917081126755237,180,0.0023978901575842926,0.43155906198735056,-0.00040535124417765865,0.004559544257820985,0.004577527003763571,150,0.8556926337740235,118.66313171386719,95.57100677490234
0.0,seed,2.936000108718872,0.0,0.0,-0.0032236774545653197,0.007697483284791084,0.008345258848634407,0.0,180,0.0,180,0.0,0.0,-0.0033201244997913652,0.0076974832847908825,0.00838298727267016,151,1.0,136.0,104.0
0.43065105577201374,ambiguous,2.939000129699707,0.008944363520551946,1.104143907448973,0.0032236774545649867,0.007697483284790674,0.0083452588486339,0.9997297525405884,181,0.00019289409045231132,180,0.008847645975816665,1.1128898660910034,0.0033201244997913652,0.0076974832847908825,0.00838298727267016,151,0.6500857148593565,136.4383544921875,103.19180297851562
0.0,seed,2.579000234603882,0.0,0.0,0.0007995871589993391,0.008994059082855459,0.009029531461306917,0.0,180,0.0,180,0.0,0.0,0.0007980745728701029,0.008977044941418665,0.009012450216456802,152,1.0,152.0,96.0
0.28490646144000215,ambiguous,2.577000141143799,0.004257272120384847,0.7928402535854632,0.004404391145813753,0.0009205539390429396,0.0044995645255969,1.2118005752563477,181,0.00019289409045231132,180,0.0041605545756495665,0.8004905785881647,0.0045957726501369405,0.0009279186804921146,0.00468851355222025,152,0.752084151662438,152.11676025390625,94.95074462890625
2.2116203484662353,static,2.634000062942505,0.07245530033600245,8.17070714816023,-0.14105072377332456,0.008132476302967892,0.1412849738924739,0.9452526569366455,186,0.045213219262714155,180,0.05024473560033238,5.46084978774326,-0.09583901709673966,0.008116873175982062,0.09618212322580601,152,0.10947694438541415,144.2543487548828,88.93840789794922
0.0,seed,2.4840002059936523,0.0,0.0,0.0,0.0,0.0,0.0,180,0.0,180,0.0,0.0,0.0,0.0,0.0,153,1.0,160.0,96.0
0.0,seed,2.5880000591278076,0.0,0.0,-0.008690955216730007,0.005287247920317885,0.010172890108032837,0.0,180,0.0,180,0.0,0.0,-0.018645180987099157,0.005287247920317744,0.019380344801179058,154,1.0,168.0,96.0
0.46110580704697635,drawer,2.565000057220459,0.014247883237945125,0.8784530968384586,0.00869095521672997,0.005287247920317882,0.010172890108032802,1.1204068660736084,184,0.019908451540738836,180,0.024134601542582068,2.013886744354039,0.01864518098709956,0.005287247920317937,0.0193803448011795,154,0.6304928156899383,167.08285522460938,95.6467056274414
0.0,seed,3.0220000743865967,0.0,0.0,-0.010846472998055955,0.008521656526772203,0.013793643697654229,0.0,180,0.0,180,0.0,0.0,-0.02080069876842553,0.008521656526772274,0.022478605366326884,155,1.0,184.0,104.0
0.6009507219376441,drawer,2.996000051498413,0.01949273706204302,1.054970469762276,0.010846472998055955,0.008521656526772203,0.013793643697654229,1.4517279863357544,184,0.019908451540738836,180,0.029379455366680407,2.014932955694338,0.020800698768425118,0.008521656526772043,0.022478605366326416,155,0.5482713580951576,182.96726989746094,103.97469329833984
0.0,seed,3.2110002040863037,0.0,0.0,-0.013069302486206703,0.004285859198235089,0.013754099626768197,0.0,180,0.0,180,0.0,0.0,-0.026958894875729878,0.005615808578861438,0.027537598277901223,156,1.0,200.0,96.0
0.5813693191538558,ambiguous,3.189000129699707,0.022702487994716858,0.37785038151433836,-0.004608119942177863,0.017743184745536184,0.018331813175889753,1.360918641090393,183,0.00917081126755237,180,0.027295544174424258,0.4580894420113574,-0.009326901064148541,0.016234818439646876,0.01872325861672357,156,0.5591064166801536,198.8345489501953,95.29932403564453
0.3456819241785918,drawer,3.203000068664551,0.0026441928293747807,1.0179073181854106,0.0016358643905888472,0.009879376915624957,0.01001389737042376,0.896176278591156,184,0.019908451540738836,180,0.012530911134011724,2.0892034322719457,0.007654723541804411,0.011379886958791484,0.01371483210602037,156,0.707737565516097,199.7532196044922,95.42578887939453
0.8674448346800204,drawer,3.1740002632141113,0.027233053301465304,1.6125831498685268,0.022556326679010565,0.008039291760617516,0.023946149695986126,0.82809978723526,185,0.03180521933127545,180,0.04296934200410352,3.3335066246140825,0.04047195362076279,0.006608968962986918,0.0410080175165162,156,0.42002340852268294,200.3529815673828,95.19559478759766
0.0,seed,3.3940000534057617,0.0,0.0,-0.030055886304065638,0.015646392322667985,0.03388459671056694,0.0,180,0.0,180,0.0,0.0,-0.06196624496163957,0.015865813577552897,0.06396514328228761,157,1.0,208.0,96.0
0.6562524586607521,drawer,3.3650002479553223,0.024758869808877648,0.6541188065150534,-0.010218932057277925,0.01082554889835877,0.014886876144511289,1.4066485166549683,184,0.019908451540738836,180,0.034645588113515036,1.6542378862254214,-0.022220839174113122,0.009717677318661706,0.024252813157888145,157,0.5187918901190626,207.45394897460938,95.1524658203125
0.8018942480720229,drawer,3.3570001125335693,0.02819106290909179,1.1475710473133547,0.0004328619967464458,0.004868995618104391,0.0048881988336551,0.8635490536689758,185,0.03180521933127545,180,0.04392735161173,2.8046194424812554,0.00032772267044797797,0.0036863486708429228,0.00370088755189224,157,0.4484786292201208,207.83468627929688,95.15718841552734
1.1388435930401435,drawer,3.3570001125335693,0.02874526257266119,2.650434047017404,0.02239460874363615,0.010459806333444089,0.024716918281082325,0.8147614002227783,186,0.045213219262714155,180,0.05095582730833126,5.006032873637035,0.03569746934877641,0.010747804914821966,0.037280351774009624,157,0.3201890766848007,208.8643035888672,96.14210510253906
2.5596816480143727,drawer,3.3560001850128174,0.014150234144190588,7.605356166347336,0.08599646796092926,0.06755577592539969,0.109358014624617,1.0393420457839966,190,0.10665393781713517,180,0.06580425002576584,13.162645482832563,0.1607400471204905,0.06805756713627348,0.17455427577921395,157,0.07732935447867391,215.9820098876953,95.86167907714844
0.0,seed,3.642000198364258,0.0,0.0,-0.015673735903258365,0.0027667164232883018,0.015916052177973768,0.0,180,0.0,180,0.0,0.0,-0.01577018294848437,0.0027667164232881712,0.01601103962881735,158,1.0,112.0,112.0
0.5877769002220111,ambiguous,3.619000196456909,0.01720469922996637,1.2018010378999235,0.015673735903258396,0.0027667164232883265,0.015916052177973802,1.4409786462783813,181,0.00019289409045231132,180,0.01730141677470165,1.2092159796837447,0.015770182948484812,0.002766716423288393,0.016011039628817825,158,0.5555197865698029,113.02567291259766,110.76769256591797
0.0,seed,3.4240002632141113,0.0,0.0,-0.01671606546507208,0.0016209991750578763,0.01679447775187171,0.0,180,0.0,180,0.0,0.0,-0.0168125125102985,0.0016209991750580166,0.016890477057634645,159,1.0,120.0,112.0
0.6484477159567398,ambiguous,3.4000000953674316,0.018448420041102587,1.3674515810962884,0.016716065465072052,0.001620999175057866,0.016794477751871678,0.9489582180976868,181,0.00019289409045231132,180,0.01854513758583831,1.375684564395041,0.01681251251029806,0.0016209991750576807,0.016890477057634173,159,0.5228567693727324,121.09339904785156,110.9900131225586
0.0,seed,3.0300002098083496,0.0,0.0,-0.011650174438108247,0.0026616539188565073,0.011950354221616822,0.0,180,0.0,180,0.0,0.0,-0.011746621483334625,0.0026616539188568026,0.012044397778905522,160,1.0,136.0,112.0
0.5010710881351642,ambiguous,3.015000104904175,0.009893955520366315,1.307293718599732,0.011650174438108618,0.0026616539188566565,0.011950354221617217,1.0453155040740967,181,0.00019289409045231132,180,0.009990673065101596,1.3167174961915733,0.011746621483334664,0.0026616539188564206,0.012044397778905478,160,0.6058813597102409,136.7496795654297,111.27909851074219
0.0,seed,2.870000123977661,0.0,0.0,-0.0025722671212698766,0.006452105318781184,0.0069459499845457035,0.0,180,0.0,180,0.0,0.0,-0.0026687141664959216,0.006452105318780993,0.006982241641987048,161,1.0,144.0,112.0
0.3587600845302879,ambiguous,2.873000144958496,0.007926139630663354,0.8972156547579686,0.002572267121269503,0.006452105318781222,0.006945949984545601,1.0622832775115967,181,0.00019289409045231132,180,0.007829422085928073,0.9067322673574685,0.002668714166495882,0.006452105318781415,0.006982241641987424,161,0.6985416724446774,144.4005584716797,111.0255355834961
0.0,seed,2.7110002040863037,0.0,0.0,0.011164514115615476,0.05204126937307019,0.05322537076806727,0.0,180,0.0,180,0.0,0.0,-0.01843533570893696,0.05204126937307037,0.055210101617925667,162,1.0,160.0,112.0
2.913267714880881,static,2.7910001277923584,0.10086504774992244,3.7066834786732854,-0.0111645141156159,0.052041269373070645,0.05322537076806782,0.7264487743377686,187,0.05919969964910532,180,0.0720940327641757,6.866435955498964,0.01843533570893696,0.05204126937307037,0.055210101617925667,162,0.05390910884617061,160.439208984375,111.03931427001953
0.0,seed,3.01200008392334,0.0,0.0,0.0,0.0,0.0,0.0,180,0.0,180,0.0,0.0,0.0,0.0,0.0,163,1.0,176.0,112.0
0.0,seed,3.186000108718872,0.0,0.0,-0.028290893763775127,0.016830368150229404,0.032918626369055355,0.0,180,0.0,180,0.0,0.0,-0.05401665578790899,0.017269911725285726,0.05671021912767225,164,1.0,184.0,112.0
0.45100540744027784,drawer,3.1700000762939453,0.010307620117854022,1.1104113382367147,-0.00766833299507144,0.013836351429112161,0.01581922728179842,1.416156530380249,184,0.019908451540738836,180,0.020194338422490965,2.175203018397066,-0.013485643478466569,0.014243269556251015,0.019614619743455006,164,0.6369873976973588,183.46859741210938,111.75189208984375
0.9847267317970881,drawer,3.1520001888275146,0.024753416343245682,2.2979480543776156,0.007565044263616899,0.01397771510533148,0.01589359664381523,0.9372335076332092,185,0.03180521933127545,180,0.040489705045883895,3.6482465097728243,0.013644501570758442,0.013621025911376676,0.019279646521469847,164,0.3735412899477554,182.9942169189453,112.70375061035156
1.684403592699888,drawer,3.13700008392334,0.02940277534843272,4.546646695981732,0.03709784629559992,0.03293195341188582,0.049606085869523864,0.8537788391113281,187,0.05919969964910532,180,0.058173790334179465,7.2090076134930925,0.07057178392057134,0.03223291392315588,0.07758438905932938,164,0.18555506535695918,184.37918090820312,112.02124786376953
0.0,seed,3.370000123977661,0.0,0.0,-0.021629890861844248,0.008578784346853283,0.02326902919257931,0.0,180,0.0,180,0.0,0.0,-0.05334422597549855,0.009593443696446054,0.05420000559854155,165,1.0,192.0,112.0
0.3219387572546207,drawer,3.3680002689361572,0.002605137483019604,0.9458465261133974,-0.009092206040130224,0.005667780109296518,0.01071410015090011,1.190268635749817,184,0.019908451540738836,180,0.0072815808216173394,1.975522318954271,-0.020898089613045793,0.005905696144062408,0.021716523580464855,165,0.7247425741957312,191.39190673828125,111.63678741455078
0.49571820582089055,drawer,3.3610000610351562,0.0007315438316690681,1.4861421875501168,-0.0004218922682287766,0.004745603958670697,0.004764320520131093,0.7373315691947937,185,0.03180521933127545,180,0.016467832534306837,3.0709589897712144,-0.0003310080506076757,0.0037233038707024883,0.003737988502277023,165,0.6091281114806992,191.58628845214844,111.70599365234375
1.2946442617733447,drawer,3.3440001010894775,0.006969835211006803,3.8485944498931057,0.03070921510177824,0.032318976418242884,0.044582195200440995,1.2080823183059692,187,0.05919969964910532,180,0.03574085019675444,6.56471934974284,0.05819457963722921,0.03142537414431582,0.06613745715752947,165,0.2739953176048871,192.6827850341797,111.26246643066406
2.481045793035419,drawer,3.325000047683716,0.02566405343822975,7.189952960593484,0.09329867252626944,0.034866156023572736,0.0996006582860986,0.8522219061851501,190,0.10665393781713517,180,0.077318069319805,12.70022815435922,0.16823827522975032,0.03463719358745306,0.17176685486989599,165,0.08365508496374108,199.16415405273438,111.52317810058594
0.0,seed,3.828000068664551,0.0,0.0,0.0,0.0,0.0,0.0,180,0.0,180,0.0,0.0,0.0,0.0,0.0,166,1.0,112.0,120.0
0.0,seed,3.555000066757202,0.0,0.0,-0.015132631941009953,0.0006280963323746404,0.015145661242244165,0.0,180,0.0,180,0.0,0.0,-0.015229078986235958,0.0006280963323748383,0.0152420258421168,167,1.0,120.0,120.0
0.568231841509879,ambiguous,3.5360002517700195,0.014443166301569832,1.3162763422883934,0.015132631941009953,0.0006280963323746404,0.015145661242244165,0.9608833193778992,181,0.00019289409045231132,180,0.014539883846304669,1.3243963783354464,0.015229078986236369,0.0006280963323744803,0.015242025842117195,167,0.5665262618515833,120.90518951416016,119.14862823486328
0.0,seed,3.13100004196167,0.0,0.0,-0.014512347322637013,0.004218372686096069,0.015113004100166553,0.0,180,0.0,180,0.0,0.0,-0.01460879436786302,0.004218372686095856,0.015205641749078066,168,1.0,136.0,120.0
0.6570801468540625,ambiguous,3.1050002574920654,0.021786506552188722,1.1026659142379187,0.014512347322636975,0.004218372686095755,0.015113004100166427,0.9448889493942261,181,0.00019289409045231132,180,0.021883224096924003,1.1122390434752945,0.01460879436786339,0.004218372686096002,0.015205641749078463,168,0.5183626698516034,136.78025817871094,119.00826263427734
0.0,seed,2.9600000381469727,0.0,0.0,-0.0069985723517012825,0.0030258119244709765,0.007624667387123741,0.0,180,0.0,180,0.0,0.0,-0.007095019396927662,0.0030258119244711943,0.007713289703171522,169,1.0,144.0,120.0
0.33494816908654046,ambiguous,2.947000026702881,0.008924256960744614,0.7494826187607445,0.0069985723517016155,0.0030258119244713343,0.0076246673871241885,1.170315146446228,181,0.00019289409045231132,180,0.009020974505479451,0.7584555805456714,0.007095019396927662,0.0030258119244711943,0.007713289703171522,169,0.7153751639398823,144.25537109375,118.94544982910156
0.0,seed,2.9900002479553223,0.0,0.0,-0.05926174446127601,0.03041880875794632,0.06661274865103593,0.0,180,0.0,180,0.0,0.0,-0.11258871336984377,0.03041880875794621,0.11662556454109597,170,1.0,160.0,128.0
2.988723666848973,drawer,2.9620001316070557,0.011362740690540107,8.925579427048195,0.059261744461276356,0.030418808757946066,0.06661274865103611,0.7673971056938171,190,0.10665393781713517,180,0.06301675657211625,14.798888092546054,0.11258871336984375,0.030418808757946166,0.11662556454109595,170,0.04791143330847519,168.5795440673828,127.73394775390625
0.0,seed,3.001000165939331,0.0,0.0,-0.007350506868692942,0.006613031116743758,0.00988747347797825,0.0,180,0.0,180,0.0,0.0,-0.029827878033183278,0.0037165485781723746,0.03005852693157754,171,1.0,168.0,120.0
0.397825463009512,drawer,2.997000217437744,0.0028163581372186997,1.1746357327529373,0.006308562583382338,0.011763304165990054,0.013348156680607648,1.1546764373779297,184,0.019908451540738836,180,0.007070360167418688,2.27986373176853,0.003739642959630745,0.009019629788209622,0.009764151319079102,171,0.6717792677620125,167.411865234375,119.75154876708984
0.9107291845160228,drawer,2.9670002460479736,0.024132578575571273,2.0466933676765175,0.025696103780077965,0.018836781734501856,0.03186085522376635,0.5728845000267029,185,0.03180521933127545,180,0.039868867278209486,3.5315719050637067,0.035023951946863044,0.02278357423963454,0.04178239420029817,171,0.40222602162424176,166.97607421875,120.42041015625
0.0,seed,3.38100004196167,0.0,0.0,-0.019090655305303447,0.012418740269274814,0.022774508334135746,0.0,180,0.0,180,0.0,0.0,-0.039532840278718305,0.011723130812961847,0.04123441834875894,172,1.0,184.0,120.0
0.656086333062031,drawer,3.3520002365112305,0.024217013265128706,0.7584095188503405,0.00336008218189561,0.01417379240129965,0.014566624293371203,1.477288842201233,184,0.019908451540738836,180,0.03410373156976565,1.7700107364864552,0.002826348749219488,0.015525922165374425,0.01578108064542728,172,0.5188780818915519,183.32986450195312,119.25797271728516
0.8445160737188734,drawer,3.3480000495910645,0.024991489904215847,1.7045922227890558,0.011371416112885719,0.014072453718813658,0.018092624411083908,0.7838639616966248,185,0.03180521933127545,180,0.040727778606853615,3.041907828688078,0.022734450470746268,0.014789080366584237,0.027121433153432406,172,0.42976307963500937,182.88095092773438,120.12281799316406
0.0,seed,3.6120002269744873,0.0,0.0,0.0,0.0,0.0,0.0,180,0.0,180,0.0,0.0,0.0,0.0,0.0,173,1.0,192.0,120.0
0.0,seed,3.871000289916992,0.0,0.0,-0.027147642805530642,0.012169501339925662,0.02975048357185362,0.0,180,0.0,180,0.0,0.0,-0.04518122127832143,0.011917614741223614,0.046726569500883275,174,1.0,120.0,136.0
0.5585475530071924,ambiguous,3.8540000915527344,0.014674504930670018,1.2635207404635063,0.0033606907566145947,0.015342474289517044,0.01570623314757827,0.8602928519248962,181,0.00019289409045231132,180,0.014771222475404855,1.2711028398873352,-0.014479993625723764,0.015441735979368045,0.021168784222470368,174,0.5720393175396461,121.03416442871094,134.94467163085938
0.7142236695665366,drawer,3.8580002784729004,0.002222546803600345,2.136177230151319,0.000400124412934081,0.01875701198856131,0.01876127922836976,1.1422820091247559,185,0.03180521933127545,180,0.013513741899037868,3.290471704936103,0.014171765271418705,0.018654580977696247,0.02342717060085609,174,0.47398617769405316,118.87186431884766,136.2108917236328
0.6800821083397338,drawer,3.8530001640319824,0.002777849797356957,2.0295812470397814,0.004165162037439468,0.011737739651969292,0.01245484271018864,1.2967250347137451,186,0.045213219262714155,180,0.01943271493831311,3.8365550829604307,0.03134480282736282,0.012769627924610285,0.0338461232878928,174,0.20676725654416397,118.99321746826172,135.33660888671875
0.0,seed,3.3590002059936523,0.0,0.0,-0.0055478705915051624,0.009446154268145377,0.010954848175930555,0.0,180,0.0,180,0.0,0.0,-0.0056052262131249826,0.009525833513201944,0.011052604445176925,175,1.0,136.0,136.0
0.5357325466605509,ambiguous,3.3450002670288086,0.01176230104649667,1.3434492159094629,0.020186776129366944,0.013131782310005937,0.0240821435328038,0.31978854537010193,181,0.00019289409045231132,180,0.011859018591231951,1.3523725720179551,0.020322314598199546,0.013219951993760047,0.02424383635783567,175,0.5852404171660238,136.676513671875,135.4114990234375
1.487377306373314,ambiguous,3.4050002098083496,0.05137140720855271,2.276564576584913,-0.009857130697828252,0.057975891421457565,0.058807882224296296,1.3490521907806396,182,0.0011284266228279716,180,0.05081424105487731,2.320857893101953,-0.008786059696620257,0.057981464029065684,0.05864337145787588,175,0.22596451476019472,135.40472412109375,134.73135375976562
0.0,seed,3.1580002307891846,0.0,0.0,-0.00802426674444001,0.004363399697787094,0.009133899151434418,0.0,180,0.0,180,0.0,0.0,-0.008120713789666016,0.004363399697787136,0.00921874445769708,176,1.0,144.0,136.0
0.393954951106841,ambiguous,3.1470000743865967,0.008795857694073206,0.9806194589561311,0.008024266744439595,0.004363399697787103,0.009133899151434059,0.5848339796066284,181,0.00019289409045231132,180,0.00889257523880893,0.9889054804740692,0.008120713789666016,0.004363399697787136,0.00921874445769708,176,0.6743844358285535,144.20591735839844,135.2257537841797
0.0,seed,3.1570000648498535,0.0,0.0,-0.005890827142261384,0.012903295300503598,0.01418438839118563,0.0,180,0.0,180,0.0,0.0,-0.005987274187487802,0.012903295300503803,0.014224713768936135,177,1.0,160.0,136.0
0.6710322015253999,ambiguous,3.13100004196167,0.023730643770010218,0.940678484963724,0.005890827142261393,0.012903295300503768,0.014184388391185786,1.498981237411499,181,0.00019289409045231132,180,0.023827361314745943,0.9398743769748551,0.0059872741874874,0.012903295300503628,0.014224713768935806,177,0.5111801154782601,159.3271484375,134.95460510253906
0.0,seed,3.630000114440918,0.0,0.0,-0.0025560115681752247,0.010853940396799768,0.011150839308048855,0.0,180,0.0,180,0.0,0.0,-0.0026524586134016414,0.01085394039679997,0.011173341435447808,178,1.0,176.0,136.0
0.4918619841190314,ambiguous,3.6100001335144043,0.017485225468724774,0.676465195538763,0.0025560115681755977,0.01085394039679999,0.011150839308049157,1.2546837329864502,181,0.00019289409045231132,180,0.01758194301345961,0.6731889020220573,0.002652458613401602,0.010853940396799851,0.011173341435447683,178,0.6114867548919365,175.43589782714844,134.67645263671875
0.0,seed,3.7890002727508545,0.0,0.0,0.0,0.0,0.0,0.0,180,0.0,180,0.0,0.0,0.0,0.0,0.0,179,1.0,184.0,136.0
0.0,seed,3.8570001125335693,0.0,0.0,0.0,0.0,0.0,0.0,180,0.0,180,0.0,0.0,0.0,0.0,0.0,180,1.0,192.0,136.0
0.0,seed,3.7430002689361572,0.0,0.0,-0.026824095308537833,0.004246129719444643,0.02715808731696458,0.0,180,0.0,180,0.0,0.0,-0.027672835712160587,0.00464231641231367,0.028059524907315645,181,1.0,128.0,144.0
0.5534791521456749,ambiguous,3.7260000705718994,0.01590083274950338,1.1553559342344943,0.000978492774567781,0.0022610761252180346,0.002463719414607182,0.16217170655727386,181,0.00019289409045231132,180,0.01599755029423955,1.1635363941289991,0.0003226464613974514,0.002281780746434129,0.0023044791415523357,181,0.5749459334692071,128.6387939453125,143.20448303222656
0.8826642334145698,ambiguous,3.753000259399414,0.014108753153475817,2.427379284454601,0.00016064388174468315,0.0360747361367463,0.03607509381543743,1.3350530862808228,182,0.0011284266228279716,180,0.01355158699979997,2.4723286872345502,0.0004403301009497456,0.036063389467922,0.036066077559291504,181,0.4135308675836013,127.86079406738281,142.7471923828125
0.0,seed,3.4900002479553223,0.0,0.0,-0.015651183644523482,0.014970114047179926,0.021657882261665682,0.0,180,0.0,180,0.0,0.0,-0.015844077734975905,0.014970114047179963,0.021797685974835355,182,1.0,136.0,144.0
0.41508021022449665,ambiguous,3.4900002479553223,0.0011378457462516423,1.2423129961808665,0.0,0.0,0.0,0.4269527494907379,181,0.00019289409045231132,180,0.0010411282015163614,1.2503911989571657,0.0,0.0,0.0,182,0.6602873167869756,136.36878967285156,143.44468688964844
0.794905109313986,ambiguous,3.495000123977661,0.008284739132188967,2.302343288657002,0.008665836339372637,0.017690139217230526,0.01969867368595634,1.4039864540100098,182,0.0011284266228279716,180,0.007727572978513564,2.3479078558285758,0.009601368871748029,0.01769013921723029,0.020127774584796032,182,0.45162344175546304,135.53192138671875,142.7472381591797
0.0,seed,3.265000104904175,0.0,0.0,-0.002941315386193872,0.007983550512258766,0.008508138161951062,0.0,180,0.0,180,0.0,0.0,-0.0030377624314202895,0.00798355051225861,0.00854195992565718,183,1.0,144.0,144.0
0.3590537404999384,ambiguous,3.2700002193450928,0.0061715210802471,0.9726423492763633,0.002941315386193872,0.007983550512258766,0.008508138161951062,0.6366715431213379,181,0.00019289409045231132,180,0.006074803535511819,0.9795458948470547,0.003037762431419878,0.00798355051225896,0.008541959925657362,183,0.6983368213732367,143.98672485351562,143.24874877929688
0.0,seed,3.384000062942505,0.0,0.0,-0.0026824206539447907,0.010414760311439626,0.010754655406355318,0.0,180,0.0,180,0.0,0.0,-0.0027788676991707967,0.010414760311439543,0.010779115828036688,184,1.0,160.0,144.0
0.47367449083934193,ambiguous,3.369000196456909,0.013756961845935223,0.9771151230922218,0.002682420653944449,0.010414760311439342,0.010754655406354955,1.1334004402160645,181,0.00019289409045231132,180,0.013853679390670948,0.9760238673717883,0.0027788676991708657,0.010414760311439503,0.010779115828036668,184,0.6227091750357395,159.2551727294922,142.9530792236328
0.0,seed,3.633000135421753,0.0,0.0,-0.0020977786829628102,0.01069382029519828,0.010897635886222655,0.0,180,0.0,180,0.0,0.0,-0.0021942257281888167,0.01069382029519813,0.010916612068413769,185,1.0,176.0,144.0
0.48934961301799623,ambiguous,3.614000082015991,0.017673829502644622,0.6309663157409136,0.0020977786829628102,0.01069382029519828,0.010897635886222655,1.3429301977157593,181,0.00019289409045231132,180,0.017770547047379903,0.6270337093275938,0.002194225728189228,0.010693820295198496,0.010916612068414211,185,0.6130249680155913,175.42832946777344,142.61062622070312
0.0,seed,3.181000232696533,0.0,0.0,0.0,0.0,0.0,0.0,183,0.00917081126755237,183,0.0,0.0,0.0,0.0,0.0,186,1.0,136.0,24.0
0.0,seed,3.0230002403259277,0.0,0.0,-0.020414658873299973,0.011321701173155403,0.023343933138343115,0.0,183,0.00917081126755237,183,0.0,0.0,-0.041196787904508196,0.012656905549419593,0.04309724575580162,187,1.0,144.0,32.0
0.6260499161213792,ambiguous,2.989000082015991,0.021626671649781493,0.9468691910123047,0.010541070519590193,0.007423683261842802,0.012892836804642276,0.3999086320400238,184,0.019908451540738836,183,0.026959081577308197,1.3853411628281773,0.0004965817615681766,0.007274576460144305,0.007291505751242867,187,0.5346996800873615,144.72589111328125,31.502193450927734
0.4587146345358701,drawer,2.999000072479248,0.004324085727474003,1.3373845307846504,-0.0021620293777148713,0.0053812575215228895,0.005799336474377808,0.4808485507965088,185,0.03180521933127545,183,0.015522926276069882,2.1376373605835086,-0.0003097503452001659,0.005462180403790058,0.005470956044413056,187,0.6320949192536098,144.4319610595703,31.31542205810547
0.5280949330497593,drawer,2.991000175476074,0.007293282670419288,1.486860276452743,0.0011839098962221515,0.006289157988441327,0.006399621148626542,1.0685096979141235,186,0.045213219262714155,183,0.02499877343307677,2.767430936476148,0.016444188860175585,0.005449465661928886,0.017323626158217132,187,0.5897237146865744,144.57427978515625,31.03580665588379
0.0,seed,3.1410000324249268,0.0,0.0,-0.01726437634271929,0.03412110690223842,0.03824014417777511,0.0,183,0.00917081126755237,183,0.0,0.0,-0.04152017044333447,0.03154573926976269,0.05214458955365736,188,1.0,160.0,32.0
0.7069507786419197,ambiguous,3.1040000915527344,0.017330997601518128,1.6758490587811663,-0.00014326841912269342,0.0016115374187717143,0.0016178932882051633,0.8613993525505066,185,0.03180521933127545,183,0.028529838150113562,1.8064308384750143,-0.0017646544560145823,0.0035632052422885523,0.00397623401572452,188,0.49314561736594137,159.2407684326172,31.445283889770508
0.8146327494018741,drawer,3.0950000286102295,0.022264821867465034,1.7844328932854396,0.0012582986992390097,0.006035800764042773,0.006165566192956322,1.2026315927505493,186,0.045213219262714155,183,0.039970312630122073,2.0465881897117155,0.013044912593785851,0.008485899449067837,0.015562141049328737,188,0.442716376894635,159.24484252929688,31.091323852539062
0.0,seed,3.26200008392334,0.0,0.0,-0.007679687142616004,0.019963682843906903,0.02138986272280784,0.0,183,0.00917081126755237,183,0.0,0.0,-0.01899689117447767,0.019963682843906927,0.0275577667271325,189,1.0,176.0,32.0
0.7662764566170195,drawer,3.2210001945495605,0.02136705637150005,1.6481858346485758,0.007679687142616748,0.019963682843907385,0.021389862722808555,0.93792724609375,185,0.03180521933127545,183,0.03256589692009548,1.595255031239856,0.018996891174478392,0.01996368284390746,0.02755776672713339,189,0.46450681457938126,175.1224365234375,31.300268173217773
0.0,seed,2.995000123977661,0.0,0.0,-0.0014404069076107693,0.018183994742650634,0.018240954932794463,0.0,183,0.00917081126755237,183,0.0,0.0,-0.015188898684434555,0.017772883716476638,0.023379008508604856,190,1.0,96.0,40.0
0.40126657775146923,ambiguous,2.9860000610351562,0.004368951964539569,1.1583459125616702,0.004300422649160454,0.004635535688078269,0.006323118382322087,0.7036256790161133,184,0.019908451540738836,183,0.0009634579629871354,1.4342547606075362,0.001289571145522911,0.0054510519501341425,0.005601514179436351,190,0.6694715710221825,95.94050598144531,39.6242790222168
0.6524394115666783,ambiguous,2.9860000610351562,0.01118776327593718,1.768342629935786,0.0025091898500187917,0.005417524460208789,0.005970394038955709,0.6816225647926331,185,0.03180521933127545,183,1.107727265825531e-05,2.3681686975888243,0.01139510613691792,0.0066392569337952925,0.013188183214702975,190,0.5207738442690099,95.74360656738281,39.65705871582031
1.1862596376926373,ambiguous,3.00600004196167,0.03916130797831485,2.083556809159938,-0.020784431229266084,0.021210430758048186,0.029696379484139945,1.2021688222885132,186,0.045213219262714155,183,0.02145581721565737,3.1741812853812705,0.0015094849890717747,0.020511077390753727,0.020566546639183784,190,0.30536129254658273,95.99559020996094,39.099361419677734
0.0,seed,2.696000099182129,0.0,0.0,-0.033224507881711024,0.019086207284541096,0.03831646163844396,0.0,183,0.00917081126755237,183,0.0,0.0,-0.045234986344370245,0.017168942248694953,0.04838363946123094,191,1.0,120.0,40.0
0.7307024766198044,ambiguous,2.6610000133514404,0.02332950496190378,1.3205452847603119,0.0012810209644641731,0.0020068407912216435,0.0023808453693400233,0.5357552170753479,184,0.019908451540738836,183,0.02866191488943093,1.7143482524906837,8.182774991181588e-06,9.204295104551586e-05,9.240596649418009e-05,191,0.4815705217609005,120.38905334472656,39.90691375732422
0.8216372335985003,drawer,2.6520001888275146,0.025989440150950838,1.5087669870856075,0.0039108377238014965,0.0029882237955773956,0.004921801819899278,0.7563740611076355,185,0.03180521933127545,183,0.03718828069954627,2.3020968376644912,0.014534767324865215,0.00476762836989277,0.015296723226278754,191,0.4397109977243974,120.10235595703125,39.5212287902832
0.0,seed,2.7870001792907715,0.0,0.0,-0.0057588528029334065,0.01190257333330983,0.013222542779687735,0.0,183,0.00917081126755237,183,0.0,0.0,-0.01653730488739965,0.020525409198495104,0.026358582581475807,192,1.0,136.0,40.0
0.3772388760723171,ambiguous,2.7740001678466797,0.0015719832121767752,1.1255587116955799,0.009173481417445704,0.005937276850558519,0.01092721454518029,0.8255309462547302,184,0.019908451540738836,183,0.006904393139703924,1.6322509915268548,0.009132669606165668,0.01600347244121403,0.018425981230644924,192,0.6857522445265859,136.99014282226562,39.459266662597656
0.3900514171539131,drawer,2.7690000534057617,6.463775847498354e-05,1.1701442093776273,0.007344962088479435,0.010672321541596386,0.012955574675344295,0.7965043783187866,185,0.03180521933127545,183,0.011263478307070862,2.1484640239056936,0.019200918067736123,0.021093520623819584,0.02852388239618544,192,0.677022063055601,136.57064819335938,39.13936233520508
0.46998666621294627,drawer,2.75600004196167,0.007943848988251734,1.277897904197867,0.015239230247236214,0.015972649888717008,0.022076224382711156,1.0212894678115845,186,0.045213219262714155,183,0.025649339750908773,2.854477225997732,0.040503186157931616,0.02634789329802131,0.0483189359380769,192,0.6240138836588381,136.7537841796875,38.7606086730957
2.3830305164613907,ambiguous,2.820000171661377,0.07389389755585096,4.51611303462464,-0.042725190604376975,0.09152101731260476,0.10100266591587788,1.0577605962753296,188,0.07293716335462896,183,0.042794221392858045,7.024456013839488,0.0102627093982334,0.08132183531095837,0.08196684758202687,192,0.07971064905477657,142.64385986328125,32.81840896606445
1.9097214373408513,drawer,2.7980000972747803,0.055226985579123866,3.9581512822618485,-0.029410159937138733,0.07262172816759421,0.07835095985101923,0.733341634273529,189,0.08973465676920167,183,0.016162039126086825,7.253113940883142,0.04037523348004413,0.06232077843661254,0.07425657481673542,192,0.1247189092810278,142.80960083007812,32.52885437011719
2.800976867939778,static,2.8390002250671387,0.09668853635366714,3.628164642337415,-0.07175360865649308,0.09722861278377916,0.12083866723481859,0.64861661195755,190,0.10665393781713517,183,0.04947607453522718,7.5392245460585805,0.014951065808623362,0.08726188562302178,0.08853344594727534,192,0.05949320102190803,142.88543701171875,32.3681640625
0.0,seed,2.828000068664551,0.0,0.0,-0.008510281121130656,0.007029821519263957,0.01103826414584193,0.0,183,0.00917081126755237,183,0.0,0.0,-0.020865167002360685,0.005320801703599257,0.021532907950516714,193,1.0,144.0,40.0
0.23009847796305072,ambiguous,2.813000202178955,0.0037175591695843835,0.6314815130225964,0.0016172456080438256,0.00253356857200534,0.003005736692691198,0.8474270105361938,184,0.019908451540738836,183,0.009049969097111088,1.0830065217306015,0.0,0.0,0.0,193,0.794455362305115,144.40394592285156,39.35985565185547
0.31367592801676686,drawer,2.809000015258789,0.0011337411195322389,0.9371782595350813,-0.0017534945833784473,0.005409124313308859,0.005686243847283248,0.9963573217391968,185,0.03180521933127545,183,0.012332581668127673,1.630390694995548,0.008526027599114453,0.006716073671940582,0.010853515199592932,193,0.7307556330485752,143.92054748535156,39.03129577636719
0.0,seed,2.9210002422332764,0.0,0.0,0.006800828658920181,0.01119999617831176,0.01310309829170903,0.0,183,0.00917081126755237,183,0.0,0.0,0.00025542621976052993,0.0028731308225505505,0.0028844623896371324,194,1.0,160.0,40.0
0.2255373647390805,ambiguous,2.9100000858306885,4.534441009784729e-06,0.6766120087498765,0.006955885920914683,0.0021135484130411154,0.007269899300475058,0.5848788619041443,184,0.019908451540738836,183,0.005336944368536933,0.7467808146261492,0.01114812375494124,0.008400887117653614,0.013959067576992513,194,0.798087144429887,159.78045654296875,39.37803268432617
0.5389349152369326,ambiguous,2.892000198364258,0.011248048972912983,1.3792717022788,0.010123904716826802,0.01537643802513253,0.018410005243240143,1.2483453750610352,185,0.03180521933127545,183,0.022446889521508417,1.1777107309586146,0.02621291034139007,0.02529003561790755,0.03642392853771799,194,0.5833324015035825,158.99310302734375,38.83112716674805
0.850160404887873,static,2.934000253677368,0.055716374744937625,2.4147068957327757,-0.06897556635959882,0.04451223687375653,0.08209121747259467,0.42392298579216003,187,0.05919969964910532,183,0.03140236798683649,0.9788222021698384,-0.025492080417205725,0.03455427966075607,0.04294000939532995,194,0.39482272401517743,159.5439453125,32.608192443847656
0.9788948894866542,static,2.945000171661377,0.06671244477384697,3.880106713055335,-0.09696683234510659,0.04339887870646791,0.10623572491409243,0.9838405847549438,188,0.07293716335462896,183,0.035612768610854495,1.2206973811043709,-0.03974588269718962,0.033329706830866536,0.05187103766853203,194,0.3643095326493859,159.7734375,31.600404739379883
0.0,seed,3.0270001888275146,0.0,0.0,0.0047010902106845495,0.0073647035136233776,0.008737225361209966,0.0,183,0.00917081126755237,183,0.0,0.0,0.0,0.0,0.0,195,1.0,176.0,40.0
0.6835520113173975,ambiguous,2.992000102996826,0.024295335305458465,0.9407225988878667,0.02336861210995029,0.02293479495027945,0.03274289008863877,0.9241873025894165,184,0.019908451540738836,183,0.02962774523298517,0.9533230712776283,0.02940516217245196,0.030252700098667797,0.04218873576736015,195,0.5048206752331582,175.66619873046875,39.682247161865234
1.6333717479132939,static,3.068000078201294,0.08434925879848709,3.6705422004524837,-0.10717463070556478,0.06868333228491527,0.12729415383525777,1.2395297288894653,187,0.05919969964910532,183,0.06003525204038507,1.9332168229272189,-0.06184683253469657,0.061351151391936816,0.08711483496908637,195,0.1390079606750166,175.2040252685547,31.543983459472656
0.0,seed,3.0830001831054688,0.0,0.0,0.0029926229579106825,0.00814560340964582,0.008677940255351362,0.0,183,0.00917081126755237,183,0.0,0.0,-0.002376197178682781,0.008145603409645989,0.008485114491815438,196,1.0,184.0,40.0
0.31770810577158093,ambiguous,3.069000244140625,0.003448551042504633,1.054881978248629,-0.002992622957910351,0.008145603409646113,0.008677940255351523,0.9547953605651855,184,0.019908451540738836,183,0.008780960970031781,0.6890056525510685,0.0023761971786824087,0.008145603409645746,0.008485114491815103,196,0.7278152024688254,183.26504516601562,39.20671463012695
0.0,seed,3.205000162124634,0.0,0.0,0.001465237133240309,0.0027500337455321124,0.00311602398228763,0.0,183,0.00917081126755237,183,0.0,0.0,-0.0039035830033524697,0.002750033745531779,0.0047750021848817865,197,1.0,200.0,40.0
0.16411226937046716,ambiguous,3.198000192642212,0.0032341750445077366,0.42843746497262225,-0.001465237133240602,0.0027500337455317278,0.003116023982287428,1.216792345046997,184,0.019908451540738836,183,0.002098234883018968,0.5238185479318064,0.003903583003352842,0.0027500337455319307,0.0047750021848821786,197,0.848646739496468,200.015869140625,39.39313507080078
0.0,seed,3.9040002822875977,0.0,0.0,-0.00521285981177157,0.013437345771833574,0.014413055498713547,0.0,183,0.00917081126755237,183,0.0,0.0,-0.010581679948365348,0.013437345771833677,0.017103631541911024,198,1.0,72.0,56.0
0.5676297115805939,ambiguous,3.8960001468658447,0.007876356182112243,1.5971453769121768,0.005212859811772195,0.013437345771833841,0.01441305549871402,0.41660448908805847,184,0.019908451540738836,183,0.0025439462545855385,1.8167788893304941,0.010581679948365348,0.013437345771833677,0.017103631541911024,198,0.5668674869901948,71.78146362304688,55.998687744140625
0.0,seed,3.4000000953674316,0.0,0.0,0.01324509529303277,0.028084925208595787,0.031051498728627225,0.0,183,0.00917081126755237,183,0.0,0.0,0.0007604065104468774,0.027692357849234326,0.027702795911445113,199,1.0,88.0,56.0
0.4775067870165519,ambiguous,3.3960001468658447,0.009690969662660365,1.2344404852734663,0.015567418188319648,0.009577624274001816,0.018277729502976407,0.2750418782234192,184,0.019908451540738836,183,0.00435855973513366,1.487046821644035,0.013820369678920742,0.009973164364272636,0.01704308145550063,199,0.6203280014561064,87.80106353759766,55.74476623535156
0.9916486252875618,ambiguous,3.4170000553131104,0.03730246113473301,1.7933637954586,-0.01076429766717621,0.009457205763851855,0.01432860234382293,0.19654417037963867,185,0.03180521933127545,183,0.02610362058613669,2.2399628447748623,-0.0006145783860388174,0.009969766726158768,0.009988691364068098,199,0.3709645165370019,87.26469421386719,55.73674392700195
1.4347541786667262,ambiguous,3.4280002117156982,0.05736547597306174,2.358154026761303,-0.02627471908377043,0.025128886739843294,0.03635686746290062,0.5368288159370422,186,0.045213219262714155,183,0.03965998521040426,3.1111143224833993,-0.0027169998711943063,0.025313105192580565,0.025458503152988372,199,0.2381733655876663,87.0013427734375,55.39987564086914
0.0,seed,3.1000001430511475,0.0,0.0,-0.000836069901806371,0.023062181224874523,0.023077331208995147,0.0,183,0.00917081126755237,183,0.0,0.0,-0.02004620871600468,0.023406310707734523,0.030817298142968824,200,1.0,96.0,48.0
0.5522435834162704,ambiguous,3.0960001945495605,0.009118690958344278,1.508984783506753,0.005155320541641181,0.00303505716918704,0.005982382627958627,0.7187141180038452,184,0.019908451540738836,183,0.003786281030817129,1.8043837130741929,-0.0033171779993708844,0.003370674495005941,0.00472917714098275,200,0.575656826355026,96.0444107055664,48.020076751708984
0.7356868156993173,ambiguous,3.0910000801086426,0.010713779589879735,2.055589886371736,0.005959318798227545,0.006881495987341133,0.009103211936602393,0.516893208026886,185,0.03180521933127545,183,0.00048506095871525545,2.621549576802488,0.00938358804775215,0.0060970731967535325,0.011190443521884525,200,0.47917624016702615,95.63095092773438,48.018638610839844
1.0730675548927917,ambiguous,3.1030001640319824,0.03074965853960343,2.2460175549341637,-0.010367219509338527,0.014346646873442483,0.01770043832412255,0.7756956815719604,186,0.045213219262714155,183,0.013044167776945947,3.2686868263877695,0.006465049671624808,0.014420006381402893,0.01580295704279032,200,0.3419579321506438,95.75364685058594,47.37360382080078
0.0,seed,2.8650002479553223,0.0,0.0,0.007222906638605198,0.02011274949984852,0.021370378395191413,0.0,183,0.00917081126755237,183,0.0,0.0,-0.008708856350803908,0.019786797184800607,0.021618545782993145,201,1.0,112.0,56.0
0.3846763973742864,ambiguous,2.8560001850128174,0.0023428137073708832,1.1405739830858677,0.015333575868721047,0.010555960927164426,0.01861576912237704,0.7711423635482788,184,0.019908451540738836,183,0.0029895962201558213,1.4878121091432759,0.010139453152498184,0.008890649993580418,0.013485257414675362,201,0.6806708674489146,112.03832244873047,55.811588287353516
0.8323764791958108,ambiguous,2.876000165939331,0.028221225507802927,1.5982427851394938,-0.009691475819075389,0.008229078822210656,0.012713868090155683,0.8392141461372375,185,0.03180521933127545,183,0.01702238495920705,2.1461002972849115,-0.0029888307447615827,0.00801614512670653,0.00855521431135731,201,0.4350142546170257,111.42583465576172,55.66825866699219
1.2458974193074923,ambiguous,2.883000135421753,0.04164253381083771,2.0629117421148107,-0.012997685526355008,0.019325580473995147,0.023289866674132787,0.9755630493164062,186,0.045213219262714155,183,0.023937043048180673,3.27831046376023,0.00711295947939753,0.02044705329830871,0.021648930253927754,201,0.2876813514196593,111.89832305908203,55.5263557434082
0.0,seed,2.639000177383423,0.0,0.0,0.008443559125670037,0.008005890416853305,0.01163563372040171,0.0,183,0.00917081126755237,183,0.0,0.0,-0.013702036236257915,0.009112842757964887,0.01645568899047129,202,1.0,120.0,48.0
0.288697619285954,ambiguous,2.625000238418579,0.0029964425922264226,0.8364280182774474,0.014540898087222729,0.00926790444395132,0.017243310875966082,0.6940573453903198,184,0.019908451540738836,183,0.008328852519754015,1.065821584658346,0.003132942998481,0.012167980404819288,0.012564835015383101,202,0.7492387264942469,119.72674560546875,47.45756149291992
0.44335651218896227,drawer,2.621000051498413,0.0010924119298971746,1.3275437094837899,0.016571053479012117,0.011626461441366205,0.02024288564043809,0.7277296185493469,185,0.03180521933127545,183,0.01229125247849261,1.9732027723742773,0.0170598661808071,0.014206419559288162,0.022200481769582635,202,0.6418783288432142,119.62869262695312,47.39493179321289
0.8173767820665376,ambiguous,2.6430001258850098,0.02663555018490804,1.4220663602505645,-0.00456286701270664,0.01689462721375957,0.017499948116138857,1.2721465826034546,186,0.045213219262714155,183,0.008930059422251002,2.809916926942527,0.00933394562052707,0.015371400403852063,0.01798339487478657,202,0.4412872523721859,120.08392333984375,46.91315460205078
0.46427791634265025,static,2.622000217437744,0.021360826674186928,1.6212289288410435,-0.028398212472437772,0.017369312823892306,0.03328890955864956,0.8478651642799377,187,0.05919969964910532,183,0.0029531800839146527,1.3751104297514025,-0.0005149194528129659,0.01589461428238815,0.01590295272044731,202,0.5910281290183254,119.8620834350586,40.96123123168945
1.3939751101560818,static,2.687000036239624,0.0845580637601171,2.814090485341408,-0.10106239484858792,0.04347918558815181,0.11001839497075404,1.0146136283874512,188,0.07293716335462896,183,0.05345838759712418,1.1888561495771535,-0.05944163812343927,0.04058669135808669,0.07197630067039079,202,0.24808648792669172,120.49127197265625,39.823516845703125
0.0,seed,2.621000051498413,0.0,0.0,0.018194199302090933,0.00541660562641264,0.018983374430176825,0.0,183,0.00917081126755237,183,0.0,0.0,0.00012999189665861136,0.0014621980676917776,0.0014679649458888555,203,1.0,136.0,48.0
0.20737038879842484,ambiguous,2.6070001125335693,0.0035249971449160533,0.5631414351213786,0.016460663218699836,0.0065201609971311456,0.017704969162016856,0.8399398922920227,184,0.019908451540738836,183,0.008857407072443202,0.2882077230009047,0.00913409608645372,0.007963658770990128,0.01211823305343387,203,0.8127185723776454,135.54660034179688,46.772579193115234
0.24150587707187254,ambiguous,2.617000102996826,0.01236503877731332,1.0520075165050284,-0.0002541925359943594,0.002859253880484117,0.002870530717205222,1.1595693826675415,185,0.03180521933127545,183,0.0011661982287178851,0.7192188088169348,0.004316008122296252,0.006581564684995448,0.007870509501582882,203,0.785432109104054,135.02200317382812,46.30134201049805
1.5619395498264705,static,2.6610000133514404,0.07760688443417729,4.184039241505715,-0.09420184363650372,0.05373087544616266,0.10844811810597427,0.4201536774635315,187,0.05919969964910532,183,0.05329287767607527,2.445641143739254,-0.06223716266038328,0.05009195958579275,0.0798916067629116,203,0.2093180199822483,134.96559143066406,38.78025436401367
2.022437539132534,static,2.7190001010894775,0.13191231600377762,6.0839099839076525,-0.1659203477021261,0.07202718277062699,0.1808797303167708,1.375341773033142,191,0.12346363394546822,183,0.07621112622932724,2.03507217090841,-0.06969173242964266,0.0690070489325262,0.09807604382019583,203,0.13194784981524538,136.0855255126953,38.8080940246582
0.0,seed,2.6530001163482666,0.0,0.0,0.003144420435087452,0.004926032726188761,0.005844072064244095,0.0,183,0.00917081126755237,183,0.0,0.0,-4.176621119819758e-05,0.0004698021559697394,0.0004716550457184443,204,1.0,144.0,48.0
0.2633345375718241,ambiguous,2.638000011444092,0.004685705235994764,0.7075338467778142,0.00044644643019308306,0.004857745931242782,0.0048782179069346565,1.1233388185501099,184,0.019908451540738836,183,0.010018115163521468,0.2889400451667814,0.007997900057093638,0.009691787207502746,0.012565713055723193,204,0.7684844008336087,143.43922424316406,46.74226760864258
0.7608475084501757,static,2.6610000133514404,0.04569321988609021,2.209304075643117,-0.05835945209118481,0.03740127328229893,0.06931580549572011,1.287221074104309,187,0.05919969964910532,183,0.021379213127988628,1.6244929636478205,-0.011516750355917697,0.03247960895644409,0.03446100022814273,204,0.42581407231129914,144.08763122558594,40.538658142089844
0.0,seed,2.742000102996826,0.0,0.0,0.03326343975589808,0.00872732436309716,0.034389280523630765,0.0,183,0.00917081126755237,183,0.0,0.0,0.007405159297700229,0.009884464247367315,0.012350668713952247,205,1.0,160.0,48.0
0.18482093771789035,ambiguous,2.7320001125335693,3.295189312702007e-05,0.5544573052922485,0.033504471159237326,0.015074312372357703,0.03673941318474728,1.1344282627105713,184,0.019908451540738836,183,0.0052994580344001285,0.7093562579557199,0.018383830974225683,0.016437697092116784,0.024660963626368784,205,0.8312529184204451,159.84005737304688,47.349185943603516
0.5032421157855022,static,2.744000196456909,0.04012181004039128,2.695526947901492,-0.03036507338775274,0.013048399334049492,0.03304993807898031,1.1029123067855835,187,0.05919969964910532,183,0.015807803282290145,0.9346984904033299,-0.0061944654643978315,0.011690209510066817,0.013229981132974987,205,0.5796037412683104,159.32862854003906,40.66593551635742
0.8431123701457292,static,2.765000104904175,0.06101000956381064,3.9710640051655015,-0.062428866258376986,0.020847850451993465,0.0658179019019522,0.7753702402114868,188,0.07293716335462896,183,0.029910333400817724,1.168444893823339,-0.024520794629498223,0.01958227508221674,0.03138048544330753,205,0.4034562870602131,159.7794647216797,39.70247268676758
0.0,seed,2.8330001831054688,0.0,0.0,0.00322235174069031,0.003938251717353077,0.005088553559702829,0.0,183,0.00917081126755237,183,0.0,0.0,-0.0021464683959031834,0.003938251717353208,0.004485214951799599,206,1.0,176.0,48.0
0.175588641161387,ambiguous,2.823000192642212,0.0002768378065782784,0.7193053074984902,-0.0032223517406899183,0.003938251717353293,0.0050885535597027486,1.0011932849884033,184,0.019908451540738836,183,0.005609247734105427,0.31701616653127074,0.0021464683959028113,0.0039382517173529655,0.004485214951799208,206,0.8389628271959266,175.52862548828125,47.003173828125
0.0,seed,2.889000177383423,0.0,0.0,0.008917968856679084,0.007042584221418818,0.01136345726636376,0.0,183,0.00917081126755237,183,0.0,0.0,0.0026622187355195806,0.004170618047480533,0.004947874644099404,207,1.0,184.0,48.0
0.16214882751582022,ambiguous,2.879000186920166,0.0004230746544839903,0.7924756062265741,7.610498128002782e-05,0.0008560576422823026,0.0008594339154848196,1.1624740362167358,184,0.019908451540738836,183,0.005755484582011583,0.22427363817516222,0.004557995133306749,0.003166293721357607,0.0055498410396295685,207,0.8503146449064217,183.52423095703125,46.79972457885742
2.2803938848160366,static,2.9010000228881836,0.050839222839877074,9.264390462909393,-0.13709461833996267,0.025866459392488647,0.13951346923965188,1.3857825994491577,187,0.05919969964910532,183,0.026525216081775493,6.545539630780446,-0.09332148007956942,0.02875148883308278,0.09765012419019423,207,0.09612658599831328,176.83175659179688,39.2753791809082
0.0,seed,2.9200000762939453,0.0,0.0,0.0,0.0,0.0,0.0,183,0.00917081126755237,183,0.0,0.0,0.0,0.0,0.0,208,1.0,192.0,48.0
0.0,seed,3.0290000438690186,0.0,0.0,0.012246592148004571,0.006793755967206864,0.014004789872808733,0.0,183,0.00917081126755237,183,0.0,0.0,0.0068777720114114975,0.006793755967206953,0.009667412682973425,209,1.0,208.0,48.0
0.45541180795203107,ambiguous,3.0430002212524414,0.02302827396428775,0.8804946273474132,-0.01224659214800465,0.00679375596720689,0.014004789872808815,0.8433306813240051,184,0.019908451540738836,183,0.017695864036761044,0.32429378787893304,-0.0068777720114114975,0.006793755967206953,0.009667412682973425,209,0.634186751019173,207.46620178222656,47.02197265625
0.0,seed,2.9140000343322754,0.0,0.0,0.01348164302470962,0.01586331416353672,0.02081824764231529,0.0,183,0.00917081126755237,183,0.0,0.0,0.008112822888116489,0.01586331416353689,0.017817481063972452,210,1.0,216.0,56.0
0.822158191062387,ambiguous,2.944000244140625,0.03801003691574323,0.5404544397439588,-0.013481643024709639,0.015863314163536816,0.02081824764231538,0.7382769584655762,184,0.019908451540738836,183,0.032677626988216524,0.2774314803434663,-0.008112822888116607,0.015863314163536715,0.01781748106397235,210,0.43948214382693435,215.76060485839844,55.31283187866211
0.0,seed,3.7710001468658447,0.0,0.0,0.03222216257372657,0.041761230017295155,0.05274720934310268,0.0,183,0.00917081126755237,183,0.0,0.0,0.010298122266335741,0.04230774602613406,0.04354304417498003,211,1.0,80.0,64.0
1.0816262649534298,ambiguous,3.8000001907348633,0.0434048222722474,1.3765371033423084,-0.0012019676640984576,0.006494217562400084,0.006604512700670959,0.43137848377227783,184,0.019908451540738836,183,0.038072412344720696,1.5413476639000798,-0.012388367698302358,0.0073361757233955565,0.014397608428932897,211,0.33904370217044877,79.3553466796875,63.81462097167969
1.0712292459513535,ambiguous,3.7910001277923584,0.04104483438308737,2.0144567297696634,0.0012019676640984576,0.006494217562400084,0.006604512700670959,0.4787823259830475,185,0.03180521933127545,183,0.02984599383449149,2.305890835254504,0.0019123354204309139,0.005652466416891904,0.005967193926321271,211,0.34258709379242397,78.74663543701172,63.830291748046875
1.6176510896120755,static,3.807000160217285,0.06737010870608717,2.485278633584669,-0.017415699755900495,0.022622888407921357,0.028549985602534637,0.7086331844329834,186,0.045213219262714155,183,0.04966461794342969,3.1107354644854084,-0.003297332068129307,0.02223429610399427,0.022477462534895007,211,0.19836338235724535,78.59588623046875,63.44047164916992
0.0,seed,3.5290002822875977,0.0,0.0,0.016223803919331932,0.03095911911447035,0.03495252308427667,0.0,183,0.00917081126755237,183,0.0,0.0,0.0032866734855886265,0.030394239908357774,0.030571425256400452,212,1.0,88.0,64.0
0.4755612449920692,ambiguous,3.5250000953674316,0.009399005174595132,1.2403655416308896,0.017004486997751832,0.011269748631696755,0.020399995398978455,0.48415133357048035,184,0.019908451540738836,183,0.0040665952470688715,1.4517195684531674,0.014804996837195515,0.011968328088886919,0.01903756309490815,212,0.6215361245187495,87.5657958984375,63.771724700927734
1.0585428515482578,ambiguous,3.5500001907348633,0.04073840461054168,1.8882497855677747,-0.011760903776568897,0.011185540976741326,0.016230686509943807,0.3439476788043976,185,0.03180521933127545,183,0.0295395640619458,2.2751530364175783,-0.002063626146588918,0.011758982230669799,0.011938685688721916,212,0.3469610158680196,87.04380798339844,63.83885955810547
1.6033627198384308,static,3.567000150680542,0.06690117921193428,2.418682523557153,-0.0334110072228637,0.030226107999581014,0.04505455591223362,0.7334128618240356,186,0.045213219262714155,183,0.0491956884492768,3.0859738237821683,-0.010305729661444989,0.03022380236642599,0.031932527199386586,212,0.20121861686539338,86.68229675292969,63.48014831542969
0.0,seed,3.3000001907348633,0.0,0.0,0.009943020595257066,0.021960311837578825,0.0241064089934899,0.0,183,0.00917081126755237,183,0.0,0.0,-0.002932090028770042,0.021103904846874473,0.02130661755705829,213,1.0,96.0,64.0
0.380644055945074,ambiguous,3.2950000762939453,0.007472046030277291,0.9949658519868019,0.010517305081528592,0.006066502243457903,0.01214150549346443,0.9772656559944153,184,0.019908451540738836,183,0.0021396361027510302,1.2374807414421731,0.008379834730687727,0.005870197117272312,0.010231365710855634,213,0.6834204542501572,95.67033386230469,63.58868408203125
0.6922254361071438,ambiguous,3.30400013923645,0.022526094224945226,1.5919134838069926,-0.00684954115834494,0.007099912238617355,0.00986534175160343,0.8929751515388489,185,0.03180521933127545,183,0.011327253676349347,1.8949563155641476,0.002909756281350864,0.008697774228377215,0.00917158427670398,213,0.5004606670776129,94.9043960571289,63.46541976928711
1.336848004075351,ambiguous,3.330000162124634,0.05663559980517707,2.10074266908814,-0.034395789121085235,0.02901152420954739,0.044997098197809594,1.2865651845932007,186,0.045213219262714155,183,0.038930109042520034,2.749450027714758,-0.011228491749950697,0.028833022444826044,0.030942239904094747,213,0.2626669839504468,94.67613983154297,63.20805358886719
0.0,seed,2.944000244140625,0.0,0.0,0.008989649313813804,0.014901195987738237,0.017402857140433554,0.0,183,0.00917081126755237,183,0.0,0.0,-0.0040416358680874865,0.014143731109962344,0.014709858945657092,214,1.0,112.0,64.0
0.27869884440680526,ambiguous,2.93500018119812,0.001994214489264401,0.8226101133428839,0.012719077518551771,0.005079046281324321,0.013695679758623283,0.7047305107116699,184,0.019908451540738836,183,0.0033381954382623036,1.1121829086218846,0.010425432609836725,0.006133931594190848,0.012096063901305236,214,0.7567674128939016,111.77104187011719,63.52562713623047
0.556871789038704,ambiguous,2.946000099182129,0.01860562056466808,1.3008392879545612,-0.007110354905361587,0.005730466952809728,0.009132108101497923,0.9526130557060242,185,0.03180521933127545,183,0.007406780016071757,1.575552604622598,0.002492767976460035,0.007357040904485943,0.00776787892894476,214,0.5729886146593822,111.00230407714844,63.18294143676758
1.1175089201795418,ambiguous,2.9690001010894775,0.04800776806038076,1.7261701252755923,-0.029150448649606593,0.02529994952897697,0.038598395078579796,1.1718827486038208,186,0.045213219262714155,183,0.030302277297723723,2.4646304240381167,-0.006139325836346243,0.024759953028194042,0.02550973531190012,214,0.3267552970807647,110.90924835205078,63.030120849609375
0.0,seed,2.7940001487731934,0.0,0.0,0.009166280111467789,0.014179419626161012,0.016884212508039873,0.0,183,0.00917081126755237,183,0.0,0.0,-0.003500570197747538,0.01284171761493217,0.013310285609671095,215,1.0,120.0,64.0
0.3245163419262634,ambiguous,2.7900002002716064,0.006370427569211579,0.8482464272768084,0.00627160538521143,0.0023261647868806144,0.006689101339009325,0.9906526803970337,184,0.019908451540738836,183,0.001038017641684874,1.0465636434131473,0.004342395349182345,0.0028824818329846254,0.005212014858582702,215,0.7228767220051542,119.56859588623047,63.52177429199219
0.46928725442470365,ambiguous,2.7920000553131104,0.013795359509882754,1.2791065833069053,-0.005687625613768369,0.0028738110660101873,0.006372430867849146,1.4373199939727783,185,0.03180521933127545,183,0.0025965189612868755,1.3943283317461408,0.004279932140739217,0.005708490551412672,0.007134751818031256,215,0.6254375309455384,118.88904571533203,63.009803771972656
0.9889659730285524,ambiguous,2.815000057220459,0.04247584628768308,1.6317236000290996,-0.026020181646666512,0.022389298616106973,0.03432681962324401,1.4841248989105225,186,0.045213219262714155,183,0.0247703555250256,2.3132550934930127,-0.002644623960720193,0.021374572431729005,0.021537557487627167,215,0.37140296495549446,118.8855972290039,62.94498062133789
0.0,seed,2.5330002307891846,0.0,0.0,0.004352929927680741,0.014253448253264397,0.014903314599906445,0.0,183,0.00917081126755237,183,0.0,0.0,-0.0019386172578080665,0.013135943315751549,0.013278224416950824,216,1.0,136.0,64.0
0.407704231339394,ambiguous,2.5360000133514404,0.012289740872216015,0.9640091459726281,-0.004476022757118737,0.0029117158720360324,0.005339744286172454,1.111632227897644,184,0.019908451540738836,183,0.006957330944689311,1.106223128138058,-2.9929669421317357e-05,4.6887664705473755e-05,5.5625877190407236e-05,216,0.665162186950004,135.47018432617188,63.656368255615234
0.526278908713809,ambiguous,2.5280001163482666,0.009390417133923634,1.413051053341445,-0.0018254376366507617,0.0037501992950982224,0.004170877284008284,1.1146652698516846,185,0.03180521933127545,183,0.0018084234146722444,1.8244913009872386,0.014517423241583328,0.00657453247066456,0.015936751701117968,216,0.5735656655136131,135.1859588623047,63.46842956542969
0.0,seed,2.4000000953674316,0.0,0.0,0.0,0.0,0.0,0.0,183,0.00917081126755237,183,0.0,0.0,0.0,0.0,0.0,217,1.0,152.0,64.0
0.0,seed,2.434000015258789,0.0,0.0,0.0,0.0,0.0,0.0,183,0.00917081126755237,183,0.0,0.0,0.0,0.0,0.0,218,1.0,160.0,64.0
0.0,seed,2.514000177383423,0.0,0.0,0.0,0.0,0.0,0.0,183,0.00917081126755237,183,0.0,0.0,0.0,0.0,0.0,219,1.0,176.0,64.0
0.0,seed,2.5470001697540283,0.0,0.0,0.014598164448527667,0.006515376727780589,0.015986135842384237,0.0,183,0.00917081126755237,183,0.0,0.0,0.009229344311934918,0.006515376727780855,0.01129738599558118,220,1.0,184.0,64.0
0.5006352787041882,ambiguous,2.563000202178955,0.023923651723667838,1.2222173555217102,-0.01459816444852802,0.006515376727780732,0.015986135842384615,1.4689093828201294,184,0.019908451540738836,183,0.018591241796141134,0.5581472594525941,-0.009229344311934546,0.0065153767277806385,0.011297385995580752,220,0.6010391618117741,183.21023559570312,62.455894470214844
0.0,seed,2.7210001945495605,0.0,0.0,0.0235900583183256,0.022560571682684574,0.03264154172387621,0.0,183,0.00917081126755237,183,0.0,0.0,0.018221238181732446,0.022560571682684615,0.028999877853621653,221,1.0,200.0,64.0
1.4077874509805253,ambiguous,2.7740001678466797,0.060710475883157144,1.251077603775207,-0.02359005831832552,0.02256057168268453,0.03264154172387612,1.3861204385757446,184,0.019908451540738836,183,0.05537806595562955,0.7657886465583251,-0.018221238181732446,0.022560571682684615,0.028999877853621653,221,0.24468406016240127,198.98179626464844,63.332088470458984
0.0,seed,2.80400013923645,0.0,0.0,-0.00045066052136973674,0.015560195454331033,0.015566720190281104,0.0,183,0.00917081126755237,183,0.0,0.0,-0.011796119774124533,0.01591559525028008,0.019810467281117565,222,1.0,208.0,64.0
0.36492873990075364,ambiguous,2.7950000762939453,0.0014254155396606905,1.0895540090484248,0.000607818979568571,0.00039539481056476784,0.0007251075562599851,1.4255642890930176,184,0.019908451540738836,183,0.006757825467187395,1.1206020527868397,0.0,0.0,0.0,222,0.6942461211628247,207.51966857910156,64.11698913574219
0.8179391102788255,ambiguous,2.7960002422332764,0.005093741336916757,2.739926375703455,-0.010788234566546921,0.01946468615628219,0.02225443803436522,1.393335223197937,185,0.03180521933127545,183,0.006105099211678677,2.4107183915694046,0.000500714244421197,0.019128924610850973,0.01913547677802114,222,0.44134027153380223,206.11386108398438,64.17365264892578
0.0,seed,2.8460001945495605,0.0,0.0,-0.020218708779969372,0.02035419484408857,0.028689535243365868,0.0,183,0.00917081126755237,183,0.0,0.0,-0.038349476215764844,0.02846477246106239,0.047759036812770515,223,1.0,216.0,64.0
0.5340020277341005,ambiguous,2.819000244140625,0.01962833684061316,0.6318787071257931,-0.006335518540666067,0.004576111079990817,0.00781534310158794,0.9938061237335205,184,0.019908451540738836,183,0.024960746768139863,0.964249193787786,-0.013728645703275318,0.006415563579742229,0.015153717989053865,223,0.5862540635986581,216.0437774658203,63.9432487487793
0.8122854051603919,drawer,2.808000087738037,0.02522865504613847,1.5355910557814025,-0.008176115464430658,0.02014883999511241,0.02174453074307063,0.5008047819137573,186,0.045213219262714155,183,0.042934145808795066,2.1697965602793556,0.009735525094935533,0.011989079712541014,0.015444043551731587,223,0.44383873665100426,215.2953338623047,63.89591979980469
2.0452470996279657,drawer,2.7830002307891846,0.028606766945120654,5.748401409492855,0.06538061203224911,0.02566557906393527,0.07023778454933349,0.7417275309562683,188,0.07293716335462896,183,0.05970644310811357,9.591547267796955,0.11101619668353026,0.032400868466625744,0.11564779376826805,223,0.1292726299827982,223.41278076171875,63.155548095703125
0.0,seed,3.6530001163482666,0.0,0.0,0.018031213617390275,0.01920643607471372,0.026344104676531054,0.0,183,0.00917081126755237,183,0.0,0.0,0.004306958139079685,0.01976964924132614,0.0202333615481178,224,1.0,88.0,72.0
0.49099081375411735,ambiguous,3.6610002517700195,0.02104602325018945,0.7614263954788351,0.0,0.0,0.0,1.0726068019866943,184,0.019908451540738836,183,0.01571361332266319,0.8835927043404227,-0.0029866152051236045,0.001942835273255038,0.003562931276698933,224,0.6120196961389404,87.35334014892578,71.22781372070312
0.6184448969909263,ambiguous,3.6610002517700195,0.027074045318451034,1.2119578130076043,-0.007336628470002261,0.00868382723121221,0.011368156081282065,0.9354463815689087,185,0.03180521933127545,183,0.015875204769856044,1.4228992775490887,0.001573524115410434,0.00751602319122576,0.007678970162256242,224,0.5387815189577698,86.8535385131836,71.0197982788086
0.0,seed,3.436000108718872,0.0,0.0,0.016497226911850803,0.013252042483896834,0.02116069766751798,0.0,183,0.00917081126755237,183,0.0,0.0,0.003444908143697075,0.01375852876651835,0.014183247369260093,225,1.0,96.0,72.0
0.34755940087198944,ambiguous,3.440000057220459,0.016180248293563793,0.614909099673081,0.0,0.0,0.0,1.288873314857483,184,0.019908451540738836,183,0.010847838366037088,0.6521139470003259,-0.002314678494967486,0.0015057309755046266,0.0027613334289178226,225,0.7064100513102377,95.32533264160156,71.01995849609375
0.524559918469994,ambiguous,3.440000057220459,0.021966661186548997,1.1700463846180544,-0.0050085022112525,0.010087369856161729,0.01126233213038585,1.1720662117004395,185,0.03180521933127545,183,0.010767820637953562,1.3506561147548124,0.004573587084316684,0.00922481005323036,0.010296349806412385,225,0.5918157542488353,94.86641693115234,70.96431732177734
0.0,seed,3.0460002422332764,0.0,0.0,-0.0030784284137309603,0.004778419814249867,0.005684190128741459,0.0,183,0.00917081126755237,183,0.0,0.0,-0.008447248550324044,0.004778419814249804,0.009705117412590471,226,1.0,112.0,72.0
0.2452736279704411,ambiguous,3.0280001163482666,0.007332227631276389,0.48890038529616975,0.003078428413730921,0.004778419814249914,0.005684190128741478,1.3551301956176758,184,0.019908451540738836,183,0.012664637558803093,0.6368335479443898,0.008447248550324082,0.004778419814249756,0.009705117412590482,226,0.7824903976863729,111.55042266845703,71.10787963867188
0.0,seed,2.7300000190734863,0.0,0.0,0.058631519079238505,0.027031286224750192,0.06456272503932496,0.0,183,0.00917081126755237,183,0.0,0.0,0.026748343035699996,0.027031286224750064,0.03802846683893322,227,1.0,128.0,72.0
1.8081259523970443,static,2.8030002117156982,0.10311352032984633,2.755365082066444,-0.0586315190792381,0.02703128622475007,0.06456272503932454,1.222607970237732,188,0.07293716335462896,183,0.07201384416685297,0.5026532446345949,-0.026748343035700013,0.027031286224750047,0.03802846683893321,227,0.15882560759284398,127.74567413330078,65.18325805664062
0.0,seed,2.6780002117156982,0.0,0.0,0.0,0.0,0.0,0.0,183,0.00917081126755237,183,0.0,0.0,0.0,0.0,0.0,228,1.0,136.0,80.0
0.0,seed,2.5460000038146973,0.0,0.0,0.0,0.0,0.0,0.0,183,0.00917081126755237,183,0.0,0.0,0.0,0.0,0.0,229,1.0,144.0,80.0
0.0,seed,2.318000078201294,0.0,0.0,0.0,0.0,0.0,0.0,183,0.00917081126755237,183,0.0,0.0,0.0,0.0,0.0,230,1.0,160.0,72.0
0.0,seed,2.3400001525878906,0.0,0.0,-0.011756834234747894,0.0067273429113876475,0.013545489798111314,0.0,183,0.00917081126755237,183,0.0,0.0,-0.01712565437134063,0.006727342911387357,0.018399597286191133,231,1.0,168.0,80.0
0.6171351321401232,ambiguous,2.313000202178955,0.0198732626922542,1.0982383554792021,0.011756834234747526,0.006727342911387465,0.013545489798110905,0.6569601893424988,184,0.019908451540738836,183,0.02520567261978135,1.7623168313858886,0.017125654371341,0.00672734291138759,0.018399597286191564,231,0.5394877870148318,168.5980224609375,80.13456726074219
0.0,seed,2.427000045776367,0.0,0.0,-0.007767128380579539,0.0020116311298168602,0.00802339972099436,0.0,183,0.00917081126755237,183,0.0,0.0,-0.013135948517172622,0.0020116311298169296,0.013289085869549423,232,1.0,184.0,80.0
0.3949813964590194,drawer,2.4120001792907715,0.008191763704799904,1.0132261093112536,0.0077671283805795,0.002011631129817077,0.008023399720994378,0.9433609843254089,184,0.019908451540738836,183,0.013524173632326608,1.7185075258498463,0.013135948517172662,0.0020116311298167128,0.013289085869549428,232,0.6736925721996638,184.78860473632812,80.01383209228516
0.0,seed,2.618000030517578,0.0,0.0,-0.008126601083743112,0.010401658496612537,0.013199853963375752,0.0,183,0.00917081126755237,183,0.0,0.0,-0.013495421220335872,0.010401658496612174,0.017038805515482473,233,1.0,200.0,72.0
0.5487933658544315,ambiguous,2.5950000286102295,0.015934870455677874,1.132372237023596,0.008126601083742779,0.010401658496612249,0.013199853963375318,0.20515815913677216,184,0.019908451540738836,183,0.021267280383205023,1.5115570588608254,0.013495421220336243,0.010401658496612414,0.017038805515482917,233,0.5776463979005974,200.00778198242188,72.41560363769531
0.0,seed,2.702000141143799,0.0,0.0,-0.008981682792996758,0.013123604559631038,0.015902818065726045,0.0,183,0.00917081126755237,183,0.0,0.0,-0.01435050292958985,0.013123604559631007,0.019446488911105127,234,1.0,208.0,72.0
0.6659017586582238,drawer,2.6700000762939453,0.02507592456944252,0.673658043047398,0.008981682792996699,0.013123604559631132,0.015902818065726087,0.6520600318908691,184,0.019908451540738836,183,0.030408334496969225,1.089966793689149,0.01435050292958985,0.013123604559631007,0.019446488911105127,234,0.5138099861330524,208.06674194335938,72.0015640258789
0.0,seed,2.9000000953674316,0.0,0.0,-0.011517771839112022,0.016345200160292887,0.019995615429835627,0.0,183,0.00917081126755237,183,0.0,0.0,-0.02600962224095955,0.014911355312915564,0.029980809968802258,235,1.0,216.0,72.0
0.4597755696112009,ambiguous,2.879000186920166,0.01410911000676407,0.8847544168002395,0.006693530902952657,0.019065549775272073,0.020206398595052986,0.5166687369346619,184,0.019908451540738836,183,0.019441519934290774,1.4886145224167002,0.0029393207742913112,0.01884741661819322,0.019075238394157135,235,0.6314253406406818,216.68890380859375,72.11660766601562
0.9578586468928054,ambiguous,2.9170000553131104,0.029170894010507098,1.8630338802949882,-0.011308961460303201,0.02060826134854123,0.02350729769923378,0.8697718977928162,185,0.03180521933127545,183,0.017972053461911663,2.7639408012972857,-0.0031664037984278177,0.020776031102800015,0.021015936367414414,235,0.3837136733303582,216.30923461914062,72.56157684326172
1.8669089481704972,drawer,2.8910000324249268,0.023248241312878726,5.322399563498948,0.04308870236841802,0.051534219521887234,0.06717448960374896,1.3330284357070923,188,0.07293716335462896,183,0.007851434850114192,9.163484217438851,0.09236320405364704,0.05076365720957252,0.10539407173245857,235,0.1545738402229306,223.08963012695312,70.84478759765625
0.0,seed,3.690000057220459,0.0,0.0,0.02031515013410917,0.024880300781672544,0.03212062720368161,0.0,183,0.00917081126755237,183,0.0,0.0,0.006507961905218259,0.024178739933082085,0.025039269815859053,236,1.0,96.0,88.0
0.47685551652256136,ambiguous,3.699000120162964,0.02040479427804609,0.7411384572437018,0.004063919666241059,0.006292072804741109,0.007490368698123176,0.8048563599586487,184,0.019908451540738836,183,0.015072384350519386,0.8767276210072128,0.0009943717105363923,0.004878311356781762,0.004978623985843978,236,0.6207322083627318,95.32677459716797,87.32460021972656
0.6327969139308399,ambiguous,3.699000120162964,0.02553476993988868,1.4172124104837076,-0.004063919666241118,0.006292072804741174,0.007490368698123263,0.7621889710426331,185,0.03180521933127545,183,0.014335929391292801,1.5645586458384377,0.004763300168590886,0.007899153378730166,0.00922418845193452,236,0.5311042687987009,94.64686584472656,87.2176284790039
1.837961962899457,static,3.750000238418579,0.08483915958774801,1.7764317448066995,-0.052132619812329854,0.04391527169379538,0.06816422182081149,1.424398422241211,186,0.045213219262714155,183,0.06713366882509053,2.247545152561852,-0.029897400046058745,0.043590919507878544,0.0528585167504388,236,0.15914120431572998,94.22594451904297,86.89785766601562
0.0,seed,3.2290000915527344,0.0,0.0,0.0,0.0,0.0,0.0,183,0.00917081126755237,183,0.0,0.0,0.0,0.0,0.0,237,1.0,112.0,88.0
0.0,seed,3.06000018119812,0.0,0.0,0.0,0.0,0.0,0.0,183,0.00917081126755237,183,0.0,0.0,0.0,0.0,0.0,238,1.0,120.0,88.0
0.0,seed,2.750000238418579,0.0,0.0,0.0,0.0,0.0,0.0,183,0.00917081126755237,183,0.0,0.0,0.0,0.0,0.0,239,1.0,136.0,88.0
0.0,seed,2.6120002269744873,0.0,0.0,0.0,0.0,0.0,0.0,183,0.00917081126755237,183,0.0,0.0,0.0,0.0,0.0,240,1.0,144.0,88.0
0.0,seed,2.446000099182129,0.0,0.0,0.0,0.0,0.0,0.0,183,0.00917081126755237,183,0.0,0.0,0.0,0.0,0.0,241,1.0,160.0,88.0
0.0,seed,2.4150002002716064,0.0,0.0,-0.023358681825575187,0.006063880870905057,0.02413293740606362,0.0,183,0.00917081126755237,183,0.0,0.0,-0.03452324429983791,0.005352855217115605,0.034935761848880476,242,1.0,168.0,88.0
0.6061935929938735,drawer,2.3910000324249268,0.017223070097656556,1.2801050706853896,0.0007951712398426727,0.005188202547252125,0.0052487849043360854,0.602512776851654,184,0.019908451540738836,183,0.02255548002518326,1.9883412104695817,0.0003682490387661797,0.004142204604702122,0.004158541371895641,242,0.5454230248615738,169.08560180664062,87.92802429199219
0.744497420501631,drawer,2.386000156402588,0.018183437059032137,1.7687997063696783,0.006089209488571794,0.003961116571140921,0.007264221684797345,1.2277655601501465,185,0.03180521933127545,183,0.02938227760762757,3.2052265046277584,0.017559055078031974,0.004711873235072542,0.018180268551832596,242,0.47497295163193526,169.15232849121094,88.13422393798828
0.0,seed,2.9010000228881836,0.0,0.0,-0.010190690623817443,0.00040744248049475216,0.010198832519718738,0.0,183,0.00917081126755237,183,0.0,0.0,-0.015559510760410535,0.00040744248049467247,0.015564844505430912,243,1.0,192.0,88.0
0.47086264287903995,ambiguous,2.885000228881836,0.009411392596259116,1.2235906827861711,0.010190690623817384,0.00040744248049469464,0.010198832519718676,1.1941776275634766,184,0.019908451540738836,183,0.014743802523786265,1.8502599069299863,0.015559510760410535,0.00040744248049467247,0.015564844505430912,243,0.6244633470083027,193.08460998535156,87.96601867675781
0.0,seed,3.255000114440918,0.0,0.0,-0.02002233319412905,0.00639965367695006,0.021020213931395238,0.0,183,0.00917081126755237,183,0.0,0.0,-0.03097212895743003,0.004703065240656414,0.031327170233098715,244,1.0,208.0,88.0
0.44905368601732887,ambiguous,3.247000217437744,0.0016616263220865513,1.3413844638615309,-0.0003294939048303613,0.0037062721857536386,0.003720889644723613,1.0150026082992554,184,0.019908451540738836,183,0.006994036249612812,1.905491006801923,-0.0005416493949451575,0.00609267745923579,0.006116706850039844,244,0.638231833648719,208.97576904296875,88.35891723632812
2.2321335492325844,drawer,3.2080001831054688,0.018789656105118624,6.546439396068743,0.0771917130904341,0.03521745560849471,0.08484591769420724,0.8302292823791504,189,0.08973465676920167,183,0.05785460255815522,10.896777547174384,0.14680576282878213,0.035759158283055224,0.15109814492856366,244,0.10729925749868316,216.515625,86.79839324951172
0.0,seed,3.827000141143799,0.0,0.0,0.011740933351572959,0.018946768684637363,0.022289673832410227,0.0,183,0.00917081126755237,183,0.0,0.0,0.0015613053533222229,0.018810536512383437,0.018875220748113732,245,1.0,96.0,96.0
0.40057463060683446,ambiguous,3.832000255584717,0.01596371252085582,0.7566746497303106,0.0,0.0,0.0,1.3243318796157837,184,0.019908451540738836,183,0.010631302593329117,0.8990978624422683,0.0005580122749355067,0.00036299484740925063,0.0006656898363535113,245,0.6699349702695692,95.29644775390625,95.3733901977539
0.5278805459130759,ambiguous,3.8370001316070557,0.025723989145192583,1.0575823268156674,-0.014936711175805983,0.006103985261717127,0.01613579799156854,1.203943133354187,185,0.03180521933127545,183,0.014525148596597592,1.1494166626682434,-0.0024819311103338065,0.0063163887519879025,0.006786512278238513,245,0.5898533919570518,94.78507995605469,94.86129760742188
0.0,seed,3.3510000705718994,0.0,0.0,0.007561539795204157,0.008269213920368685,0.011205212311030763,0.0,183,0.00917081126755237,183,0.0,0.0,0.002192719658611369,0.008269213920367995,0.008554993767506121,246,1.0,112.0,96.0
0.3597244058527505,ambiguous,3.3540000915527344,0.012455235872200543,1.005501705666485,-0.007561539795204491,0.008269213920368154,0.011205212311030598,1.384766697883606,184,0.019908451540738836,183,0.0071228259446738384,0.9376739467456753,-0.0021927196586110365,0.008269213920368524,0.008554993767506548,246,0.6978686280806078,110.88917541503906,95.30577850341797
0.0,seed,3.1510002613067627,0.0,0.0,0.0,0.0,0.0,0.0,183,0.00917081126755237,183,0.0,0.0,0.0,0.0,0.0,247,1.0,120.0,96.0
0.0,seed,2.9070000648498535,0.0,0.0,0.008978966739636964,0.009961563086187739,0.013410987392120129,0.0,183,0.00917081126755237,183,0.0,0.0,0.003610146603043883,0.009961563086188027,0.01059556027851162,248,1.0,136.0,104.0
0.5305414043267861,ambiguous,2.9200000762939453,0.020353045316907625,1.1605038896009525,-0.008978966739636997,0.00996156308618817,0.01341098739212047,1.491424560546875,184,0.019908451540738836,183,0.01502063538938092,1.124347819028338,-0.003610146603043844,0.009961563086187593,0.010595560278511199,248,0.5882863125217813,134.8623046875,103.66249084472656
0.0,seed,2.680000066757202,0.0,0.0,0.0,0.0,0.0,0.0,183,0.00917081126755237,183,0.0,0.0,0.0,0.0,0.0,249,1.0,144.0,96.0
0.0,seed,2.5230000019073486,0.0,0.0,0.0,0.0,0.0,0.0,183,0.00917081126755237,183,0.0,0.0,0.0,0.0,0.0,250,1.0,160.0,96.0
0.0,seed,2.6130001544952393,0.0,0.0,-0.011204914206418178,0.00412857172195942,0.011941323496018138,0.0,183,0.00917081126755237,183,0.0,0.0,-0.025302481259592773,0.002639141204932344,0.025439744971041185,251,1.0,168.0,96.0
0.3888059971746413,ambiguous,2.6030001640319824,0.0034706142886165026,1.1370034679086258,0.0037730645273151347,0.006960877346867669,0.007917690911207588,0.9019878506660461,184,0.019908451540738836,183,0.008803024216143207,1.7976626831833198,0.00041313774732678184,0.0019758064090201416,0.0020185375310336233,251,0.677865765131996,168.82350158691406,95.97332000732422
0.9519263231764703,drawer,2.573000192642212,0.029584721911740886,1.7978208512555849,0.025430334397478833,0.01629064453112266,0.030200778248366245,1.4067898988723755,185,0.03180521933127545,183,0.040783562460336764,3.0865320203750874,0.033967175408027156,0.021805546871092037,0.040363979976546865,251,0.38599675234122505,168.83421325683594,96.33611297607422
0.0,seed,2.882000207901001,0.0,0.0,-0.014796437191523628,0.02548818389272346,0.029471716470405848,0.0,183,0.00917081126755237,183,0.0,0.0,-0.027937147828725632,0.02548767107768183,0.037816737111604014,252,1.0,184.0,96.0
0.9170567113390258,ambiguous,2.9060001373291016,0.030287354813313794,1.5520922604270362,-0.012332585860214495,0.012634067008581384,0.01765537660818616,0.5750887393951416,184,0.019908451540738836,183,0.024954944885787533,2.1772289093707347,-0.014735656224230256,0.012146361926640124,0.019096430881492717,252,0.3996937255290043,185.22509765625,96.23387908935547
0.8314929340052474,drawer,2.889000177383423,0.017402206796322428,2.1257863217953745,0.0007397954581401483,0.00963505118217267,0.00966341081621659,1.3363579511642456,185,0.03180521933127545,183,0.006203366247726549,3.354034180046537,0.010233492884661058,0.013373924665535582,0.016840018930506864,252,0.4353894884762682,185.14877319335938,96.5838623046875
2.2976985337008573,drawer,2.8500001430511475,0.007878616610589528,6.8677222273943155,0.0723124091187162,0.023576401492180155,0.07605873532917219,1.2234678268432617,189,0.08973465676920167,183,0.04694356306362657,11.551906372225371,0.13973554398316335,0.021367200910599893,0.14135975214687,252,0.10048985179950852,192.56124877929688,94.92123413085938
0.0,seed,3.254000186920166,0.0,0.0,-0.010203901260703255,0.002874967730164595,0.010601181084561722,0.0,183,0.00917081126755237,183,0.0,0.0,-0.015572721397296034,0.0028749677301649727,0.015835879867165312,253,1.0,200.0,96.0
0.4564939461123047,ambiguous,3.241000175476074,0.006981454540712306,1.265430371780475,0.010203901260702943,0.0028749677301649276,0.010601181084561512,1.337891936302185,184,0.019908451540738836,183,0.012313864468238567,1.83759333667882,0.015572721397296405,0.002874967730164734,0.015835879867165635,253,0.6335008445248855,201.1609344482422,95.86331176757812
0.0,seed,3.436000108718872,0.0,0.0,-0.02736425118641945,0.009034525704717813,0.028817093845540098,0.0,183,0.00917081126755237,183,0.0,0.0,-0.04417931986392815,0.00779070334596076,0.04486097816882775,254,1.0,208.0,96.0
0.44816939110783893,ambiguous,3.4280002117156982,0.002169188547868295,1.334628963984035,-0.00645229177402593,0.0008888920685794883,0.006513232549721084,0.7410628199577332,184,0.019908451540738836,183,0.007501598475394999,1.8843792341591201,-0.01252972017834845,0.0016934577994149966,0.012643642159841118,254,0.638796468425324,208.98831176757812,96.29340362548828
0.7043357784731792,drawer,3.4200000762939453,0.005584192192935156,2.071085340049707,0.005988481956509674,0.005302232359829942,0.007998473863248522,1.2689260244369507,185,0.03180521933127545,183,0.01678303274153059,3.2142093368127296,0.011807821342723884,0.006737628804173217,0.013594862513630296,254,0.4944366450639485,209.51446533203125,96.300537109375
2.391411095953491,drawer,3.38700008392334,0.022941651696225307,6.964845780187554,0.08322822565663981,0.03544508832748739,0.09046154891718328,0.30110111832618713,189,0.08973465676920167,183,0.06200659814926279,11.132361481882592,0.14697700248078013,0.035753399658465045,0.15126316420521282,254,0.09150047678460828,216.4944305419922,95.30241394042969
0.0,seed,3.8930001258850098,0.0,0.0,0.014511133757927787,0.012577463792042741,0.019203270512613668,0.0,183,0.00917081126755237,183,0.0,0.0,0.0031939297260661645,0.012577463792043012,0.012976662996903405,255,1.0,104.0,112.0
0.5063821855866049,ambiguous,3.9050002098083496,0.025075998939390498,1.182474592923255,-0.014511133757927414,0.012577463792042866,0.019203270512613467,1.3382514715194702,185,0.03180521933127545,183,0.01387715839079462,1.1066024276008941,-0.0031939297260661255,0.012577463792042606,0.012976662996903001,255,0.6026702706750215,102.58778381347656,110.8041763305664
0.0,seed,3.5940001010894775,0.0,0.0,0.0,0.0,0.0,0.0,183,0.00917081126755237,183,0.0,0.0,0.0,0.0,0.0,256,1.0,112.0,112.0
0.0,seed,3.380000114440918,0.0,0.0,0.0,0.0,0.0,0.0,183,0.00917081126755237,183,0.0,0.0,0.0,0.0,0.0,257,1.0,120.0,112.0
0.0,seed,3.001000165939331,0.0,0.0,0.004551670333194452,0.010643839555428346,0.01157622664359089,0.0,183,0.00917081126755237,183,0.0,0.0,-0.0008171498033990739,0.010643839555427885,0.010675160620940859,258,1.0,136.0,112.0
0.5084638220560079,ambiguous,3.009000062942505,0.014900618842666802,1.211729423321093,-0.00455167033319404,0.010643839555428034,0.01157622664359044,1.4274214506149292,184,0.019908451540738836,183,0.009568208915140097,1.3460486162048706,0.0008171498033986624,0.010643839555428197,0.010675160620941138,258,0.6014187557764015,135.034912109375,111.99980926513672
0.0,seed,2.8450000286102295,0.0,0.0,0.0,0.0,0.0,0.0,183,0.00917081126755237,183,0.0,0.0,0.0,0.0,0.0,259,1.0,144.0,112.0
0.0,seed,2.7350001335144043,0.0,0.0,-0.017646928887687402,0.01762534757487948,0.024941270543065885,0.0,183,0.00917081126755237,183,0.0,0.0,-0.027991708433173515,0.01820900074751655,0.033393164708228174,260,1.0,160.0,112.0
0.5875598314978292,ambiguous,2.7110002040863037,0.018127442559016327,1.1218914934493944,-0.0012550714489128264,0.0023544875934241403,0.0026681109739784704,0.8780797719955444,184,0.019908451540738836,183,0.023459852486543475,1.4780043259081226,-0.0008622107212127108,0.0025637792592327333,0.0027048791872921214,260,0.5556815884071843,159.539306640625,112.2811508178711
0.8467159824320174,drawer,2.703000068664551,0.02285640077773632,1.8745044415176788,0.009983509296731967,0.007426299081181385,0.012442683630193654,0.7721502780914307,185,0.03180521933127545,183,0.0340552413263322,2.8762006225266483,0.02227313781496875,0.006598482974005588,0.023229994526104233,260,0.4288208774052874,159.9041290283203,112.60901641845703
0.0,seed,2.886000156402588,0.0,0.0,-0.01635517601796227,0.01691016258639378,0.02352541989586584,0.0,183,0.00917081126755237,183,0.0,0.0,-0.025223933056167512,0.018287243732736994,0.031155578668394985,261,1.0,168.0,112.0
0.5795107973625314,ambiguous,2.878000020980835,0.0022749142371072395,1.7301399315273538,0.0019070706027491833,0.004575135769709401,0.004956690992501406,1.1038426160812378,184,0.019908451540738836,183,0.007607324164633944,2.2208203998373746,0.0037759538377301824,0.007756008277172263,0.008626325508594835,261,0.5601723373311869,168.1564178466797,112.95156860351562
1.0803295266191513,drawer,2.8530001640319824,0.023915285136588693,2.699414680901588,0.016194291589189783,0.02242175015059663,0.027658451870838378,1.488422155380249,185,0.03180521933127545,183,0.03511412568518413,3.52797552724903,0.02995994261470745,0.01948936481562627,0.03574120174802653,261,0.339483314558607,167.629150390625,113.4198989868164
0.0,seed,3.2300002574920654,0.0,0.0,-0.03258494294183281,0.009746239826541993,0.034011287792128274,0.0,183,0.00917081126755237,183,0.0,0.0,-0.04949192039046059,0.007264977236040509,0.050022295810726994,262,1.0,184.0,112.0
0.5954658914053859,ambiguous,3.2240002155303955,0.0006312706493645237,1.785770162460915,-0.007444021272465626,0.010415521635707725,0.01280220854574774,0.6546792387962341,184,0.019908451540738836,183,0.005963680576891228,2.359313885216857,-0.013613358447907153,0.01050959851665161,0.017198115862280112,262,0.5513056574592161,185.33578491210938,112.35624694824219
0.9310874155879604,drawer,3.2110002040863037,0.010070013717450976,2.6892210512859704,0.006527501453634979,0.015238861326052303,0.01657803274643464,1.4758187532424927,185,0.03180521933127545,183,0.02126885426604641,3.7692663740719876,0.012254932068730122,0.01714215541935691,0.021072181957039415,262,0.39412391305627587,185.02511596679688,113.25652313232422
2.267104840620773,drawer,3.182000160217285,0.028086503910150107,6.4668839793316675,0.07103190309879827,0.021213410523869474,0.07413190975478295,0.8443236947059631,189,0.08973465676920167,183,0.06715145036318759,10.762618985906572,0.13468877115181965,0.022101905074502163,0.13649014353538336,262,0.103608630837214,191.20689392089844,111.607177734375
0.0,seed,3.4140002727508545,0.0,0.0,-0.05340786806334879,0.04198215555604826,0.06793306820837923,0.0,183,0.00917081126755237,183,0.0,0.0,-0.09683448133562125,0.04262163010204443,0.10579943349609336,263,1.0,192.0,112.0
0.9445171194322125,ambiguous,3.439000129699707,0.030148110540053175,1.7077478147311012,-0.042704844095052534,0.004056877706472293,0.04289710906236008,0.8312206268310547,184,0.019908451540738836,183,0.02481570061252647,2.2578843882275415,-0.07539381709413875,0.005790340753928357,0.0756158429303744,263,0.3888673020358479,193.1647491455078,112.48158264160156
2.1071229670364082,drawer,3.4020001888275146,0.008205582092091213,6.291340450225359,0.03614798609579607,0.01991464829339116,0.04127069317846906,1.0322648286819458,189,0.08973465676920167,183,0.030859364360945385,10.41739645986417,0.07328521832517274,0.02045525799008641,0.07608640354497792,263,0.1215872598091007,198.62464904785156,112.09612274169922
2.679078585275395,drawer,3.373000144958496,0.021126844347380214,7.879497199332564,0.07120069797625347,0.008098112551174222,0.07165974336541509,1.299404263496399,190,0.10665393781713517,183,0.06833930616582062,12.87879630398222,0.1252572112535637,0.006653483186383122,0.12543379851352413,263,0.06862633382555774,200.8121337890625,112.41571807861328
0.0,seed,3.7750000953674316,0.0,0.0,0.0,0.0,0.0,0.0,183,0.00917081126755237,183,0.0,0.0,0.0,0.0,0.0,264,1.0,112.0,120.0
0.0,seed,3.511000156402588,0.0,0.0,0.007390100140590789,0.023326181036178804,0.024468843491684437,0.0,183,0.00917081126755237,183,0.0,0.0,0.0019590712656408393,0.022036375287403407,0.02212328628461746,265,1.0,120.0,120.0
0.540423349817071,ambiguous,3.5270001888275146,0.023411032609288895,0.6642676228856643,-0.00698616573127889,0.004544599245409812,0.008334260250692616,1.3920778036117554,184,0.019908451540738836,183,0.01807862268176219,0.8888535926160465,-0.0016795543330425967,0.0014659653207988194,0.002229340054685903,265,0.5825015982221277,119.36640167236328,119.54122161865234
0.5448650968117325,ambiguous,3.516000270843506,0.015598916626084147,1.4190998028437687,-0.007194159311611218,0.011192023524564935,0.013304785559160934,1.4744678735733032,185,0.03180521933127545,183,0.0044000760774878245,1.600936600132786,0.010009219877161746,0.01432822213218193,0.017478055727640815,265,0.5799198728578746,118.650390625,119.41131591796875
0.0,seed,3.0960001945495605,0.0,0.0,0.017546447892953267,0.02217311527802707,0.02827587089362239,0.0,183,0.00917081126755237,183,0.0,0.0,-0.00047475610462771427,0.022173115278027303,0.022178197277767396,266,1.0,136.0,120.0
1.1237099467257663,static,3.136000156402588,0.05339615311094725,1.0332855432775554,-0.017546447892952902,0.022173115278027032,0.02827587089362213,1.3905962705612183,186,0.045213219262714155,183,0.03569066234829066,2.0492095776781962,0.00047475610462775373,0.022173115278026883,0.022178197277766976,266,0.32277944121198016,134.74343872070312,119.01787567138672
0.0,seed,2.930000066757202,0.0,0.0,0.01214822120204898,0.016017061789467525,0.020102874091570414,0.0,183,0.00917081126755237,183,0.0,0.0,-0.0058729827955320444,0.01601706178946734,0.017059841596106046,267,1.0,144.0,120.0
0.8538669865689245,ambiguous,2.955000162124634,0.03730218010799158,1.003172430079607,-0.01214822120204857,0.016017061789467074,0.020102874091569807,1.4543383121490479,186,0.045213219262714155,183,0.01959668934533454,2.0980060568244205,0.0058729827955320444,0.01601706178946734,0.017059841596106046,267,0.42290429693837145,142.80429077148438,119.07225036621094
0.0,seed,2.875000238418579,0.0,0.0,-0.008750756624262957,0.008420742415355714,0.012144325601813086,0.0,183,0.00917081126755237,183,0.0,0.0,-0.014119576760856475,0.008420742415355344,0.01643993159144778,268,1.0,160.0,120.0
0.5557877436963555,ambiguous,2.866000175476074,0.003564102422951354,1.6457966908705732,0.008750756624263355,0.008420742415355505,0.01214432560181323,1.461111307144165,184,0.019908451540738836,183,0.008896512350478059,2.1337248158677236,0.014119576760856064,0.008420742415355564,0.01643993159144754,268,0.573620217462103,160.01119995117188,120.85697174072266
0.0,seed,3.0360002517700195,0.0,0.0,0.0,0.0,0.0,0.0,183,0.00917081126755237,183,0.0,0.0,0.0,0.0,0.0,269,1.0,168.0,120.0
0.0,seed,3.4160001277923584,0.0,0.0,-0.055910700478703355,0.03848860425729863,0.06787767737403974,0.0,183,0.00917081126755237,183,0.0,0.0,-0.10190155233215534,0.03643211495487495,0.10821841510476955,270,1.0,184.0,120.0
0.8391815910482732,ambiguous,3.43500018119812,0.023814319453456356,1.774252377126182,-0.0414987508478269,0.012318490277770962,0.04328846872613481,0.6623124480247498,184,0.019908451540738836,183,0.018481909525929208,2.3107776172171643,-0.07675196242809264,0.014743071830828364,0.07815511437885755,270,0.43206398380384736,184.9431915283203,120.7049789428711
2.148212825799323,drawer,3.3960001468658447,0.0026564131421862314,6.441558205800035,0.04007072033356194,0.013990208542632564,0.04244276808970974,0.661312997341156,189,0.08973465676920167,183,0.04172135959522283,10.552717376700105,0.07464371398175909,0.01680143951044252,0.0765112567313707,270,0.11660132197230387,190.97911071777344,119.57347106933594
2.769095417276575,drawer,3.385000228881836,0.013873601089115617,8.24186403852018,0.06852696970620514,0.027535118843854515,0.07385207070123591,1.0900208950042725,190,0.10665393781713517,183,0.06108606290755603,13.171123796348738,0.12001924440233583,0.02783454689343345,0.12320463070708976,270,0.04315810617763277,193.26950073242188,119.91796112060547
0.0,seed,3.6560001373291016,0.0,0.0,-0.02250673716548798,0.010268118448271874,0.024738380591786905,0.0,183,0.00917081126755237,183,0.0,0.0,-0.0348657145096869,0.01311053846053607,0.03724921834074089,271,1.0,192.0,120.0
0.5082779320409743,ambiguous,3.6490001678466797,0.0024459393538940333,1.5137588553356758,0.0015374323750549361,0.003359745644924748,0.003694805692652575,0.908452033996582,184,0.019908451540738836,183,0.007778349281420294,2.029651462946032,-8.390469595774327e-05,0.0009437917858978401,0.0009475140807038152,271,0.6015305639096401,193.19834899902344,120.00125122070312
0.9290844682348006,drawer,3.620000123977661,0.028114855068765987,1.8227802917896125,0.016813110224386193,0.017660948757230198,0.024384211826976702,1.085318922996521,185,0.03180521933127545,183,0.039313695617361866,2.892646404580542,0.027088540943910184,0.020131123302973578,0.033749832235278214,271,0.39491510223414533,193.68077087402344,119.36715698242188
0.0,seed,3.82200026512146,0.0,0.0,0.0056157530089220205,0.02634290552093163,0.026934835309352586,0.0,183,0.00917081126755237,183,0.0,0.0,-0.012659799292181775,0.025784797163877098,0.028725011451705477,272,1.0,120.0,136.0
0.234563021692441,ambiguous,3.812000274658203,0.003713643738994854,0.646222161931103,0.016965165639740043,0.021562915626011956,0.02743676685541368,0.9852985739707947,184,0.019908451540738836,183,0.009046053666521114,1.0502433083405607,0.009427253611822489,0.020246427100161193,0.02233362758227516,272,0.7909163874313755,119.79544067382812,135.6234893798828
1.1407428894678489,ambiguous,3.8580002784729004,0.04461183547630654,1.7197554850240397,-0.010398801868451574,0.028391953543691457,0.03023637058786067,0.6448060274124146,185,0.03180521933127545,183,0.033412994927710216,2.3306094192019122,-0.006039946105832455,0.02849929410582924,0.02913229674248005,272,0.3195815198631514,119.26871490478516,136.22720336914062
1.075710497639104,ambiguous,3.8530001640319824,0.045008229675484124,1.21335114372405,-0.00997089772314176,0.021966348404452864,0.024123417329042798,0.9914274215698242,186,0.045213219262714155,183,0.02730273891282664,2.494249424532377,0.007795957970916089,0.023814939405467233,0.025058497552135208,272,0.3410551062341567,119.14498901367188,135.3264617919922
0.0,seed,3.319000244140625,0.0,0.0,0.0011459160167376367,0.009711390613183076,0.009778764296128431,0.0,183,0.00917081126755237,183,0.0,0.0,-0.013590631449662174,0.00895553662349351,0.016275960783169764,273,1.0,136.0,136.0
0.32178725591013463,ambiguous,3.309000253677368,0.004652668829961293,0.9000872884688988,0.012865106285059337,0.008241840041082615,0.015278706980260662,0.9381389617919922,184,0.019908451540738836,183,0.009985078757488441,1.3247278231901254,0.008866199091845753,0.008306767275348126,0.012149562498421125,273,0.7248523819879321,135.70057678222656,136.00306701660156
1.1564814122046445,ambiguous,3.3610000610351562,0.04962205560349231,1.1948201178317421,-0.021870712950823053,0.03915852006709368,0.044852176968596266,0.8783257603645325,185,0.03180521933127545,183,0.03842321505489732,1.9319967328459422,-0.013972852353499949,0.0398469766936184,0.042225846995820895,273,0.3145907773403706,135.3971405029297,135.7945556640625
0.3452972821158463,drawer,3.319000244140625,0.011387658051340122,0.5861986996097387,0.002270658908031367,0.006003486551586961,0.0064185467710150485,1.3848563432693481,186,0.045213219262714155,183,0.0063178327113169175,2.3202918660414933,0.023576519436793196,0.006314237201400385,0.024407414041414464,273,0.7080083242903003,135.5615234375,134.8582763671875
0.0,seed,3.118000030517578,0.0,0.0,0.010394389393404192,0.025137665126062497,0.027201939983239654,0.0,183,0.00917081126755237,183,0.0,0.0,0.005025569256811082,0.02513766512606238,0.025635103946445338,274,1.0,144.0,136.0
1.2359650664181348,ambiguous,3.1610002517700195,0.047966507286188786,1.6183157065217062,-0.010394389393404195,0.025137665126062497,0.027201939983239654,0.9072595834732056,184,0.019908451540738836,183,0.04263409735866208,1.8772623976743494,-0.005025569256811082,0.02513766512606238,0.025635103946445338,274,0.29055418826008633,143.02676391601562,136.62571716308594
0.0,seed,3.19700026512146,0.0,0.0,-0.009546643091556766,0.011937850394343062,0.015285635948670415,0.0,183,0.00917081126755237,183,0.0,0.0,-0.01491546322815026,0.011937850394343034,0.01910453651225328,275,1.0,160.0,136.0
0.6386516514005902,ambiguous,3.193000078201294,0.0004121581609162206,1.9157055732324197,0.009546643091557137,0.01193785039434319,0.015285635948670748,0.4027206599712372,184,0.019908451540738836,183,0.00492025176661004,2.359273129315362,0.014915463228149888,0.011937850394342905,0.01910453651225291,275,0.5280036258085204,159.86444091796875,137.1451416015625
0.0,seed,3.4090001583099365,0.0,0.0,-0.013578790901536283,0.007558717917371551,0.015540842284189048,0.0,183,0.00917081126755237,183,0.0,0.0,-0.01894761103812903,0.007558717917371358,0.020399661286566007,276,1.0,168.0,136.0
0.7267667495125847,drawer,3.379000186920166,0.025856089633045087,0.9965874077412604,0.01357879090153591,0.0075587179173713685,0.015540842284188634,0.47312837839126587,184,0.019908451540738836,183,0.031188499560571792,1.5326553178462599,0.018947611038129406,0.00755871791737154,0.020399661286566423,276,0.48346964420055516,168.30465698242188,136.07672119140625
0.0,seed,3.809000253677368,0.0,0.0,0.001893419989942047,0.01564717302788318,0.015761315396337544,0.0,183,0.00917081126755237,183,0.0,0.0,-0.0034754001466511435,0.01564717302788291,0.01602848807417123,277,1.0,184.0,136.0
0.6781816502442403,ambiguous,3.8340001106262207,0.028492238321206287,0.5600848114993088,-0.0018934199899419482,0.01564717302788296,0.01576131539633732,0.8973535299301147,184,0.019908451540738836,183,0.023159828393679582,1.0593624820679393,0.0034754001466511045,0.015647173027883203,0.016028488074171503,277,0.5075390372959545,184.2304229736328,135.5721435546875
0.0,seed,3.699000120162964,0.0,0.0,-0.010984108140370144,0.009652137861967537,0.014622393680440044,0.0,183,0.00917081126755237,183,0.0,0.0,-0.028905515174956223,0.008951051851287285,0.030259711445650934,278,1.0,128.0,144.0
0.3096085580147727,ambiguous,3.689000129699707,0.004833663527659571,0.8551566685900943,0.005614996026176378,0.0059902634591931245,0.008210446801759384,0.06731992959976196,184,0.019908451540738836,183,0.01016607345518672,1.3246025567098272,-0.0015687707352234736,0.00542805515593103,0.005650205694974567,278,0.7337341143561005,128.23153686523438,143.6563262939453
0.45372700901369195,ambiguous,3.704000234603882,0.012008610160651578,1.0206130509061753,-0.0037157464788134696,0.01137938511753267,0.011970679911681655,0.47144797444343567,185,0.03180521933127545,183,0.0008097696120561437,1.9648400122042553,0.000997254550323364,0.011854366852981692,0.011896240167515606,278,0.6352559773174319,128.08221435546875,143.58779907226562
0.40095184434911196,drawer,3.694000244140625,0.006460203060547176,1.1009570499003971,0.00212897618710795,0.006622359744872486,0.006956161886829567,1.292162537574768,186,0.045213219262714155,183,0.011245287702109419,2.661940247847202,0.0202499771476835,0.007207415257357655,0.021494380874398217,278,0.6694885162137184,127.70458984375,143.18084716796875
0.0,seed,3.446000099182129,0.0,0.0,0.010799934891394199,0.02458211337877275,0.02684993280857872,0.0,183,0.00917081126755237,183,0.0,0.0,-0.0026434323274883613,0.02571178085412016,0.02584730951492458,279,1.0,136.0,144.0
0.40071615895707624,ambiguous,3.44100022315979,0.0002446125549520062,1.2020084803651925,0.027559456724801167,0.014426656762224791,0.03110710658838643,0.3645491898059845,184,0.019908451540738836,183,0.005577022482479155,1.6939769333283565,0.02485372977910483,0.016604169022989945,0.029889903192830535,279,0.6698401621876315,136.1553955078125,144.19635009765625
0.8806017405406922,ambiguous,3.4820001125335693,0.042604216701612074,0.45982503903110655,-0.013704688390378453,0.012329751951399891,0.01843478416093943,0.8462293148040771,185,0.03180521933127545,183,0.03140537615301575,1.1963321195877672,-0.004513647545538105,0.012228204044991626,0.01303464569258757,279,0.4145194596904073,135.466064453125,143.0165557861328
1.2698801067731638,static,3.497000217437744,0.06127350923961927,0.3109343860310743,-0.021165855095095033,0.028714310778803213,0.0356721889629478,1.477678656578064,186,0.045213219262714155,183,0.04356801847696268,1.9586067889966046,0.0014331856811840415,0.027332710013626135,0.027370258637538107,279,0.2807810032952465,135.2127685546875,142.65640258789062
0.0,seed,3.2300002574920654,0.0,0.0,0.0,0.0,0.0,0.0,183,0.00917081126755237,183,0.0,0.0,0.0,0.0,0.0,280,1.0,144.0,144.0
0.0,seed,3.4190001487731934,0.0,0.0,-0.011761878559966108,0.004397240485088133,0.012556970619663347,0.0,183,0.00917081126755237,183,0.0,0.0,-0.0171306986965596,0.004397240485088183,0.017686055572569238,281,1.0,160.0,144.0
0.5521654673146462,ambiguous,3.3990001678466797,0.016190071858579458,1.1267493860580324,0.011761878559966481,0.004397240485088033,0.012556970619663661,0.616968035697937,184,0.019908451540738836,183,0.021522481786106162,1.644110730627212,0.017130698696559234,0.004397240485088283,0.017686055572568905,281,0.575701178517566,160.73081970214844,143.63070678710938
0.0,seed,3.5910000801086426,0.0,0.0,-0.003508152217370208,0.006249741347973002,0.007167035572452734,0.0,183,0.00917081126755237,183,0.0,0.0,-0.0088769723539633,0.006249741347973137,0.010856330185177393,282,1.0,168.0,144.0
0.29174483118610467,ambiguous,3.5810000896453857,0.006515901369321231,0.7260956953332428,0.003508152217370148,0.00624974134797295,0.00716703557245266,1.0071935653686523,184,0.019908451540738836,183,0.011848311296847935,1.0401239998861969,0.0088769723539633,0.006249741347973137,0.010856330185177393,282,0.746959112328473,168.32437133789062,142.9336700439453
0.0,seed,3.1000001430511475,0.0,0.0,0.0,0.0,0.0,0.0,186,0.045213219262714155,186,0.0,0.0,0.0,0.0,0.0,283,1.0,136.0,24.0
0.0,seed,3.01200008392334,0.0,0.0,0.0,0.0,0.0,0.0,186,0.045213219262714155,186,0.0,0.0,0.0,0.0,0.0,284,1.0,152.0,32.0
0.0,seed,3.071000099182129,0.0,0.0,0.0,0.0,0.0,0.0,186,0.045213219262714155,186,0.0,0.0,0.0,0.0,0.0,285,1.0,160.0,32.0
0.0,seed,3.0160000324249268,0.0,0.0,0.021868388669184648,0.02255568120742615,0.031416320244700216,0.0,186,0.045213219262714155,186,0.0,0.0,0.014875148475988881,0.022555681207426216,0.027019045077754957,286,1.0,96.0,40.0
1.5027964626529378,ambiguous,3.057000160217285,0.058641843197821064,1.9765498198204514,-0.021868388669184256,0.022555681207426563,0.03141632024470024,1.2652488946914673,187,0.05919969964910532,186,0.05184442295447722,2.2817649520424568,-0.014875148475988881,0.022555681207426216,0.027019045077754957,286,0.22250703011283715,96.03775787353516,38.980770111083984
0.0,seed,2.634000062942505,0.0,0.0,0.0,0.0,0.0,0.0,186,0.045213219262714155,186,0.0,0.0,0.0,0.0,0.0,287,1.0,120.0,40.0
0.0,seed,2.7300000190734863,0.0,0.0,0.0,0.0,0.0,0.0,186,0.045213219262714155,186,0.0,0.0,0.0,0.0,0.0,288,1.0,136.0,40.0
0.0,seed,2.7700002193450928,0.0,0.0,0.0,0.0,0.0,0.0,186,0.045213219262714155,186,0.0,0.0,0.0,0.0,0.0,289,1.0,144.0,40.0
0.0,seed,2.9780001640319824,0.0,0.0,0.05853132738464222,0.02601360701936955,0.06405172937217513,0.0,186,0.045213219262714155,186,0.0,0.0,0.04466935533868473,0.026013607019369528,0.05169196317157894,290,1.0,176.0,40.0
1.9502163831473858,static,3.0340001583099365,0.07903589218242324,4.398935199276421,-0.058531327384642194,0.026013607019369594,0.06405172937217511,0.5861992239952087,188,0.07293716335462896,186,0.06551456541682565,3.1759573572378765,-0.04466935533868474,0.026013607019369514,0.05169196317157894,290,0.14223937220297178,175.53668212890625,32.89643859863281
0.0,seed,3.0340001583099365,0.0,0.0,0.0,0.0,0.0,0.0,186,0.045213219262714155,186,0.0,0.0,0.0,0.0,0.0,291,1.0,184.0,40.0
0.0,seed,3.1520001888275146,0.0,0.0,0.04520125919050047,0.011096651186719255,0.046543415215973584,0.0,186,0.045213219262714155,186,0.0,0.0,0.03133928714454304,0.01109665118671913,0.03324585066271933,292,1.0,200.0,40.0
1.2802228930190982,static,3.1730000972747803,0.04813715028450449,4.1888675531624555,-0.04520125919050055,0.011096651186719082,0.04654341521597362,1.2718312740325928,188,0.07293716335462896,186,0.03461582351890735,2.830291537836415,-0.03133928714454304,0.01109665118671913,0.03324585066271933,292,0.277972054199013,199.2296905517578,33.570343017578125
0.0,seed,3.6740002632141113,0.0,0.0,0.0,0.0,0.0,0.0,186,0.045213219262714155,186,0.0,0.0,0.0,0.0,0.0,293,1.0,80.0,56.0
0.0,seed,3.4180002212524414,0.0,0.0,0.029398350192689666,0.030952144115907593,0.042688385064604276,0.0,186,0.045213219262714155,186,0.0,0.0,0.02240510999949353,0.03095214411590763,0.03821026275048787,294,1.0,88.0,56.0
1.9709192040215113,ambiguous,3.4810001850128174,0.07874505287088152,2.1248033589976068,-0.02939835019268886,0.030952144115907566,0.04268838506460371,0.8308407664299011,187,0.05919969964910532,186,0.07194763262753767,2.4172514815487287,-0.022405109999493487,0.030952144115907205,0.03821026275048749,294,0.13932870920072593,88.09122467041016,55.36815643310547
0.0,seed,3.117000102996826,0.0,0.0,0.02282833215939884,0.025924189057701247,0.034542674005920274,0.0,186,0.045213219262714155,186,0.0,0.0,0.01583509196620341,0.025924189057700893,0.030377849098932902,295,1.0,96.0,48.0
1.6444332128631454,ambiguous,3.1630001068115234,0.06256731577385821,2.3607489360721186,-0.02282833215939878,0.025924189057701268,0.03454267400592025,0.9322206377983093,187,0.05919969964910532,186,0.05576989553051437,2.6157433564871053,-0.01583509196620308,0.025924189057701323,0.030377849098933096,295,0.19312187573020295,95.7860336303711,47.412479400634766
0.0,seed,2.883000135421753,0.0,0.0,0.009699002436991103,0.021670648718911705,0.02374210740796252,0.0,186,0.045213219262714155,186,0.0,0.0,0.0027057622437953394,0.021670648718911778,0.021838914011883034,296,1.0,112.0,56.0
1.3116330794317184,ambiguous,2.9120001792907715,0.04379213793538694,2.384242829901166,-0.009699002436991074,0.021670648718911716,0.02374210740796252,1.2370693683624268,187,0.05919969964910532,186,0.036994717692042656,2.790162292639966,-0.002705762243795702,0.021670648718911348,0.021838914011882652,296,0.24950643153018076,112.47142791748047,55.492889404296875
0.0,seed,2.6520001888275146,0.0,0.0,0.06657650345028679,0.030049019436355247,0.07304364709372406,0.0,186,0.045213219262714155,186,0.0,0.0,0.046520437943277204,0.02826652118604646,0.054434799222514985,297,1.0,120.0,48.0
1.078174106127938,ambiguous,2.6760001182556152,0.03948928600528445,1.6223682252422464,0.04461835844374108,0.025127779189662892,0.051207452555449555,1.4139456748962402,187,0.05919969964910532,186,0.03269186576194105,2.109590099703293,0.038548773323122676,0.025611494016224805,0.04628127645669048,297,0.2233851173343127,120.62145233154297,46.58128356933594
1.8356703025782997,static,2.7180001735687256,0.07965448568787092,3.493761702889152,-0.044826702180453766,0.016530971614747453,0.047777675235434844,1.1762561798095703,188,0.07293716335462896,186,0.06613315892227423,2.3928432668204627,-0.03715882359554838,0.017508327127107322,0.0410769970883326,297,0.06383299143047237,120.38522338867188,41.58829879760742
1.9646032623301761,static,2.7280001640319824,0.09349120722559912,4.101411619165457,-0.06474006071739455,0.02280249938168008,0.06863839624979194,0.8926174640655518,189,0.08973465676920167,186,0.07190301761804685,2.3781288081612266,-0.04027468871791663,0.02400596103381091,0.04688642358382573,297,0.1400883753027968,120.63854217529297,40.460262298583984
0.0,seed,2.576000213623047,0.0,0.0,0.0,0.0,0.0,0.0,186,0.045213219262714155,186,0.0,0.0,0.0,0.0,0.0,298,1.0,136.0,48.0
0.0,seed,2.6080000400543213,0.0,0.0,0.0,0.0,0.0,0.0,186,0.045213219262714155,186,0.0,0.0,0.0,0.0,0.0,299,1.0,144.0,48.0
0.0,seed,2.5530002117156982,0.0,0.0,0.05449469738516066,0.023648182641778356,0.05940461754240275,0.0,186,0.045213219262714155,186,0.0,0.0,0.04063272533920319,0.023648182641778304,0.04701334821888385,300,1.0,160.0,56.0
1.9088989740777518,static,2.6060001850128174,0.06843943993866253,5.2880319834028295,-0.05449469738516102,0.023648182641778617,0.05940461754240318,0.5532388091087341,188,0.07293716335462896,186,0.054918113173065386,3.9787010939641774,-0.04063272533920354,0.023648182641778603,0.0470133482188843,300,0.148214843901461,159.68429565429688,47.99979782104492
0.0,seed,2.6410000324249268,0.0,0.0,0.04307536599574323,0.014143272644451753,0.04533783537799891,0.0,186,0.045213219262714155,186,0.0,0.0,0.029213393949785803,0.014143272644451628,0.03245696454015186,301,1.0,176.0,56.0
1.3417775790346833,static,2.6720001697540283,0.04851135034376597,4.503490420476316,-0.043075365995742895,0.014143272644451471,0.045337835377998494,0.9825488924980164,188,0.07293716335462896,186,0.03499002357816927,3.0523116322955706,-0.029213393949785376,0.014143272644451515,0.03245696454015143,301,0.2613803502218283,175.51736450195312,49.055667877197266
0.0,seed,2.686000108718872,0.0,0.0,0.047706404234860424,0.016777546304362123,0.05057061463948133,0.0,186,0.045213219262714155,186,0.0,0.0,0.033844432188902956,0.016777546304362047,0.03777474884343063,302,1.0,184.0,56.0
1.5535230218408547,static,2.7250001430511475,0.05759240199944138,4.766492173796117,-0.047706404234860444,0.016777546304362068,0.050570614639481336,1.1857755184173584,188,0.07293716335462896,186,0.04407107523384424,3.2856800449835495,-0.033844432188902956,0.016777546304362047,0.03777474884343063,302,0.21150148478519812,183.28274536132812,48.920536041259766
0.0,seed,2.7320001125335693,0.0,0.0,0.0,0.0,0.0,0.0,186,0.045213219262714155,186,0.0,0.0,0.0,0.0,0.0,303,1.0,192.0,56.0
0.0,seed,2.994000196456909,0.0,0.0,0.0,0.0,0.0,0.0,186,0.045213219262714155,186,0.0,0.0,0.0,0.0,0.0,304,1.0,208.0,48.0
0.0,seed,3.063000202178955,0.0,0.0,0.0,0.0,0.0,0.0,186,0.045213219262714155,186,0.0,0.0,0.0,0.0,0.0,305,1.0,216.0,48.0
0.0,seed,3.7930002212524414,0.0,0.0,0.03336198339519372,0.03200574852517676,0.046231914028277435,0.0,186,0.045213219262714155,186,0.0,0.0,0.026368743201997606,0.03200574852517636,0.04146900718259028,306,1.0,80.0,64.0
2.019068222963687,static,3.8610002994537354,0.08278322438869745,1.809179699960039,-0.03336198339519282,0.03200574852517635,0.0462319140282765,1.27644944190979,187,0.05919969964910532,186,0.07598580414535316,2.052282807752343,-0.026368743201997488,0.03200574852517641,0.04146900718259024,306,0.1327790172008738,79.9666976928711,63.149166107177734
0.0,seed,3.5470001697540283,0.0,0.0,0.03066366273335152,0.03273396175362647,0.04485278658358488,0.0,186,0.045213219262714155,186,0.0,0.0,0.023670422540155344,0.032733961753626084,0.04039555860880437,307,1.0,88.0,64.0
2.058262949350718,static,3.616000175476074,0.08344465238289578,1.9410067383298875,-0.03066366273335152,0.03273396175362647,0.04485278658358488,1.3204503059387207,187,0.05919969964910532,186,0.07664723213955194,2.254390709947693,-0.023670422540156187,0.03273396175362655,0.04039555860880525,307,0.1276754801931004,88.25983428955078,63.27534484863281
0.0,seed,3.32200026512146,0.0,0.0,0.025249021411288805,0.028703686257350362,0.03822845389220082,0.0,186,0.045213219262714155,186,0.0,0.0,0.018255781218093098,0.0287036862573504,0.03401727726675501,308,1.0,96.0,64.0
1.7763010916284991,ambiguous,3.379000186920166,0.07111088042892355,1.9555955799681748,-0.025249021411288805,0.028703686257350362,0.03822845389220082,0.9920198321342468,187,0.05919969964910532,186,0.06431346018557971,2.265163588402239,-0.018255781218093372,0.02870368625735003,0.03401727726675484,308,0.16925662252003304,96.15383911132812,63.22250747680664
0.0,seed,2.9630000591278076,0.0,0.0,0.012295337738259792,0.018371449047185802,0.022106231478730597,0.0,186,0.045213219262714155,186,0.0,0.0,0.005302097545064017,0.01837144904718543,0.01912125462595759,309,1.0,112.0,64.0
1.1043300758150396,ambiguous,2.992000102996826,0.042622197252471405,1.5102623436537863,-0.012295337738259379,0.01837144904718534,0.022106231478729983,0.9939171075820923,187,0.05919969964910532,186,0.035824777009128006,1.9382200219613959,-0.005302097545064017,0.01837144904718543,0.01912125462595759,309,0.3211145824263498,112.51715087890625,62.70353698730469
0.0,seed,2.808000087738037,0.0,0.0,0.022310037512163382,0.02411644769463121,0.032853322863936,0.0,186,0.045213219262714155,186,0.0,0.0,0.015316797318967994,0.02411644769463134,0.028569342476127003,310,1.0,120.0,64.0
1.54418013861266,ambiguous,2.8580000400543213,0.06340115042935501,1.4639493180204037,-0.02231003751216373,0.024116447694631317,0.03285332286393632,1.3821290731430054,187,0.05919969964910532,186,0.05660373018601117,1.854192662632943,-0.015316797318967955,0.02411644769463095,0.028569342476126653,310,0.21277762472864087,120.33562469482422,62.58396911621094
0.0,seed,2.4060001373291016,0.0,0.0,0.05917599397039866,0.028231251529689156,0.06556524861019926,0.0,186,0.045213219262714155,186,0.0,0.0,0.04531402192444117,0.028231251529689128,0.053388801690067086,311,1.0,160.0,64.0
2.240841469400534,static,2.4760000705718994,0.08321985857507741,5.632246783407001,-0.05917599397039866,0.028231251529689156,0.06556524861019926,0.09564707428216934,188,0.07293716335462896,186,0.06969853180948027,4.226905416688719,-0.04531402192444119,0.028231251529689107,0.05338880169006709,311,0.10636745154488128,159.68524169921875,55.72459030151367
0.0,seed,2.873000144958496,0.0,0.0,0.0,0.0,0.0,0.0,186,0.045213219262714155,186,0.0,0.0,0.0,0.0,0.0,312,1.0,224.0,64.0
0.0,seed,2.944000244140625,0.0,0.0,0.0,0.0,0.0,0.0,186,0.045213219262714155,186,0.0,0.0,0.0,0.0,0.0,313,1.0,232.0,64.0
0.0,seed,3.6760001182556152,0.0,0.0,0.03135839443274311,0.029026798081545162,0.042730596862977324,0.0,186,0.045213219262714155,186,0.0,0.0,0.02436515423954697,0.029026798081545176,0.03789743722184534,314,1.0,88.0,72.0
1.8775533161845146,ambiguous,3.742000102996826,0.07900806488985301,1.2393556073649177,-0.0313583944327424,0.029026798081545485,0.042730596862977026,1.0028873682022095,187,0.05919969964910532,186,0.07221064464650917,1.5478973947105885,-0.024365154239547028,0.029026798081545138,0.03789743722184535,314,0.1529638661244714,88.29769897460938,70.637451171875
0.0,seed,3.241000175476074,0.0,0.0,0.0,0.0,0.0,0.0,186,0.045213219262714155,186,0.0,0.0,0.0,0.0,0.0,315,1.0,104.0,72.0
0.0,seed,3.1580002307891846,0.0,0.0,0.02317981404089982,0.018510224751891565,0.02966365114641547,0.0,186,0.045213219262714155,186,0.0,0.0,0.016186573847704087,0.018510224751891614,0.024589298348930557,316,1.0,112.0,80.0
1.2144139617346992,ambiguous,3.200000047683716,0.05314553898360597,1.032004396031518,-0.02317981404089945,0.01851022475189153,0.029663651146415154,1.456336498260498,187,0.05919969964910532,186,0.04634811874026212,1.0908154340090834,-0.01618657384770405,0.018510224751891194,0.024589298348930214,316,0.2968817190237938,111.85749053955078,77.99169158935547
0.0,seed,2.879000186920166,0.0,0.0,0.024901556847617363,0.023453368157808952,0.03420742626069442,0.0,186,0.045213219262714155,186,0.0,0.0,0.017908316654422003,0.023453368157809046,0.02950878315588055,317,1.0,120.0,72.0
1.527907607064752,ambiguous,2.930000066757202,0.06320535881133882,1.6047130086139272,-0.02490155684761739,0.023453368157808935,0.03420742626069443,1.287522792816162,187,0.05919969964910532,186,0.05640793856799409,1.7642498478538775,-0.01790831665442159,0.02345336815780858,0.02950878315587993,317,0.2169433698664655,119.73529052734375,70.54084014892578
0.0,seed,2.692000150680542,0.0,0.0,0.0,0.0,0.0,0.0,186,0.045213219262714155,186,0.0,0.0,0.0,0.0,0.0,318,1.0,136.0,80.0
0.0,seed,2.497000217437744,0.0,0.0,0.05628613535827724,0.017798596274218856,0.059033203054746616,0.0,186,0.045213219262714155,186,0.0,0.0,0.042424163312319775,0.017798596274218807,0.046006517604389646,319,1.0,144.0,72.0
1.939262912730384,static,2.559000015258789,0.07291411740458775,5.232739146060101,-0.056286135358277284,0.017798596274218845,0.05903320305474665,0.37615567445755005,188,0.07293716335462896,186,0.05939279063899061,3.7422530867593102,-0.042424163312319775,0.017798596274218807,0.046006517604389646,319,0.14377868433230132,143.1517333984375,64.60197448730469
0.0,seed,2.3370001316070557,0.0,0.0,0.0,0.0,0.0,0.0,186,0.045213219262714155,186,0.0,0.0,0.0,0.0,0.0,320,1.0,176.0,80.0
0.0,seed,2.380000114440918,0.0,0.0,0.0,0.0,0.0,0.0,186,0.045213219262714155,186,0.0,0.0,0.0,0.0,0.0,321,1.0,184.0,80.0
0.0,seed,2.5910000801086426,0.0,0.0,0.0,0.0,0.0,0.0,186,0.045213219262714155,186,0.0,0.0,0.0,0.0,0.0,322,1.0,200.0,72.0
0.0,seed,2.954000234603882,0.0,0.0,-0.04270352631667851,0.01045045276125066,0.043963656840558495,0.0,186,0.045213219262714155,186,0.0,0.0,-0.07342388559388918,0.010450452761250478,0.07416386545090307,323,1.0,208.0,80.0
2.068559555672839,drawer,2.9090001583099365,0.028081056681741323,5.837369091144219,0.04270352631667849,0.01045045276125049,0.04396365684055843,1.0208138227462769,190,0.10665393781713517,186,0.05783766873883067,9.460618856025707,0.07342388559388885,0.010450452761250633,0.07416386545090277,323,0.12636746537269886,216.4763641357422,79.67899322509766
0.0,seed,2.9900002479553223,0.0,0.0,-0.03387431497707503,0.02576950040722298,0.04256214710754093,0.0,186,0.045213219262714155,186,0.0,0.0,-0.06459467425428571,0.025769500407222794,0.06954523055720742,324,1.0,224.0,72.0
1.903099780416644,drawer,2.9720001220703125,0.0015730561789850661,5.708080226590792,0.03387431497707499,0.02576950040722308,0.042562147107540964,1.3925442695617676,190,0.10665393781713517,186,0.028183555878104727,9.38359965297491,0.06459467425428529,0.025769500407223124,0.06954523055720715,324,0.14910570717933028,232.73558044433594,71.22361755371094
0.0,seed,3.7080001831054688,0.0,0.0,0.0,0.0,0.0,0.0,186,0.045213219262714155,186,0.0,0.0,0.0,0.0,0.0,325,1.0,96.0,88.0
0.0,seed,3.2430002689361572,0.0,0.0,0.03151725128898355,0.031046248593064162,0.04424032866644725,0.0,186,0.045213219262714155,186,0.0,0.0,0.02452401109578815,0.031046248593063826,0.03956383034955865,326,1.0,112.0,88.0
1.9584208130664478,static,3.315000057220459,0.08171788324257445,1.5435817381761814,-0.03151725128898392,0.0310462485930642,0.04424032866644753,1.4652820825576782,187,0.05919969964910532,186,0.07492046299923061,1.7161461153874042,-0.024524011095788188,0.031046248593064252,0.039563830349559,326,0.14107918843117104,111.83463287353516,86.66893768310547
0.0,seed,3.075000047683716,0.0,0.0,0.0,0.0,0.0,0.0,186,0.045213219262714155,186,0.0,0.0,0.0,0.0,0.0,327,1.0,120.0,88.0
0.0,seed,2.759000062942505,0.0,0.0,0.0,0.0,0.0,0.0,186,0.045213219262714155,186,0.0,0.0,0.0,0.0,0.0,328,1.0,136.0,88.0
0.0,seed,2.626000165939331,0.0,0.0,0.04852655037963515,0.018073413388903448,0.051782954369883755,0.0,186,0.045213219262714155,186,0.0,0.0,0.034664578333677684,0.018073413388903437,0.039093238067188424,329,1.0,144.0,88.0
1.6964258492867323,static,2.69100022315979,0.07361588017422394,3.8666563475403883,-0.048526550379635526,0.018073413388903663,0.05178295436988418,1.3760480880737305,188,0.07293716335462896,186,0.060094553408626794,2.3636565145719617,-0.03466457833367802,0.018073413388903496,0.03909323806718875,329,0.09907752947786566,143.81069946289062,81.9393310546875
0.0,seed,2.309000015258789,0.0,0.0,0.0,0.0,0.0,0.0,186,0.045213219262714155,186,0.0,0.0,0.0,0.0,0.0,330,1.0,176.0,88.0
0.0,seed,2.7960002422332764,0.0,0.0,0.0,0.0,0.0,0.0,186,0.045213219262714155,186,0.0,0.0,0.0,0.0,0.0,331,1.0,192.0,88.0
0.0,seed,3.1560001373291016,0.0,0.0,-0.040136994678841936,0.020416662986140467,0.045031305436762814,0.0,186,0.045213219262714155,186,0.0,0.0,-0.07085735395605261,0.020416662986140293,0.07374011619968437,332,1.0,208.0,88.0
1.9369100569430462,drawer,3.13100004196167,0.008825369985608233,5.772908267862513,0.04013699467884226,0.020416662986140414,0.045031305436763085,0.042045317590236664,190,0.10665393781713517,186,0.03858198204269847,9.202583756563724,0.07085735395605257,0.02041666298614045,0.07374011619968439,332,0.1441486735312702,216.13705444335938,87.86479187011719
0.0,seed,3.3310000896453857,0.0,0.0,-0.03513506555125488,0.03424626419854611,0.04906403410694638,0.0,186,0.045213219262714155,186,0.0,0.0,-0.06585542482846518,0.03424626419854614,0.07422764707906516,333,1.0,216.0,88.0
1.9287967793970153,drawer,3.328000068664551,0.014424261873706712,5.684362709335018,0.035135065551254466,0.034246264198546456,0.04906403410694633,0.5879904627799988,190,0.10665393781713517,186,0.015332350183383525,8.979698212182223,0.06585542482846515,0.034246264198546275,0.07422764707906519,333,0.14532294889709152,224.21942138671875,87.44384002685547
0.0,seed,3.8450002670288086,0.0,0.0,0.0,0.0,0.0,0.0,186,0.045213219262714155,186,0.0,0.0,0.0,0.0,0.0,334,1.0,96.0,96.0
0.0,seed,3.370000123977661,0.0,0.0,0.0,0.0,0.0,0.0,186,0.045213219262714155,186,0.0,0.0,0.0,0.0,0.0,335,1.0,112.0,96.0
0.0,seed,3.1650002002716064,0.0,0.0,0.0,0.0,0.0,0.0,186,0.045213219262714155,186,0.0,0.0,0.0,0.0,0.0,336,1.0,120.0,96.0
0.0,seed,2.9210002422332764,0.0,0.0,0.0,0.0,0.0,0.0,186,0.045213219262714155,186,0.0,0.0,0.0,0.0,0.0,337,1.0,136.0,104.0
0.0,seed,2.7720000743865967,0.0,0.0,0.02872127926707788,0.02628859602759012,0.038935872455093445,0.0,186,0.045213219262714155,186,0.0,0.0,0.021728039073882474,0.02628859602758976,0.03410568813406309,338,1.0,144.0,104.0
1.7093949572165632,ambiguous,2.8340001106262207,0.0692852292994659,2.3253958908550074,-0.028721279267078216,0.026288596027589695,0.03893587245509341,1.4688078165054321,187,0.05919969964910532,186,0.06248780905612206,2.081872894594772,-0.021728039073882474,0.02628859602758976,0.03410568813406309,338,0.18095504249763658,142.79220581054688,102.23690032958984
0.0,seed,2.5200002193450928,0.0,0.0,0.0,0.0,0.0,0.0,186,0.045213219262714155,186,0.0,0.0,0.0,0.0,0.0,339,1.0,168.0,96.0
0.0,seed,2.9640002250671387,0.0,0.0,0.0,0.0,0.0,0.0,186,0.045213219262714155,186,0.0,0.0,0.0,0.0,0.0,340,1.0,184.0,104.0
0.0,seed,3.1490001678466797,0.0,0.0,-0.017599087098555687,0.018677808461054213,0.02566297713848449,0.0,186,0.045213219262714155,186,0.0,0.0,-0.027908581339254234,0.020803248120487092,0.0348089650051868,341,1.0,200.0,96.0
0.6227884946030275,ambiguous,3.13100004196167,0.004539848241296607,1.837078409332431,-0.0071599629041894505,0.011150902741024317,0.013251705578119092,1.1563960313796997,187,0.05919969964910532,186,0.011337268484640894,2.0991235286152197,-0.0034829767584968587,0.008937714715753163,0.009592386118188733,341,0.536446407989528,200.3184356689453,94.64936828613281
1.8204462908856762,drawer,3.138000249862671,0.0029193560403415475,5.456948087872646,0.052738683871039,0.05776768892524861,0.0782206792364633,0.8158007264137268,190,0.10665393781713517,186,0.02683725601674869,8.86129392130052,0.1038699081847615,0.06457385218189961,0.1223059287684804,341,0.16195345645137837,207.72982788085938,95.71577453613281
0.0,seed,3.3370001316070557,0.0,0.0,-0.041103647497969895,0.017423391829656326,0.044643974066911896,0.0,186,0.045213219262714155,186,0.0,0.0,-0.07182400677518058,0.017423391829656142,0.07390712098364347,342,1.0,208.0,96.0
1.8695259844455496,drawer,3.3030002117156982,0.01889883906811285,5.426517045418291,0.04110364749797002,0.01742339182965651,0.044643974066912076,1.2821718454360962,190,0.10665393781713517,186,0.0486554511252022,8.681578678570451,0.07182400677518032,0.017423391829656566,0.07390712098364333,342,0.1541967361459571,215.82540893554688,95.3772964477539
0.0,seed,3.9070003032684326,0.0,0.0,0.0,0.0,0.0,0.0,186,0.045213219262714155,186,0.0,0.0,0.0,0.0,0.0,343,1.0,104.0,112.0
0.0,seed,3.6080002784729004,0.0,0.0,0.0,0.0,0.0,0.0,186,0.045213219262714155,186,0.0,0.0,0.0,0.0,0.0,344,1.0,112.0,112.0
0.0,seed,3.3940000534057617,0.0,0.0,0.015647894498831565,0.022464104077518567,0.02737686202347065,0.0,186,0.045213219262714155,186,0.0,0.0,0.008654654305636195,0.02246410407751822,0.024073616536690906,345,1.0,120.0,112.0
1.2198115163091219,ambiguous,3.44100022315979,0.05232524049088205,0.9232745691058114,-0.015647894498831968,0.022464104077518594,0.0273768620234709,1.3711575269699097,187,0.05919969964910532,186,0.04552782024753821,1.316077552849712,-0.008654654305636205,0.022464104077518657,0.02407361653669132,345,0.29528067892141197,120.60968780517578,110.36349487304688
0.0,seed,3.011000156402588,0.0,0.0,0.02470901516966602,0.027056554193449458,0.03664140493318799,0.0,186,0.045213219262714155,186,0.0,0.0,0.01771577497647065,0.027056554193449538,0.03234046703187843,346,1.0,136.0,112.0
1.6059565098571196,ambiguous,3.072000026702881,0.06677880748235765,1.7557943124016366,-0.024709015169666435,0.027056554193449905,0.0366414049331886,1.3936387300491333,187,0.05919969964910532,186,0.059981387239013806,1.7246531445312927,-0.01771577497647065,0.027056554193449538,0.03234046703187843,346,0.20020710309835751,135.48411560058594,110.39131927490234
0.0,seed,2.8550000190734863,0.0,0.0,0.0,0.0,0.0,0.0,186,0.045213219262714155,186,0.0,0.0,0.0,0.0,0.0,347,1.0,144.0,112.0
0.0,seed,2.7970001697540283,0.0,0.0,0.0,0.0,0.0,0.0,186,0.045213219262714155,186,0.0,0.0,0.0,0.0,0.0,348,1.0,168.0,112.0
0.0,seed,3.13700008392334,0.0,0.0,0.0,0.0,0.0,0.0,186,0.045213219262714155,186,0.0,0.0,0.0,0.0,0.0,349,1.0,184.0,112.0
0.0,seed,3.5500001907348633,0.0,0.0,-0.011865341996077562,0.03620642860678917,0.03810107364815857,0.0,186,0.045213219262714155,186,0.0,0.0,-0.025433761509708473,0.03251125583926936,0.04127781463182316,350,1.0,200.0,112.0
0.8514645461566738,ambiguous,3.55400013923645,0.015349818404338578,2.2802591205543723,-0.0010095725550334509,0.002697405549993357,0.00288014469167987,0.8358175158500671,187,0.05919969964910532,186,0.008552398160994734,2.629624867250936,-0.0005915116822732875,0.0066535473446360975,0.006679788794384134,350,0.42678942120931546,200.5623016357422,111.30224609375
1.7922132618701707,drawer,3.570000171661377,0.03143051306244793,4.832333433007377,0.047509380286328486,0.07250623200826128,0.08668503270592214,1.3807989358901978,190,0.10665393781713517,186,0.00167390100535858,7.93012484960765,0.09538167932711855,0.07410573715495618,0.12078627832059702,350,0.16659105171769872,206.63478088378906,111.83016967773438
0.0,seed,3.7940001487731934,0.0,0.0,0.0,0.0,0.0,0.0,186,0.045213219262714155,186,0.0,0.0,0.0,0.0,0.0,351,1.0,112.0,120.0
0.0,seed,3.5250000953674316,0.0,0.0,0.020095786159778525,0.032860789068570824,0.03851846413849661,0.0,186,0.045213219262714155,186,0.0,0.0,0.013102545966583123,0.03286078906857049,0.03537666136050017,352,1.0,120.0,120.0
1.762661979527605,ambiguous,3.5950002670288086,0.07364717391380626,1.2714622135220153,-0.020095786159778486,0.0328607890685704,0.03851846413849624,1.4892278909683228,187,0.05919969964910532,186,0.06684975367046198,1.6808603389385008,-0.013102545966582752,0.03286078906857045,0.035376661360499995,352,0.17158696111836383,120.68707275390625,118.75563049316406
0.0,seed,3.1110000610351562,0.0,0.0,0.0,0.0,0.0,0.0,186,0.045213219262714155,186,0.0,0.0,0.0,0.0,0.0,353,1.0,136.0,120.0
0.0,seed,2.955000162124634,0.0,0.0,0.0,0.0,0.0,0.0,186,0.045213219262714155,186,0.0,0.0,0.0,0.0,0.0,354,1.0,144.0,120.0
0.0,seed,2.94100022315979,0.0,0.0,-0.0035150565477780485,0.01926567264433614,0.01958371172614628,0.0,186,0.045213219262714155,186,0.0,0.0,-0.010508296740973823,0.019265672644335825,0.0219451690090341,355,1.0,160.0,128.0
0.9373764173006416,ambiguous,2.955000162124634,0.017999001742398324,2.4669359681518697,0.003515056547778436,0.01926567264433623,0.019583711726146435,1.2291187047958374,187,0.05919969964910532,186,0.011201581499054925,2.944611583717979,0.010508296740973814,0.019265672644336245,0.021945169009034465,355,0.39165402534778526,160.5718231201172,127.75402069091797
0.0,seed,2.947000026702881,0.0,0.0,0.0,0.0,0.0,0.0,186,0.045213219262714155,186,0.0,0.0,0.0,0.0,0.0,356,1.0,168.0,120.0
0.0,seed,3.5430002212524414,0.0,0.0,-0.027858990292034317,0.04695327991072915,0.054596097245745906,0.0,186,0.045213219262714155,186,0.0,0.0,-0.05857934956924462,0.04695327991072919,0.07507430113115303,357,1.0,184.0,128.0
2.0682517177288284,drawer,3.576000213623047,0.0394115928025478,5.455439693123177,0.02785899029203385,0.046953279910729416,0.05459609724574589,1.3992784023284912,190,0.10665393781713517,186,0.009654980745457564,8.34157251622615,0.05857934956924458,0.046953279910729326,0.07507430113115307,357,0.11036716768555105,191.5863494873047,126.5477066040039
0.0,seed,3.7840001583099365,0.0,0.0,-0.046767270862004356,0.03054925559280377,0.05586085070203044,0.0,186,0.045213219262714155,186,0.0,0.0,-0.08252222710587774,0.027698101500285757,0.08704655532089822,358,1.0,200.0,120.0
0.7615770201698849,ambiguous,3.7680001258850098,0.005939107198837057,2.24088942739521,-0.02785293266825932,0.051286946605954654,0.058362117425472405,1.2656227350234985,187,0.05919969964910532,186,0.0127365274421809,2.540637014419733,-0.04962140852574162,0.04823576677217831,0.06920240877439544,358,0.46692948885763164,200.4130859375,119.26283264160156
1.7355801673442286,drawer,3.8020002841949463,0.027914216382999513,4.767297672838347,0.018643749281204137,0.04362868590314634,0.047445248665127684,1.331559658050537,190,0.10665393781713517,186,0.0018423956740907244,7.706567471370016,0.04432951159175173,0.04689876088024638,0.06453370723944021,358,0.17629742597290318,206.38845825195312,119.8447494506836
2.1182365038016253,drawer,3.7780001163482666,0.0019938485614443557,6.352949800593107,0.04992969391857499,0.04753697187363533,0.06894010465409363,1.116292953491211,191,0.12346363394546822,186,0.03614188993944545,10.029510679913106,0.0924251523574557,0.050655041798417455,0.10539611970038706,358,0.1141816038220921,208.53372192382812,120.88301086425781
0.0,seed,3.8420002460479736,0.0,0.0,0.011975322566285033,0.0219739034203126,0.025025202938074274,0.0,186,0.045213219262714155,186,0.0,0.0,0.004982082373089603,0.021973903420312236,0.022531612820600743,359,1.0,120.0,136.0
1.042854628142624,ambiguous,3.88700008392334,0.044865257502976874,0.9593542110196399,-0.011975322566284963,0.021973903420312167,0.02502520293807386,1.4359307289123535,187,0.05919969964910532,186,0.038067837259632586,1.2792129083154578,-0.0049820823730892605,0.021973903420312236,0.02253161282060067,359,0.3521227834489594,120.601318359375,134.3978729248047
0.0,seed,3.329000234603882,0.0,0.0,0.0,0.0,0.0,0.0,186,0.045213219262714155,186,0.0,0.0,0.0,0.0,0.0,360,1.0,136.0,136.0
0.0,seed,3.1120002269744873,0.0,0.0,0.0,0.0,0.0,0.0,186,0.045213219262714155,186,0.0,0.0,0.0,0.0,0.0,361,1.0,160.0,136.0
0.0,seed,3.314000129699707,0.0,0.0,0.0,0.0,0.0,0.0,186,0.045213219262714155,186,0.0,0.0,0.0,0.0,0.0,362,1.0,168.0,136.0
0.0,seed,3.7140002250671387,0.0,0.0,0.0,0.0,0.0,0.0,186,0.045213219262714155,186,0.0,0.0,0.0,0.0,0.0,363,1.0,128.0,144.0
0.0,seed,3.4610002040863037,0.0,0.0,0.010818744094256608,0.022096743923234508,0.024603075331876976,0.0,186,0.045213219262714155,186,0.0,0.0,0.003825503901060869,0.022096743923234574,0.02242544474711786,364,1.0,136.0,144.0
1.058647838233909,ambiguous,3.507000207901001,0.04524631190532258,0.9611188323531187,-0.010818744094256611,0.022096743923234505,0.024603075331876976,1.35958993434906,187,0.05919969964910532,186,0.03844889166197829,1.3308202600770893,-0.0038255039010612023,0.02209674392323415,0.0224254447471175,364,0.34692318536742534,136.64321899414062,142.31838989257812
0.0,seed,3.30400013923645,0.0,0.0,0.0,0.0,0.0,0.0,186,0.045213219262714155,186,0.0,0.0,0.0,0.0,0.0,365,1.0,160.0,144.0
0.0,seed,2.951000213623047,0.0,0.0,0.04867942835044236,0.03292736535807324,0.058769874374120394,0.0,189,0.08973465676920167,189,0.0,0.0,0.00899417122288132,0.018166651865424377,0.020271219893879932,366,1.0,136.0,24.0
0.36544185653708683,ambiguous,2.9720001220703125,0.021532032696186754,0.4272487359929433,0.023535660951092923,0.019085879835716333,0.030301784526793194,0.45967721939086914,190,0.10665393781713517,189,0.013337784740210967,0.44862225991618415,0.0007696848714654624,0.008657706831865342,0.00869185264416572,366,0.6938899833062897,136.2764892578125,23.715967178344727
1.9668305639711856,static,3.0530002117156982,0.09424484830606428,1.9893131457299527,-0.06383749024905667,0.02676975120873785,0.06922315177074884,0.32497933506965637,191,0.12346363394546822,189,0.0778068593355079,0.873254435018023,-0.06979377020035146,0.043272306858734566,0.08211980820518247,366,0.13989955698489973,135.5811004638672,24.182031631469727
1.0908135784509072,ambiguous,2.993000030517578,0.05245143942208319,0.42454107417722264,0.00195094330766411,0.00981112677385878,0.01000321890005652,0.16810035705566406,192,0.14041430579681058,189,0.02819861340292862,2.497215099566284,0.012945335207712023,0.02631006499561874,0.02932236729382045,366,0.3359422254567361,135.5771942138672,23.58469009399414
1.60858113805836,ambiguous,2.989000082015991,0.05922327683105699,1.8864501271658591,0.0163407320087139,0.02740047984017465,0.03190306910083142,1.1077747344970703,193,0.1583840011236365,189,0.026579126021331945,4.927612327486258,0.045304819235587865,0.04366794105544539,0.06292388832542968,366,0.19913915740559973,136.56944274902344,23.155183792114258
0.0,seed,2.827000141143799,0.0,0.0,0.023044840042656174,0.011162299273965772,0.025605889511461737,0.0,189,0.08973465676920167,189,0.0,0.0,0.006125558994722601,0.011162299273965743,0.012732611596974247,367,1.0,144.0,32.0
0.2816127638061076,ambiguous,2.8450000286102295,0.01841165157992375,0.5673100191601114,0.0,0.0,0.0,0.5041263699531555,190,0.10665393781713517,189,0.010217403623947519,0.35570770172178134,0.0,0.0,0.0,367,0.7545658231635158,144.14007568359375,31.671707153320312
1.59740717869984,static,2.9130001068115234,0.07905952687640916,2.1812413542432387,-0.07285193173171796,0.03815697276915272,0.08223964085493538,0.1662590056657791,191,0.12346363394546822,189,0.06262153790585234,0.95246604744039,-0.05604223560338489,0.03815697276915271,0.0677988697717828,367,0.20242055816884216,143.4960479736328,31.998414993286133
0.0,seed,2.927000045776367,0.0,0.0,0.05733363782027163,0.03295808747629078,0.06613154735677154,0.0,189,0.08973465676920167,189,0.0,0.0,0.04041435677233805,0.032958087476290754,0.05214936014388537,368,1.0,160.0,32.0
1.0641214734673705,static,2.9770002365112305,0.05021707760472127,1.2378342404268972,0.0,0.0,0.0,0.8703205585479736,190,0.10665393781713517,189,0.042022829648745486,0.5078391988683221,0.0,0.0,0.0,368,0.3450308404051433,159.60145568847656,31.26984977722168
1.859666297125247,static,3.0230002403259277,0.08862481707617853,2.70709828356632,-0.05049305011953746,0.025196061850111848,0.05643039644667388,1.1551727056503296,191,0.12346363394546822,189,0.07218682810562216,1.346737363129645,-0.033683353991204396,0.025196061850111848,0.04206435389794364,368,0.15572406765401345,159.00682067871094,31.635892868041992
0.0,seed,2.9860000610351562,0.0,0.0,0.02833341886463547,0.014384839052021309,0.03177587479694994,0.0,189,0.08973465676920167,189,0.0,0.0,0.019873778340668884,0.014384839052021384,0.024533460010495854,369,1.0,168.0,32.0
0.9794053319621063,static,3.0320000648498535,0.04611413419167887,1.507572986399618,-0.028333418864635862,0.01438483905202158,0.03177587479695041,1.3950190544128418,190,0.10665393781713517,189,0.03791988623570308,0.7381231403082406,-0.019873778340668904,0.014384839052021429,0.024533460010495896,369,0.37553435073995545,167.3520050048828,31.144676208496094
0.0,seed,3.32200026512146,0.0,0.0,0.0,0.0,0.0,0.0,189,0.08973465676920167,189,0.0,0.0,0.0,0.0,0.0,370,1.0,184.0,24.0
0.0,seed,3.2250001430511475,0.0,0.0,0.07166981074871685,0.04708738282147144,0.08575420335897647,0.0,189,0.08973465676920167,189,0.0,0.0,0.03592670486178755,0.0269316825723331,0.04490037470225498,371,1.0,96.0,40.0
1.0029442800809203,ambiguous,3.2720000743865967,0.048120009508110684,0.37085131489281975,0.018353772215168356,0.02299621839642327,0.029422559627984138,0.23746874928474426,190,0.10665393781713517,189,0.03992576155213534,0.2940261225380236,-0.00047005262382777735,4.285111443116835e-05,0.0004720017872586618,371,0.3667978940307808,96.18849182128906,39.6966438293457
1.3703915086104188,static,3.302000045776367,0.07019488696531617,1.744487732041829,-0.022197036710341622,0.013115237196267547,0.02578212336939325,0.3035283386707306,191,0.12346363394546822,189,0.053756897994760244,0.8041194068586185,-0.024211165421004703,0.011080852019511572,0.026626411934798266,371,0.2540074939622561,95.94214630126953,40.13510513305664
1.4805147931316223,static,3.2850000858306885,0.07545651779596696,0.642766035157035,-0.0008292106937707889,0.010521486408037342,0.010554111360468882,0.21723754703998566,192,0.14041430579681058,189,0.05120369177681239,2.231499481072281,0.014107332446909208,0.02474760045477206,0.02848614675656663,371,0.227520532223515,95.51497650146484,39.57545471191406
2.078252247295868,static,3.2950000762939453,0.09597716087685715,1.5623473461960316,-0.004781466807675787,0.02999185936124216,0.03037061166287953,0.23317134380340576,193,0.1583840011236365,189,0.0633330100671321,4.038554439040471,0.0281247716598299,0.04657459290879174,0.05440767855309804,371,0.12514872039658498,95.95674133300781,39.39898681640625
0.0,seed,2.744000196456909,0.0,0.0,0.06689044915582967,0.04376644128282191,0.07993643456416687,0.0,189,0.08973465676920167,189,0.0,0.0,0.03179823278570476,0.029463150545472314,0.0433497964050471,372,1.0,120.0,40.0
0.8998935505853567,ambiguous,2.7870001792907715,0.04368634034973162,0.35405009477826394,0.022241826370768096,0.018692263934135485,0.029053391734714506,0.5433123111724854,190,0.10665393781713517,189,0.03549209239375539,0.45003013229942657,0.004068891048576725,0.0026468709590190998,0.004854049880139932,372,0.40661289267444967,120.24400329589844,39.81873321533203
1.0849777602339836,static,2.809000015258789,0.05905081567425752,1.6525367316444948,-0.007199178948266651,0.011638057846941868,0.01368475677452584,0.24917751550674438,191,0.12346363394546822,189,0.042612826703701145,0.6167799758609601,-0.008562418142124939,0.005814957570225798,0.010350301250887175,372,0.33790926055300513,119.95616912841797,40.3626823425293
1.5800528652707835,static,2.809000015258789,0.07611744089678663,0.5737931839176397,-0.0008947593080708403,0.015017549103557523,0.015044180778531637,0.806532084941864,192,0.14041430579681058,189,0.0518646148776325,2.7089113512026954,0.014692673349413142,0.026623622776829094,0.03040874775316222,372,0.20586909183371443,119.83545684814453,39.66956329345703
2.168623488823621,static,2.821000099182129,0.09731470249809204,1.1967982389112684,-0.010972047888009276,0.034620297114450305,0.03631736233744935,1.3905636072158813,193,0.1583840011236365,189,0.06467055168836744,4.33601477030581,0.022585080096300798,0.04697553953696087,0.05212280842150484,372,0.06690901178567026,120.1498031616211,39.074398040771484
0.0,seed,2.619000196456909,0.0,0.0,0.030733094381559887,0.022411002531213225,0.038036510417228254,0.0,189,0.08973465676920167,189,0.0,0.0,0.0013353752125564158,0.01590733697910529,0.015963289032186342,373,1.0,136.0,40.0
0.41305084501572353,ambiguous,2.638000011444092,0.019478316517399286,0.29592218260960235,0.012858897873524207,0.006907918820940757,0.014596937930896087,0.7429614663124084,190,0.10665393781713517,189,0.011284068561423055,0.9051334772051791,0.0003804597524543096,0.0028757713566832342,0.002900829281284461,373,0.6616286414539296,136.6650390625,39.85089111328125
1.4641225616899889,static,2.699000120162964,0.07419413020678789,1.6858881170523667,-0.05303726144442111,0.0241280179790707,0.058267592649106734,0.772942841053009,191,0.12346363394546822,189,0.05775614123623107,0.7274456830495128,-0.048706003437157946,0.030853545343558542,0.057656014700007356,373,0.2312760398154908,135.9750213623047,40.33635330200195
1.1298024870178205,ambiguous,2.6550002098083496,0.04515089084663426,0.7486328278546265,-0.006634382169766986,0.0163044433965643,0.017602553827393664,1.0436393022537231,192,0.14041430579681058,189,0.020898064827480134,3.005242365170999,0.01464754768883849,0.02312729918716479,0.027375584395395672,373,0.31878030826882686,136.09719848632812,39.52101135253906
0.0,seed,2.6510000228881836,0.0,0.0,0.04709085153196457,0.021470034923473748,0.051754330230626235,0.0,189,0.08973465676920167,189,0.0,0.0,0.030171570484031,0.02147003492347373,0.03703087988541499,374,1.0,144.0,40.0
0.7676218854811555,static,2.689000129699707,0.03839014048568412,1.2389749371445846,0.0,0.0,0.0,1.0549392700195312,190,0.10665393781713517,189,0.030195892529708335,0.41756514432751773,0.0,0.0,0.0,374,0.46411453616166776,143.6038360595703,39.28828811645508
1.5739408429577575,static,2.7340002059936523,0.0770397201645805,2.6950582578216213,-0.0494961797706466,0.025142537050274354,0.055515934480224544,1.0508489608764648,191,0.12346363394546822,189,0.060601731194024566,1.2796103843712077,-0.032686483642313545,0.02514253705027434,0.04123776645532162,374,0.20720817248031603,143.2810516357422,39.5609245300293
0.0,seed,2.752000093460083,0.0,0.0,0.04740367367566061,0.03042555980130147,0.0563278169927709,0.0,189,0.08973465676920167,189,0.0,0.0,0.029242770298860812,0.03236067207153701,0.04361596853989937,375,1.0,160.0,40.0
0.8491894508507561,ambiguous,2.7900002002716064,0.03820740186464677,1.5660704102858283,0.0012416223288662224,0.001945119093271511,0.0023076209165607264,1.0130974054336548,190,0.10665393781713517,189,0.030013153908670986,1.1929644141725413,0.0,0.0,0.0,375,0.4277614622066398,160.18350219726562,38.61634063720703
2.0258122769301243,static,2.8520002365112305,0.09363187059549372,3.025633070779617,-0.062264458207925914,0.037793222261872976,0.07283673801634642,1.2323064804077148,191,0.12346363394546822,189,0.07719388162493779,1.8483646908604694,-0.04669638440845907,0.035881371693533906,0.05888994100380909,375,0.13188305507989775,159.4383087158203,39.003997802734375
0.0,seed,2.8500001430511475,0.0,0.0,0.0,0.0,0.0,0.0,189,0.08973465676920167,189,0.0,0.0,0.0,0.0,0.0,376,1.0,176.0,40.0
0.0,seed,2.9020001888275146,0.0,0.0,0.027915550369329478,0.012800686430984358,0.030710511645476668,0.0,189,0.08973465676920167,189,0.0,0.0,0.01945590984536292,0.012800686430984391,0.02328926793643969,377,1.0,184.0,40.0
0.8977670065936392,static,2.94100022315979,0.03890688150132382,2.176311338329057,-0.027915550369329908,0.012800686430984509,0.030710511645477123,1.4806461334228516,190,0.10665393781713517,189,0.030712633545348034,1.3957076787930813,-0.01945590984536292,0.012800686430984391,0.02328926793643969,377,0.40747854149584956,183.09100341796875,38.50839614868164
0.0,seed,3.0210001468658447,0.0,0.0,0.0,0.0,0.0,0.0,189,0.08973465676920167,189,0.0,0.0,0.0,0.0,0.0,378,1.0,200.0,40.0
0.0,seed,3.67900013923645,0.0,0.0,0.054511650112804406,0.02845127451108184,0.061489796058579856,0.0,189,0.08973465676920167,189,0.0,0.0,0.037460555212301704,0.027317410275832718,0.04636306828707603,379,1.0,88.0,56.0
1.2519557192805961,ambiguous,3.7350001335144043,0.057373180439128646,0.40719288309847074,-0.0007262806086017935,0.008169479250606813,0.008201699503671556,0.27138498425483704,190,0.10665393781713517,189,0.04917893248315375,0.708587666649269,-0.0008580944611713205,0.009652171368165074,0.00969023932752533,379,0.2859450214651746,88.07648468017578,56.299102783203125
1.4953629929323418,static,3.761000156402588,0.07569534983245907,1.5823245968911526,-0.04444448356711227,0.011121882402952511,0.04581493629519108,0.1751638799905777,191,0.12346363394546822,189,0.05925736086190314,0.6108792711301081,-0.027766601291348742,0.010685403450112933,0.029751672123838942,379,0.2241672188440751,87.81654357910156,56.22209930419922
0.0,seed,3.3420002460479736,0.0,0.0,0.06366603073514007,0.03628388872249245,0.07327949270016827,0.0,189,0.08973465676920167,189,0.0,0.0,0.04045389184642244,0.02910825771233762,0.04983781729339585,380,1.0,96.0,48.0
0.933517596412723,ambiguous,3.386000156402588,0.04514947179616602,0.21155364561175025,0.016488183324129733,0.014320950268382123,0.021839180523077872,0.030589358881115913,190,0.10665393781713517,189,0.036955223840190676,0.40136980982951287,0.010195325483345268,0.007052191006476397,0.012396695515466046,380,0.3931682677978475,96.21676635742188,47.85751724243164
1.3155939627351474,static,3.4160001277923584,0.06757668238276526,1.7432517718810943,-0.025573707709686522,0.00418730358023062,0.02591424390742458,0.12864769995212555,191,0.12346363394546822,189,0.051138693412209335,0.9310095198677278,-0.015056869422137938,0.008528701517770059,0.017304567789301346,380,0.2683149068442743,96.11346435546875,47.98774337768555
2.0065418945010025,static,3.4250001907348633,0.09857345294356845,0.5153106822174022,-0.026929842779324874,0.03178898717688778,0.04166240676979057,0.49496588110923767,192,0.14041430579681058,189,0.07432062692441477,2.2728601355505904,0.0005376673595667899,0.03712474218815175,0.03712863542774335,380,0.1344521024559735,95.46636962890625,47.90528106689453
0.0,seed,3.080000162124634,0.0,0.0,0.05659355110187912,0.034532895965206076,0.06629744286218549,0.0,189,0.08973465676920167,189,0.0,0.0,0.03326587405222511,0.03188233358288049,0.046077126333448494,381,1.0,112.0,56.0
0.9437239036540738,ambiguous,3.124000072479248,0.04484955957916892,0.2738896112611177,0.015438201236688105,0.009797952567076332,0.018284909951409547,0.22866877913475037,190,0.10665393781713517,189,0.03665531162319313,0.6765474758765206,0.009029805234967658,0.0068313166901838316,0.011322732457451844,381,0.38917458106908875,112.18260955810547,56.19725799560547
1.2407885255196196,static,3.1510002613067627,0.0655410519012225,1.3065576540735433,-0.019431105361580263,0.004110724719060084,0.019861165959951212,0.15229164063930511,191,0.12346363394546822,189,0.049103062930665686,0.5417631368529265,-0.009029805234967658,0.0068313166901838316,0.011322732457451844,381,0.2890756850717097,112.13839721679688,56.474327087402344
1.9837826792277526,static,3.1660001277923584,0.09842252574967603,0.22205599947019738,-0.03208280420241963,0.031205703164104606,0.04475603015747714,1.1919275522232056,192,0.14041430579681058,189,0.07416969973052234,2.1153265590056605,-0.004730832224464724,0.03330395408010563,0.033638283709277114,381,0.13754688641904697,111.04385375976562,56.123477935791016
0.0,seed,2.701000213623047,0.0,0.0,0.0548949197922676,0.034620059903059906,0.06489992886506848,0.0,189,0.08973465676920167,189,0.0,0.0,0.028947848532485103,0.028863414944275335,0.040878780032005804,382,1.0,128.0,48.0
0.817925803904845,ambiguous,2.741000175476074,0.04057850289021392,0.5226121391962213,0.013185383997119271,0.010480151321659553,0.01684303781615334,0.4047558009624481,190,0.10665393781713517,189,0.03238425493423813,0.34908633349541135,0.004157593785270319,0.004229138623394721,0.005930531138035393,382,0.44134603898645924,128.1360321044922,47.708282470703125
1.1569770862394768,static,2.7680001258850098,0.06159796453938693,1.7101145018380572,-0.01849661305848667,0.0023924747470692627,0.018650700524397032,0.19298796355724335,191,0.12346363394546822,189,0.04515997556883011,0.7586878244714419,-0.01071470714200254,0.008494315200607448,0.013673271000976723,382,0.3144352188528288,128.0381317138672,48.21022033691406
1.5373150281054548,static,2.7700002193450928,0.07890416148934909,0.5129758654379557,-0.019517719696402168,0.020428513112783497,0.02825359322540219,0.8692699074745178,192,0.14041430579681058,189,0.054651335470195406,2.1141108827231094,0.005214858071424235,0.025238657057400218,0.02577177826162091,382,0.21489781444918046,127.24517822265625,47.49520492553711
0.0,seed,2.567000150680542,0.0,0.0,0.04011147487776806,0.021562767405316624,0.04553990947559737,0.0,189,0.08973465676920167,189,0.0,0.0,0.02390905693320568,0.020549515299354622,0.031526585328476034,383,1.0,136.0,48.0
0.7087771892230815,ambiguous,2.6030001640319824,0.036467132422533854,0.8067048448440437,0.0,0.0,0.0,0.8699749708175659,190,0.10665393781713517,189,0.028272884466558068,0.1578241357744643,0.0007168631033711918,0.001123034015425967,0.0013323280785072222,383,0.49224575300337275,135.91641235351562,47.5820198059082
1.640815936565924,static,2.6540000438690186,0.08181805744229642,2.1486209602508275,-0.0537500400180888,0.024177243183661858,0.05893730473908754,0.7449900507926941,191,0.12346363394546822,189,0.06538006847174005,0.4314276607908037,-0.036223480786384536,0.025203421122240305,0.04412882274145276,383,0.19382180832975307,135.29019165039062,48.33490753173828
0.0,seed,2.509000062942505,0.0,0.0,0.020799406946911934,0.008207764231732913,0.022360293446799007,0.0,189,0.08973465676920167,189,0.0,0.0,0.012339766422945332,0.00820776423173301,0.01482016292274025,384,1.0,144.0,48.0
0.6094685832250756,static,2.5400002002716064,0.03137222412060536,1.4230465186913237,-0.02079940694691231,0.008207764231733137,0.022360293446799434,1.0105409622192383,190,0.10665393781713517,189,0.023177976164629577,0.5667566303755593,-0.012339766422945332,0.00820776423173301,0.01482016292274025,384,0.5436388490870419,143.56626892089844,47.09391403198242
0.0,seed,2.5970001220703125,0.0,0.0,0.0,0.0,0.0,0.0,189,0.08973465676920167,189,0.0,0.0,0.0,0.0,0.0,385,1.0,160.0,48.0
0.0,seed,2.680000066757202,0.0,0.0,0.0,0.0,0.0,0.0,189,0.08973465676920167,189,0.0,0.0,0.0,0.0,0.0,386,1.0,176.0,48.0
0.0,seed,3.491000175476074,0.0,0.0,0.0,0.0,0.0,0.0,189,0.08973465676920167,189,0.0,0.0,0.0,0.0,0.0,387,1.0,200.0,48.0
0.0,seed,3.4650001525878906,0.0,0.0,0.0,0.0,0.0,0.0,189,0.08973465676920167,189,0.0,0.0,0.0,0.0,0.0,388,1.0,208.0,56.0
0.0,seed,3.329000234603882,0.0,0.0,0.0250029923214844,0.010893763603524223,0.027273131658789695,0.0,189,0.08973465676920167,189,0.0,0.0,0.01654335179751741,0.01089376360352411,0.019807992683406595,389,1.0,216.0,48.0
0.7953842113086402,static,3.366000175476074,0.03640127937982829,1.9324389572867697,-0.02500299232148403,0.010893763603523985,0.027273131658789262,1.2632237672805786,190,0.10665393781713517,189,0.028207031423852058,1.103751962657082,-0.01654335179751741,0.01089376360352411,0.019807992683406595,389,0.45137531699651046,214.8772430419922,47.028228759765625
0.0,seed,3.820000171661377,0.0,0.0,0.05895738461247148,0.03058168772888934,0.06641696187488698,0.0,189,0.08973465676920167,189,0.0,0.0,0.04190628971196878,0.029367114554107485,0.05117191157908342,390,1.0,88.0,64.0
1.2641030276736063,ambiguous,3.877000093460083,0.05841342911271186,0.38158177311649444,-0.0003710864945907045,0.00417412138205846,0.004190584028345601,0.3955826461315155,190,0.10665393781713517,189,0.050219181156736514,0.4422087214917914,-0.0005029003471602315,0.005656813499616721,0.005679123852199375,390,0.28249257055166993,87.91980743408203,64.04906463623047
1.6626456508208696,static,3.9080002307891846,0.08217407650233444,1.7494569929175474,-0.04812491828194374,0.012834946508804642,0.04980706387178067,0.4403960108757019,191,0.12346363394546822,189,0.06573608753177895,0.7566890175774903,-0.03144703600618015,0.012419628256621617,0.03381069711802265,390,0.18963660360216525,87.68630981445312,64.04204559326172
0.0,seed,3.567000150680542,0.0,0.0,0.04077385742384115,0.03136065188077266,0.05143926453213281,0.0,189,0.08973465676920167,189,0.0,0.0,0.02403443658776959,0.02985106905774338,0.038324149905531915,391,1.0,96.0,64.0
1.1012148152394075,ambiguous,3.616000175476074,0.05020459165366198,0.493893404756994,-0.00035926081596522564,0.004041101671755051,0.004057039691123254,0.4199782907962799,190,0.10665393781713517,189,0.04201034369768619,0.9933169809973419,-0.00017940060410361796,0.005572863979818458,0.005575750847581944,391,0.3324669523550028,96.32735443115234,64.48837280273438
1.4671552325991526,static,3.6470000743865967,0.07449179556995311,1.1238494382264854,-0.043636961922512776,0.01712946772387727,0.046878599705304586,0.38147494196891785,191,0.12346363394546822,189,0.05805380659939807,0.6444184956694589,-0.026647405582318116,0.017334512801396598,0.031789456716501796,391,0.2305805009536202,96.36145782470703,64.44744873046875
0.0,seed,3.1710002422332764,0.0,0.0,0.05388472572364888,0.03382337416526017,0.06362062799309715,0.0,189,0.08973465676920167,189,0.0,0.0,0.027921871341178767,0.030917711891858993,0.041659762455171764,392,1.0,112.0,64.0
0.8674118939026972,ambiguous,3.2120001316070557,0.04186474350948188,0.08631171197305237,0.016071184381549992,0.009493275436258887,0.018665616677046935,0.11724185943603516,190,0.10665393781713517,189,0.03367049555350565,0.6281363465044077,0.007027611047013481,0.006247976240790258,0.009403431508422096,392,0.42003724464813874,112.34812927246094,63.9613037109375
1.2008598004036075,static,3.239000082015991,0.062978665027424,1.4605835120581472,-0.01875588355163378,0.0056128018183290735,0.019577709571200735,0.39053863286972046,191,0.12346363394546822,189,0.046540676056867625,0.8914225277516494,-0.01098976075783727,0.00877870559471062,0.01406557902942867,392,0.30093535630526014,112.38314819335938,64.15068054199219
1.7859323911012432,static,3.249000072479248,0.09038474741721725,0.09013388316906362,-0.026497536092544884,0.02872279409511069,0.03907836127073197,1.2867032289505005,192,0.14041430579681058,189,0.06613192139806312,2.02618879152183,-0.0017807414474060364,0.030502252645043967,0.030554188853978786,392,0.16764066144415765,111.13799285888672,63.9423828125
0.0,seed,3.004000186920166,0.0,0.0,0.0580358467448547,0.035018639365861935,0.06778248011417522,0.0,189,0.08973465676920167,189,0.0,0.0,0.03359001884080728,0.03314622775977874,0.04719069590956372,393,1.0,120.0,64.0
0.9802375431316769,ambiguous,3.0500001907348633,0.04672175348785634,0.3679624367588599,0.01430035270726119,0.005185527756228971,0.015211501755668095,0.4423506557941437,190,0.10665393781713517,189,0.03852750553188056,0.5460924185243923,0.006773805851147312,0.003138835715888352,0.0074657039427219385,393,0.3752219568655777,120.34517669677734,63.70121383666992
1.2108499598757867,static,3.073000192642212,0.06418431954250092,1.583505075795228,-0.016713751545718768,0.001648294319177852,0.016794831493487823,0.713778555393219,191,0.12346363394546822,189,0.04774633057194455,0.6099493098818415,-0.007430602273499565,0.003563462286758295,0.008240880633529742,393,0.29794393139038955,120.01500701904297,64.208251953125
1.9050605497364113,static,3.0890002250671387,0.09598465687176505,0.5762435781610387,-0.028273473660331616,0.0314188797280156,0.042267426183587,1.4778121709823608,192,0.14041430579681058,189,0.07173183085261137,1.9287596461722383,-0.0020396525367701113,0.032373932720834366,0.03243812112752314,393,0.14879928008960774,118.75679016113281,64.09577178955078
0.0,seed,2.7130000591278076,0.0,0.0,0.03894038022307986,0.01747333246046688,0.04268103278028818,0.0,189,0.08973465676920167,189,0.0,0.0,0.02292663591725928,0.016179711769313217,0.028060892847887358,394,1.0,136.0,64.0
0.6151312487027639,static,2.745000123977661,0.03247592904959351,1.0826814226981905,0.0,0.0,0.0,1.0956103801727295,190,0.10665393781713517,189,0.024281681093618168,0.2982915881434067,0.0009055367421130014,0.0014186091581900487,0.001682988037692873,394,0.540569812667625,135.748291015625,63.299903869628906
1.4310758628083164,static,2.7900002002716064,0.07254541736032527,2.5871880077680975,-0.05022289859813285,0.018210899313600454,0.053422620652757456,0.9296818375587463,191,0.12346363394546822,189,0.0561074283897689,0.8509161669208242,-0.03250766572768679,0.019364629833559015,0.03783830360433441,394,0.23905102717927743,134.87705993652344,63.98847961425781
0.0,seed,2.5980000495910645,0.0,0.0,0.0,0.0,0.0,0.0,189,0.08973465676920167,189,0.0,0.0,0.0,0.0,0.0,395,1.0,144.0,64.0
0.0,seed,2.7270002365112305,0.0,0.0,0.0,0.0,0.0,0.0,189,0.08973465676920167,189,0.0,0.0,0.0,0.0,0.0,396,1.0,208.0,64.0
0.0,seed,2.7110002040863037,0.0,0.0,-0.01946961766911728,0.014816526421752248,0.024466210728024195,0.0,189,0.08973465676920167,189,0.0,0.0,-0.03501570258764566,0.01666218785991559,0.03877793099155205,397,1.0,216.0,64.0
0.514778408456501,drawer,2.700000047683716,0.011471528173773837,1.282475738935277,-0.0013731961294051655,0.002151241925998185,0.0025521577995856193,1.2548854351043701,190,0.10665393781713517,189,0.019665776129749624,2.109178087964801,0.0,0.0,0.0,397,0.595765293220954,216.6316680908203,65.53115844726562
2.9790865611990838,drawer,2.7170002460479736,0.013444931377013525,8.880191489548913,0.07218920984259627,0.09298529692366962,0.11771808468405101,1.2586642503738403,193,0.1583840011236365,189,0.019199219432711523,13.259200621744547,0.12529246927850288,0.09512486754657347,0.1573116120432873,397,0.05083904514925764,223.94854736328125,65.71569061279297
0.0,seed,2.821000099182129,0.0,0.0,0.0,0.0,0.0,0.0,189,0.08973465676920167,189,0.0,0.0,0.0,0.0,0.0,398,1.0,232.0,64.0
0.0,seed,3.7100002765655518,0.0,0.0,0.05543606832238243,0.032471279743385414,0.0642459467921288,0.0,189,0.08973465676920167,189,0.0,0.0,0.03724230285574215,0.0326213779972935,0.04950902366681375,399,1.0,96.0,72.0
1.1804199394706911,ambiguous,3.764000177383423,0.05524040408696784,0.3844229701925334,0.0,0.0,0.0,0.6699036359786987,190,0.10665393781713517,189,0.047046156130992944,0.3007973799794223,-0.0012744844187071122,0.0021475531576277203,0.0024972575154284743,399,0.3071497272206698,95.92546844482422,71.89497375488281
1.6269939583146733,static,3.7960002422332764,0.08096904190150322,1.4297246725309958,-0.03906559612540317,0.017288428338058867,0.042720142263729784,0.959720253944397,191,0.12346363394546822,189,0.0645310529309473,0.6324868428773691,-0.023530384415777227,0.015306846612779715,0.028070955523127772,399,0.1965194327197048,96.11083984375,72.15969848632812
0.0,seed,3.2800002098083496,0.0,0.0,0.04108327570351288,0.031202440928180947,0.05158902850807983,0.0,189,0.08973465676920167,189,0.0,0.0,0.024965192179366665,0.03027516006583376,0.039240873302776605,400,1.0,112.0,72.0
0.9888698083924946,ambiguous,3.326000213623047,0.04688381375198958,0.0785460476833583,0.0,0.0,0.0,0.27545443177223206,190,0.10665393781713517,189,0.03868956579601379,0.617095949349799,0.0008011975237873254,0.0012551518805429711,0.0014890680694157332,400,0.37199688128280967,112.31114196777344,71.97337341308594
1.6820183087946765,static,3.3680002689361572,0.08342398492328229,1.0471345664581306,-0.04476645970122773,0.018146163660466536,0.048304442546975766,0.9596550464630127,191,0.12346363394546822,189,0.06698599595272636,0.471804798173462,-0.027155566049107356,0.01926711690680215,0.0332963445643484,400,0.18599819515296892,112.15123748779297,72.65216827392578
0.0,seed,3.082000255584717,0.0,0.0,0.03929656716960131,0.027095938559679053,0.04773269401306497,0.0,189,0.08973465676920167,189,0.0,0.0,0.023197627337208978,0.026263212419220656,0.03504120775106262,401,1.0,120.0,72.0
0.8799814326471412,ambiguous,3.124000072479248,0.04273107182302205,0.4056571979121248,0.0,0.0,0.0,0.28989478945732117,190,0.10665393781713517,189,0.03453682386704582,0.5097546030710443,0.0008203412155412187,0.0012851422886409026,0.0015246476353468763,401,0.41479061317376026,119.98157501220703,72.06636047363281
1.6819237803764475,static,3.1700000762939453,0.08364292549713781,1.2956619126039883,-0.04722967768999114,0.021244013842667994,0.051787552354286025,0.7536911368370056,191,0.12346363394546822,189,0.06720493652658144,0.23340153339117964,-0.02959964034611684,0.02232084548863797,0.03707234618886587,401,0.1860156228755199,119.70661163330078,72.82207489013672
0.0,seed,2.7830002307891846,0.0,0.0,0.03925426145918392,0.019243798694076573,0.04371751171880801,0.0,189,0.08973465676920167,189,0.0,0.0,0.024093765630170506,0.016672749367694972,0.029300001940606734,402,1.0,136.0,72.0
0.6485765182265971,static,2.81600022315979,0.03347946548445435,1.1121817931248639,0.0,0.0,0.0,0.9930758476257324,190,0.10665393781713517,189,0.02528521752847901,0.43538888562737255,0.0017587852189201595,0.002755303791459049,0.003268795562515442,402,0.5227889923214496,135.85293579101562,71.16329193115234
1.9179608288301788,static,2.878000020980835,0.0909560459816543,3.0793403816154274,-0.06966320589237024,0.027341194316706383,0.07483650955159965,1.4212751388549805,191,0.12346363394546822,189,0.07451805701109793,1.3681635691148342,-0.05109472454511702,0.029540815353514206,0.05901974795008705,402,0.14690603120159476,134.58831787109375,71.50202178955078
0.0,seed,2.7310001850128174,0.0,0.0,0.0,0.0,0.0,0.0,189,0.08973465676920167,189,0.0,0.0,0.0,0.0,0.0,403,1.0,144.0,80.0
0.0,seed,2.30400013923645,0.0,0.0,0.0,0.0,0.0,0.0,189,0.08973465676920167,189,0.0,0.0,0.0,0.0,0.0,404,1.0,184.0,80.0
0.0,seed,2.4560000896453857,0.0,0.0,0.0,0.0,0.0,0.0,189,0.08973465676920167,189,0.0,0.0,0.0,0.0,0.0,405,1.0,192.0,72.0
0.0,seed,2.5370001792907715,0.0,0.0,0.0,0.0,0.0,0.0,189,0.08973465676920167,189,0.0,0.0,0.0,0.0,0.0,406,1.0,208.0,72.0
0.0,seed,3.2230000495910645,0.0,0.0,-0.059496197530351416,0.038434428304167455,0.07083080403072368,0.0,189,0.08973465676920167,189,0.0,0.0,-0.10257857205465465,0.038434428304167774,0.10954254298600243,407,1.0,224.0,80.0
2.9310154822984105,drawer,3.2100000381469727,0.005554960242801776,8.783170948535577,0.0594961975303515,0.038434428304167836,0.07083080403072396,1.4460967779159546,194,0.17589940581780827,189,0.034907347867027205,13.616039728000628,0.10257857205465482,0.03843442830416773,0.10954254298600256,407,0.053342841920483795,231.67274475097656,80.78465270996094
0.0,seed,3.7300002574920654,0.0,0.0,0.05014309922084946,0.03751472712029082,0.06262335946259859,0.0,189,0.08973465676920167,189,0.0,0.0,0.03324757178720194,0.03749165466746476,0.05011013070677005,408,1.0,104.0,88.0
1.232189043971998,ambiguous,3.7860002517700195,0.05710258507875743,0.18343901919542593,0.0,0.0,0.0,0.3376132547855377,190,0.10665393781713517,189,0.048908337122782086,0.45767396704510344,2.3753614286021546e-05,3.7212288799717304e-05,4.4147351328960305e-05,408,0.29165343618527234,104.10237884521484,87.95108795166016
1.6006879651221575,static,3.814000129699707,0.08027751310052089,1.0977414013033377,-0.033732960879778326,0.01079196759748154,0.03541721635506871,0.58622807264328,191,0.12346363394546822,189,0.06383952412996541,0.36771649917738464,-0.01689951113715963,0.010829036374904604,0.020071410151855037,408,0.20175764394805515,104.08899688720703,88.47917175292969
0.0,seed,3.4830002784729004,0.0,0.0,0.05051330031212401,0.03754889338500526,0.06294055054463155,0.0,189,0.08973465676920167,189,0.0,0.0,0.033594019264190436,0.03754889338500526,0.05038330601261979,409,1.0,112.0,88.0
1.2266758298163525,ambiguous,3.5390002727508545,0.0569171811106397,0.37159566096363655,0.0,0.0,0.0,0.13004757463932037,190,0.10665393781713517,189,0.04872293315466392,0.4350616193544747,0.0,0.0,0.0,409,0.2932658246756014,112.23063659667969,87.67059326171875
1.7104608297458437,static,3.571000099182129,0.08445839139789557,0.9482917763327313,-0.03119097506424833,0.014244283756150486,0.034289598206807465,0.6726245880126953,191,0.12346363394546822,189,0.0680204024273392,0.5526988804783002,-0.01438127893591525,0.01424428375615051,0.020241561292507378,409,0.18078218331928791,112.23343658447266,88.61659240722656
0.0,seed,3.2920000553131104,0.0,0.0,0.049357184299769784,0.03343121908880484,0.05961357271431657,0.0,189,0.08973465676920167,189,0.0,0.0,0.03243790325183624,0.033431219088804795,0.04658179877526365,410,1.0,120.0,88.0
1.1166885082968263,ambiguous,3.3440001010894775,0.05275962311407234,0.5785570074386488,0.0,0.0,0.0,0.3753367066383362,190,0.10665393781713517,189,0.044565375158096554,0.22645152193480883,0.0,0.0,0.0,410,0.3273620584206336,120.00972747802734,87.5766372680664
1.7325120166256613,static,3.38100004196167,0.08558660569894139,1.1351257358760012,-0.03374751542417468,0.018673669650288674,0.038569427471937145,0.6752815246582031,191,0.12346363394546822,189,0.06914861672838502,0.34390117093391787,-0.016937819295841598,0.0186736696502887,0.025211022603351438,410,0.1768298880809953,119.94853973388672,88.63947296142578
0.0,seed,2.951000213623047,0.0,0.0,0.02041391219552386,0.010087039738950629,0.022770072064482515,0.0,189,0.08973465676920167,189,0.0,0.0,0.011954271671556927,0.010087039738950662,0.015641386827661998,411,1.0,136.0,88.0
0.6915176004542078,static,2.9850001335144043,0.03448916093907206,1.292208162268172,-0.02041391219552353,0.010087039738950565,0.02277007206448219,0.9831965565681458,190,0.10665393781713517,189,0.026294912983096275,0.6438307628605564,-0.011954271671556887,0.01008703973895051,0.01564138682766187,411,0.5008133647315551,135.84141540527344,86.92972564697266
0.0,seed,2.80400013923645,0.0,0.0,0.027550343998845372,0.01048573439286552,0.029478332385201814,0.0,189,0.08973465676920167,189,0.0,0.0,0.019090703474878814,0.010485734392865867,0.021780853631652736,412,1.0,144.0,88.0
0.9655343379771645,static,2.8480000495910645,0.04437381033544252,1.92225660605822,-0.027550343998845782,0.01048573439286596,0.029478332385202356,1.447960615158081,190,0.10665393781713517,189,0.03617956237946718,1.0136098321036204,-0.019090703474878776,0.010485734392865594,0.02178085363165257,412,0.3788252165227061,142.97898864746094,86.845458984375
0.0,seed,3.8580002784729004,0.0,0.0,0.0033998275687632034,0.011292908134429869,0.011793583070042565,0.0,189,0.08973465676920167,189,0.0,0.0,-0.005059812955203755,0.011292908134429706,0.012374630551023185,413,1.0,160.0,88.0
0.437070491756345,ambiguous,3.872000217437744,0.014192204481152437,0.8372157105064763,-0.0033998275687628313,0.011292908134429628,0.011793583070042227,1.3493787050247192,190,0.10665393781713517,189,0.005997956525177095,1.2316304007042576,0.005059812955203755,0.011292908134429706,0.012374630551023185,413,0.6459258973547823,160.95375061035156,87.61101531982422
0.0,seed,2.434000015258789,0.0,0.0,0.0,0.0,0.0,0.0,189,0.08973465676920167,189,0.0,0.0,0.0,0.0,0.0,414,1.0,176.0,88.0
0.0,seed,2.4150002002716064,0.0,0.0,0.0,0.0,0.0,0.0,189,0.08973465676920167,189,0.0,0.0,0.0,0.0,0.0,415,1.0,184.0,88.0
0.0,seed,2.8480000495910645,0.0,0.0,0.0,0.0,0.0,0.0,189,0.08973465676920167,189,0.0,0.0,0.0,0.0,0.0,416,1.0,200.0,88.0
0.0,seed,3.0340001583099365,0.0,0.0,0.0,0.0,0.0,0.0,189,0.08973465676920167,189,0.0,0.0,0.0,0.0,0.0,417,1.0,208.0,88.0
0.0,seed,3.2060000896453857,0.0,0.0,0.0,0.0,0.0,0.0,189,0.08973465676920167,189,0.0,0.0,0.0,0.0,0.0,418,1.0,216.0,88.0
0.0,seed,3.877000093460083,0.0,0.0,0.02191253689081908,0.020535359130742597,0.030030988122605632,0.0,189,0.08973465676920167,189,0.0,0.0,0.013452896366852523,0.020535359130742614,0.02454957016499164,419,1.0,104.0,96.0
1.2478437337919976,ambiguous,3.933000087738037,0.057133475811012246,0.13115310726717458,-0.021912536890819453,0.020535359130742704,0.030030988122605975,0.3850748538970947,190,0.10665393781713517,189,0.04893922785503646,0.7361254825335276,-0.013452896366852464,0.02053535913074267,0.02454957016499166,419,0.287123244000804,104.32170867919922,96.11859893798828
0.0,seed,3.625000238418579,0.0,0.0,0.04417148335159939,0.03606218581160765,0.05702281286460304,0.0,189,0.08973465676920167,189,0.0,0.0,0.027252202303665818,0.03606218581160765,0.04520136918181622,420,1.0,112.0,96.0
1.1302939715492957,ambiguous,3.6770002841949463,0.05294233062992593,0.17887630193446757,0.0,0.0,0.0,0.4469977617263794,190,0.10665393781713517,189,0.04474808267395014,0.4843875821499369,0.0,0.0,0.0,420,0.32293819230043147,112.15858459472656,95.89863586425781
1.870806622722411,static,3.7190001010894775,0.09099521923180376,0.974447774316135,-0.04169884915236859,0.020904452642733065,0.04664536591049812,0.7740868926048279,191,0.12346363394546822,189,0.07455723026124783,0.48074524471043434,-0.024889153024035573,0.020904452642733013,0.03250332411532898,420,0.15383299394805758,112.16635131835938,96.57243347167969
0.0,seed,3.3940000534057617,0.0,0.0,0.0383200707166125,0.04063962638669751,0.05585702330572713,0.0,189,0.08973465676920167,189,0.0,0.0,0.022061293715917325,0.04010596885628827,0.0457732391067263,421,1.0,120.0,96.0
1.1843491954936476,ambiguous,3.44700026512146,0.0537728189791018,0.4658287655605259,0.0,0.0,0.0,0.3809739649295807,190,0.10665393781713517,189,0.04557857102312557,0.9688847371739996,0.000660504047238365,0.0010347422107329688,0.0012275817850924686,421,0.30594518878152815,120.11213684082031,96.47636413574219
1.7539792428362468,static,3.4830002784729004,0.08612272713256175,0.8948859967546183,-0.03951381711352934,0.015623953770007378,0.04249058336018431,0.38841763138771057,191,0.12346363394546822,189,0.06968473816200538,0.6108995721274068,-0.022043616937957897,0.01649718267981666,0.027533217830080576,421,0.17308054802970244,119.90357971191406,97.02421569824219
0.0,seed,3.0310001373291016,0.0,0.0,0.03630437743872045,0.030954337335942973,0.047709315873531735,0.0,189,0.08973465676920167,189,0.0,0.0,0.021243142182887444,0.028839788375528457,0.035819051960481005,422,1.0,136.0,96.0
0.923247946047309,ambiguous,3.075000047683716,0.04449311158182656,0.35127601733103797,0.00036766819171873017,0.0005759870800275909,0.0006833308243892056,1.153998851776123,190,0.10665393781713517,189,0.03629886362585033,0.5098418759328432,0.0022257139838193054,0.0034867919700200434,0.004136607423960492,422,0.39722672513249707,136.16494750976562,95.8080825805664
1.9720623409337796,static,3.129000186920166,0.0953117149726328,1.6714029861139204,-0.0531686670960047,0.02862627185485032,0.06038518527812569,1.2229024171829224,191,0.12346363394546822,189,0.07887372600207687,0.08820551628329144,-0.03450092517557105,0.03064635790583092,0.04614664766657095,422,0.13916803528312,135.45249938964844,96.46704864501953
0.0,seed,2.878000020980835,0.0,0.0,0.028449817248776394,0.015976085015713265,0.0326286284406512,0.0,189,0.08973465676920167,189,0.0,0.0,0.01999017672480976,0.015976085015713,0.025589889759794107,423,1.0,144.0,96.0
1.1980055304922843,static,2.933000087738037,0.05537490997523564,1.5248700088164735,-0.028449817248776727,0.015976085015713074,0.032628628440651404,1.001388669013977,190,0.10665393781713517,189,0.047180662019259856,0.628984597643679,-0.019990176724809797,0.015976085015713327,0.02558988975979434,423,0.3017951382986124,143.14076232910156,95.24574279785156
0.0,seed,3.6770002841949463,0.0,0.0,0.0,0.0,0.0,0.0,189,0.08973465676920167,189,0.0,0.0,0.0,0.0,0.0,424,1.0,160.0,104.0
0.0,seed,2.6700000762939453,0.0,0.0,0.0,0.0,0.0,0.0,189,0.08973465676920167,189,0.0,0.0,0.0,0.0,0.0,425,1.0,168.0,104.0
0.0,seed,2.684000015258789,0.0,0.0,0.0,0.0,0.0,0.0,189,0.08973465676920167,189,0.0,0.0,0.0,0.0,0.0,426,1.0,184.0,96.0
0.0,seed,3.007000207901001,0.0,0.0,-0.04173497920205155,0.053971936708642705,0.06822593671821156,0.0,189,0.08973465676920167,189,0.0,0.0,-0.07605965137926907,0.053971936708642684,0.0932632860241246,427,1.0,192.0,104.0
2.9594890728970373,drawer,3.0410001277923584,0.04023693830770281,8.349864797033968,0.04173497920205155,0.053971936708642705,0.06822593671821156,1.4798064231872559,193,0.1583840011236365,189,0.00759278749797776,12.238631313802918,0.07605965137926901,0.053971936708642594,0.09326328602412452,427,0.051845325461242125,199.6642303466797,105.7318344116211
0.0,seed,3.2140002250671387,0.0,0.0,0.0,0.0,0.0,0.0,189,0.08973465676920167,189,0.0,0.0,0.0,0.0,0.0,428,1.0,208.0,96.0
0.0,seed,3.431000232696533,0.0,0.0,0.0,0.0,0.0,0.0,189,0.08973465676920167,189,0.0,0.0,0.0,0.0,0.0,429,1.0,216.0,96.0
0.0,seed,3.9020001888275146,0.0,0.0,0.0,0.0,0.0,0.0,189,0.08973465676920167,189,0.0,0.0,0.0,0.0,0.0,430,1.0,112.0,112.0
0.0,seed,3.4280002117156982,0.0,0.0,0.015514002417222712,0.019805104518451976,0.025158029254860145,0.0,189,0.08973465676920167,189,0.0,0.0,0.00705436189325611,0.019805104518452032,0.021023943176955006,431,1.0,128.0,112.0
1.0831711325381412,ambiguous,3.4770002365112305,0.049646770348899416,0.22185717771104288,-0.015514002417223068,0.019805104518452094,0.02515802925486046,1.1387156248092651,190,0.10665393781713517,189,0.04145252239292363,0.9454282096682777,-0.007054361893256095,0.019805104518452046,0.021023943176955016,431,0.3385202482109045,128.32847595214844,112.28679656982422
0.0,seed,3.2270002365112305,0.0,0.0,0.0,0.0,0.0,0.0,189,0.08973465676920167,189,0.0,0.0,0.0,0.0,0.0,432,1.0,136.0,112.0
0.0,seed,3.1750001907348633,0.0,0.0,0.0,0.0,0.0,0.0,189,0.08973465676920167,189,0.0,0.0,0.0,0.0,0.0,433,1.0,144.0,112.0
0.0,seed,3.1110000610351562,0.0,0.0,-0.002898043611428134,0.0017547524114289105,0.003387892087885179,0.0,189,0.08973465676920167,189,0.0,0.0,-0.011357684135395146,0.001754752411428547,0.011492438598697011,434,1.0,160.0,112.0
0.14550325785784618,drawer,3.1110000610351562,0.0001652056226753018,0.4363338857747608,0.002898043611428561,0.0017547524114284864,0.0033878920878853244,1.1145578622817993,190,0.10665393781713517,189,0.008029042333300485,1.3298519323771887,0.011357684135395108,0.0017547524114288247,0.011492438598697013,434,0.8645870733675847,160.6827850341797,112.3947982788086
0.0,seed,2.7280001640319824,0.0,0.0,-0.0017488383440796393,0.013829160730729498,0.013939301347989938,0.0,189,0.08973465676920167,189,0.0,0.0,-0.010208478868046265,0.013829160730729319,0.017188912918381226,435,1.0,168.0,112.0
0.6913072204735151,ambiguous,2.749000072479248,0.02106672659167419,1.3434049484285717,0.0017488383440793058,0.013829160730729435,0.01393930134798983,1.3923249244689941,190,0.10665393781713517,189,0.012872478635698847,2.360213508706668,0.010208478868046227,0.013829160730729564,0.0171889129183814,435,0.5009203492104982,169.62696838378906,112.70681762695312
0.0,seed,3.0290000438690186,0.0,0.0,0.0,0.0,0.0,0.0,189,0.08973465676920167,189,0.0,0.0,0.0,0.0,0.0,436,1.0,184.0,112.0
0.0,seed,3.42900013923645,0.0,0.0,-0.06239203605923757,0.040529293103522455,0.07440020002048674,0.0,189,0.08973465676920167,189,0.0,0.0,-0.10547441058354115,0.04052929310352225,0.11299325151271926,437,1.0,200.0,112.0
2.9130836627853722,drawer,3.4130001068115234,0.0027767625389567563,8.736769241551535,0.062392036059237516,0.040529293103522365,0.07440020002048664,0.14887844026088715,194,0.17589940581780827,189,0.04323907064878485,13.173010941745877,0.10547441058354079,0.04052929310352247,0.11299325151271901,437,0.05430800382647284,208.1512451171875,112.13642120361328
0.0,seed,3.6780002117156982,0.0,0.0,-0.11493867669423372,0.08012151436459705,0.14010837399776616,0.0,189,0.08973465676920167,189,0.0,0.0,-0.20617374253430926,0.0877094868597789,0.22405482854830283,438,1.0,208.0,112.0
2.740464328088583,drawer,3.6740002632141113,0.008364051229480474,8.197425967416928,0.007082817390944388,0.011095904947087839,0.01316379158101011,0.8526506423950195,194,0.17589940581780827,189,0.03209825688034762,12.419861655242654,0.0020125005994757303,0.0031527729892189913,0.0037403390467227737,438,0.06454037202704113,215.47567749023438,111.95478057861328
2.829338248374764,drawer,3.6670000553131104,0.012104003026563781,8.43933013107795,0.015707013493152348,0.03137054501699666,0.03508306382768592,0.6696862578392029,195,0.19341339188972073,189,0.03694072920000213,13.577842730286022,0.028150682773596135,0.034734471472585196,0.0447095565746237,438,0.059044569168554065,216.42724609375,112.51703643798828
0.0,seed,3.555000066757202,0.0,0.0,0.03642520577439029,0.04147017795469402,0.0551957541419688,0.0,189,0.08973465676920167,189,0.0,0.0,0.02141335911233726,0.0398716375409337,0.04525792117043723,439,1.0,128.0,120.0
1.1959944204937742,ambiguous,3.6090002059936523,0.05465919855146284,0.11375791194394132,0.002311406087427607,0.0036210367745761213,0.004295870741052393,0.9810318350791931,190,0.10665393781713517,189,0.04646495059548705,0.8539882577144898,0.004218840473308154,0.006609213579133752,0.00784093866025165,439,0.3024030887847093,128.33909606933594,120.14397430419922
1.8134884496084982,static,3.6450002193450928,0.08892593783527758,1.2730563643408843,-0.04204344225716886,0.016853601321216195,0.04529563902106242,1.2669470310211182,191,0.12346363394546822,189,0.07248794886472165,0.20514714734633788,-0.02332631174295525,0.01908144373751023,0.030136660641771514,439,0.1630812965984368,127.71309661865234,120.5235366821289
0.0,seed,3.3380000591278076,0.0,0.0,0.019936271038977105,0.017344550548874963,0.026425145916002736,0.0,189,0.08973465676920167,189,0.0,0.0,0.011476630515010466,0.017344550548874633,0.020797751842940543,440,1.0,136.0,120.0
1.0380637373610448,ambiguous,3.38700008392334,0.04951080365212768,0.6206665066036703,-0.01993627103897744,0.017344550548874675,0.0264251459160028,1.0226656198501587,190,0.10665393781713517,189,0.04131655569615145,0.3098175645910974,-0.011476630515010505,0.017344550548875015,0.02079775184294088,440,0.35413972605263755,135.7129364013672,119.84483337402344
0.0,seed,3.3520002365112305,0.0,0.0,0.0018287967175674776,0.0033159382723040014,0.0037868118595879604,0.0,189,0.08973465676920167,189,0.0,0.0,-0.006630843806399457,0.003315938272303869,0.00741373969131609,441,1.0,152.0,128.0
0.16741547275922097,ambiguous,3.3570001125335693,0.005271941249199941,0.3096995143090753,-0.0018287967175671447,0.0033159382723037673,0.0037868118595875944,0.8445499539375305,190,0.10665393781713517,189,0.0029223067067754016,0.8538116172051424,0.006630843806399497,0.0033159382723038644,0.007413739691316123,441,0.8458481114741795,152.4484100341797,127.85903930664062
0.0,seed,3.177000045776367,0.0,0.0,-0.00650464670317086,0.009825867653039885,0.011783806849576544,0.0,189,0.08973465676920167,189,0.0,0.0,-0.014964287227137859,0.009825867653039685,0.0179018872566926,442,1.0,160.0,120.0
0.49965775710957194,ambiguous,3.182000160217285,0.00516008244984878,1.4481529898135597,0.006504646703171271,0.009825867653039609,0.011783806849576538,1.4001370668411255,190,0.10665393781713517,189,0.0030341655061270068,2.2342082017851967,0.014964287227137819,0.009825867653039728,0.01790188725669259,442,0.606738276044327,161.75035095214844,120.2763900756836
0.0,seed,2.8470001220703125,0.0,0.0,-0.027041783399524285,0.05770179892036564,0.0637240586283791,0.0,189,0.08973465676920167,189,0.0,0.0,-0.1322892390256038,0.057701798920365435,0.14432581321655397,443,1.0,168.0,120.0
2.919177310694719,drawer,2.8980002403259277,0.06256926087596781,7.394118152595752,0.02704178339952388,0.057701798920365775,0.06372405862837904,0.4801882207393646,212,0.3002295680213606,189,0.04938411326810144,19.530077433716606,0.13228923902560338,0.05770179892036583,0.14432581321655372,443,0.04597460470879358,191.91061401367188,121.31880187988281
0.0,seed,3.42900013923645,0.0,0.0,-0.10100443621599187,0.07757700608287108,0.12735810931421754,0.0,189,0.08973465676920167,189,0.0,0.0,-0.16911546420309656,0.07850860995024064,0.18645010611138804,444,1.0,184.0,128.0
2.5016482070063057,drawer,3.4180002212524414,0.006513597005572969,7.489028120763491,0.0006014676723122897,0.006765536089867035,0.006792219220853379,0.9144989252090454,193,0.1583840011236365,189,0.039157747815298016,10.829855028607637,0.0011397840396425861,0.01282072239262857,0.012871287050092217,444,0.08190578241189152,191.126708984375,128.6726837158203
2.855401442799533,drawer,3.431000232696533,0.01279590940868669,8.51227616721293,0.015579786924900665,0.025656399709342553,0.03001633899513494,0.3404936194419861,194,0.17589940581780827,189,0.027666398701141848,12.89359551670968,0.03363350798640245,0.01987793880811405,0.03906846952122035,444,0.05751397628595251,191.91273498535156,128.5209197998047
0.0,seed,3.6620001792907715,0.0,0.0,-0.09704989970547594,0.099953066934633,0.13931725888231566,0.0,189,0.08973465676920167,189,0.0,0.0,-0.17699210480273114,0.10380314944751227,0.20518601072617873,445,1.0,200.0,120.0
2.6409759543115334,drawer,3.694000244140625,0.03511750470152819,7.472336701371767,-0.003811533603770105,0.015372975803860113,0.015838439742561047,1.1673157215118408,193,0.1583840011236365,189,0.002473353891804031,10.72666203721717,-0.015104394346590276,0.01140615684350995,0.01892731207847689,445,0.07129149671803639,206.8600311279297,120.67506408691406
2.9495689622997374,drawer,3.6740002632141113,0.02305268268423788,8.678153104994124,0.022193514299988892,0.013453347478197306,0.0259527384942886,0.3947100043296814,194,0.17589940581780827,189,0.017409625425590658,12.826298877902085,0.02841605825134021,0.009488304044624805,0.029958309034169527,445,0.05236195285227747,208.20599365234375,119.6524429321289
2.8455114582985326,drawer,3.63700008392334,0.005185363492739459,8.527671086786832,0.040488398681860084,0.04181043296830752,0.05820156984840345,1.3629522323608398,195,0.19341339188972073,189,0.05423009571930493,13.666881173154513,0.06422492870512422,0.04551758202759246,0.07871906847020546,445,0.05799218122988988,208.8048095703125,120.47447204589844
0.0,seed,3.8490002155303955,0.0,0.0,0.017788436775941906,0.01600434355325711,0.023928382634485868,0.0,189,0.08973465676920167,189,0.0,0.0,0.009328796251975304,0.016004343553257187,0.018524725425267532,446,1.0,128.0,136.0
0.9288479940618748,ambiguous,3.8930001258850098,0.04468790736134398,0.7090219064670565,-0.017788436775942294,0.01600434355325725,0.023928382634486246,0.7009873390197754,190,0.10665393781713517,189,0.03649365940536775,0.5229956932739699,-0.00932879625197532,0.01600434355325717,0.018524725425267525,446,0.3950085004990256,128.1985321044922,135.3506317138672
0.0,seed,3.5870001316070557,0.0,0.0,0.03680230635577069,0.02850349991863894,0.04654953555854075,0.0,189,0.08973465676920167,189,0.0,0.0,0.02834266583180368,0.028503499918638524,0.04019647016922156,447,1.0,136.0,136.0
1.9492412510213273,static,3.6720001697540283,0.0855254390927005,1.501162523400285,-0.03680230635577028,0.028503499918638465,0.04654953555854014,1.3612570762634277,190,0.10665393781713517,189,0.07733119113672471,0.7468177671862399,-0.02834266583180372,0.028503499918638882,0.040196470169221836,447,0.14238206285697366,135.35154724121094,134.8636474609375
0.0,seed,3.5460002422332764,0.0,0.0,0.0,0.0,0.0,0.0,189,0.08973465676920167,189,0.0,0.0,0.0,0.0,0.0,448,1.0,144.0,136.0
0.0,seed,3.2140002250671387,0.0,0.0,0.0,0.0,0.0,0.0,189,0.08973465676920167,189,0.0,0.0,0.0,0.0,0.0,449,1.0,168.0,136.0
0.0,seed,3.754000186920166,0.0,0.0,0.02869272758310438,0.021286246740560292,0.03572641762699211,0.0,189,0.08973465676920167,189,0.0,0.0,0.02023308705913745,0.02128624674056052,0.029368045768192654,450,1.0,136.0,144.0
1.4338586085789615,ambiguous,3.818000078201294,0.06453641318518777,1.4288777445404812,-0.028692727583104045,0.02128624674056045,0.035726417626991934,1.2461307048797607,190,0.10665393781713517,189,0.056342165229212426,0.8045694076878441,-0.02023308705913741,0.021286246740560212,0.029368045768192408,450,0.23838727359473613,135.72457885742188,142.72898864746094
0.0,seed,3.8680002689361572,0.0,0.0,0.0,0.0,0.0,0.0,189,0.08973465676920167,189,0.0,0.0,0.0,0.0,0.0,451,1.0,144.0,144.0
0.0,seed,3.2290000915527344,0.0,0.0,0.0,0.0,0.0,0.0,189,0.08973465676920167,189,0.0,0.0,0.0,0.0,0.0,452,1.0,160.0,144.0
0.0,seed,2.993000030517578,0.0,0.0,-0.00567794762091141,0.00899196354888274,0.010634589679449294,0.0,192,0.14041430579681058,192,0.0,0.0,-0.014662795284324234,0.008991963548882835,0.017200377147447626,453,1.0,136.0,24.0
0.5193367941332513,ambiguous,2.989000082015991,0.006904764533955721,1.4694285035431993,0.005677947620911002,0.008991963548882997,0.010634589679449294,1.0919240713119507,193,0.1583840011236365,192,0.0016401888049299984,2.2604397787505546,0.014662795284324234,0.008991963548882835,0.017200377147447626,453,0.5949149682619796,136.92916870117188,23.299299240112305
0.0,seed,2.9210002422332764,0.0,0.0,-0.003538421245381695,0.001487634857654569,0.003838421860540797,0.0,192,0.14041430579681058,192,0.0,0.0,-0.012523268908794538,0.001487634857654671,0.01261131720446715,454,1.0,152.0,32.0
0.17120265230516732,drawer,2.9050002098083496,0.005922445314503477,0.2578647743022348,0.003538421245381315,0.0014876348576545048,0.003838421860540422,1.3220715522766113,193,0.1583840011236365,192,0.014467398653388752,1.089166708133593,0.01252326890879452,0.0014876348576544698,0.012611317204467109,454,0.8426146283934519,151.91854858398438,30.731721878051758
0.0,seed,2.9750001430511475,0.0,0.0,0.0,0.0,0.0,0.0,192,0.14041430579681058,192,0.0,0.0,0.0,0.0,0.0,455,1.0,160.0,32.0
0.0,seed,3.0390000343322754,0.0,0.0,0.0,0.0,0.0,0.0,192,0.14041430579681058,192,0.0,0.0,0.0,0.0,0.0,456,1.0,168.0,32.0
0.0,seed,3.377000093460083,0.0,0.0,0.0,0.0,0.0,0.0,192,0.14041430579681058,192,0.0,0.0,0.0,0.0,0.0,457,1.0,184.0,24.0
0.0,seed,3.2850000858306885,0.0,0.0,0.03034771888113747,0.0430353223708666,0.052659500689362405,0.0,192,0.14041430579681058,192,0.0,0.0,0.0022870956826332774,0.044241193526877255,0.04430027100756976,458,1.0,96.0,40.0
0.7922415891732145,ambiguous,3.306000232696533,0.03169841041206345,0.9714859410129126,0.012063587181261977,0.022198112139971672,0.02526432896909526,0.19192786514759064,193,0.1583840011236365,192,0.023153457073178174,1.6227618862048405,0.0019726593095834707,0.022238605279213248,0.022325925501898856,458,0.4528286010734072,96.3719482421875,39.54918670654297
2.0058223164906175,ambiguous,3.329000234603882,0.0750032525903972,2.9980085835450385,-0.006125682694293563,0.02383010422089973,0.02460483398948489,0.2051205039024353,194,0.17589940581780827,192,0.058339720621566116,4.130991600160626,0.0012987941281994222,0.02315040409645096,0.023186808232622674,458,0.13440906917779263,96.44609069824219,39.346092224121094
2.258346842730443,static,3.3510000705718994,0.09440229814717727,2.8674073203511816,-0.0338423186885891,0.03271352166094812,0.04706885417854728,0.46649396419525146,195,0.19341339188972073,192,0.06933133270129321,4.343124984284026,-0.008903855794183728,0.032267146126866875,0.03347308421965624,458,0.09578608672147998,96.71755981445312,39.265621185302734
0.0,seed,2.809000015258789,0.0,0.0,0.005796972838036151,0.009843029939807076,0.011423227761051926,0.0,192,0.14041430579681058,192,0.0,0.0,-0.003187874825376742,0.009843029939807001,0.010346389916207866,459,1.0,120.0,40.0
0.580257102641661,ambiguous,2.821000099182129,0.02138115903155935,0.677343127869971,-0.0057969728380364936,0.009843029939807308,0.011423227761052299,1.1528661251068115,193,0.1583840011236365,192,0.012836205692674074,1.5074182877457178,0.003187874825376702,0.009843029939807221,0.010346389916208064,459,0.5593114270034205,120.22891235351562,39.314964294433594
0.0,seed,2.6550002098083496,0.0,0.0,0.0,0.0,0.0,0.0,192,0.14041430579681058,192,0.0,0.0,0.0,0.0,0.0,460,1.0,136.0,40.0
0.0,seed,2.69100022315979,0.0,0.0,0.0,0.0,0.0,0.0,192,0.14041430579681058,192,0.0,0.0,0.0,0.0,0.0,461,1.0,144.0,40.0
0.0,seed,2.7920000553131104,0.0,0.0,0.0,0.0,0.0,0.0,192,0.14041430579681058,192,0.0,0.0,0.0,0.0,0.0,462,1.0,160.0,40.0
0.0,seed,2.8430001735687256,0.0,0.0,0.0,0.0,0.0,0.0,192,0.14041430579681058,192,0.0,0.0,0.0,0.0,0.0,463,1.0,168.0,40.0
0.0,seed,2.955000162124634,0.0,0.0,0.0,0.0,0.0,0.0,192,0.14041430579681058,192,0.0,0.0,0.0,0.0,0.0,464,1.0,184.0,40.0
0.0,seed,3.239000082015991,0.0,0.0,0.0,0.0,0.0,0.0,192,0.14041430579681058,192,0.0,0.0,0.0,0.0,0.0,465,1.0,200.0,40.0
0.0,seed,3.744000196456909,0.0,0.0,0.01121831797037742,0.015510057868490038,0.019141905682778886,0.0,192,0.14041430579681058,192,0.0,0.0,0.002233470306964223,0.01551005786849009,0.01567004418296267,466,1.0,88.0,56.0
0.8636815499826442,ambiguous,3.7700002193450928,0.03650379846553298,1.0449782572543698,-0.01121831797037742,0.015510057868490038,0.019141905682778886,0.7121957540512085,193,0.1583840011236365,192,0.027958845126648146,1.5219942956313552,-0.002233470306964928,0.01551005786848975,0.015670044182962434,466,0.4216070541742329,87.65496063232422,56.33442306518555
0.0,seed,3.2060000896453857,0.0,0.0,0.01836714455245652,0.02565593523656242,0.031552797211555086,0.0,192,0.14041430579681058,192,0.0,0.0,-0.0010190215957513087,0.02720342300453659,0.027222502239440775,467,1.0,104.0,48.0
0.7973768264709566,ambiguous,3.2280001640319824,0.03185345210254642,0.9415484436152641,0.0014164708213817694,0.002219035833744673,0.0026325861086142766,0.05955462157726288,193,0.1583840011236365,192,0.02330849876366159,1.6328820642726216,0.0,0.0,0.0,467,0.450509125534622,104.16758728027344,47.88827896118164
2.238658715082248,static,3.263000249862671,0.0854963313344661,3.1633258488954956,-0.026086597295287967,0.05063469169596259,0.056959481753187574,0.14811931550502777,194,0.17589940581780827,192,0.06883279936563591,4.295735422853134,-0.00998766342249787,0.04994891705913979,0.050937684831781745,467,0.10655366694139681,104.26614379882812,47.699588775634766
0.0,seed,3.1470000743865967,0.0,0.0,0.019651213582732314,0.024871906842951597,0.03169829562103656,0.0,192,0.14041430579681058,192,0.0,0.0,0.0013194983061083176,0.025162703727450487,0.025197276334065818,468,1.0,112.0,56.0
0.7392996143420147,ambiguous,3.1690001487731934,0.031083402838194107,0.8219354098412058,0.0003620199497979695,0.0005671385735630524,0.0006728332673663351,0.47437041997909546,193,0.1583840011236365,192,0.022538449499309277,1.4358545130291303,0.0,0.0,0.0,468,0.4774472856535977,111.75187683105469,55.9633903503418
2.1670243555171695,static,3.205000162124634,0.08421360531060351,3.0984027296649415,-0.02918558738692654,0.04957861417675897,0.0575311871493006,0.8869825601577759,194,0.17589940581780827,192,0.06755007334177332,4.07394234359635,-0.012032202642552645,0.0494450047979373,0.05088793963110998,468,0.11449607330256725,111.5421371459961,55.763885498046875
0.0,seed,2.9710001945495605,0.0,0.0,0.008971987416997139,0.009759285817009623,0.0132567046383647,0.0,192,0.14041430579681058,192,0.0,0.0,-1.2860246415684253e-05,0.009759285817009727,0.009759294290266337,469,1.0,120.0,56.0
0.574465089718185,ambiguous,2.9880001544952393,0.025668531666611205,0.4108318103964811,-0.008971987416997139,0.009759285817009623,0.0132567046383647,1.0047646760940552,193,0.1583840011236365,192,0.017123578327726374,1.1492371364515186,1.2860246416095816e-05,0.00975928581700926,0.00975929429026587,469,0.5629914489879702,119.80338287353516,55.49690628051758
0.0,seed,2.630000114440918,0.0,0.0,0.013069290916244678,0.008356777619159955,0.015512643141306655,0.0,192,0.14041430579681058,192,0.0,0.0,0.004084443252831482,0.008356777619159855,0.009301527232755472,470,1.0,136.0,48.0
0.46340214112732514,ambiguous,2.6470000743865967,0.025371109167010353,0.412252873960484,-0.013069290916244694,0.008356777619159934,0.015512643141306655,1.4125630855560303,193,0.1583840011236365,192,0.016826155828125078,0.5832037378828685,-0.0040844432528318155,0.008356777619159868,0.009301527232755631,470,0.6291273538474719,135.52163696289062,46.619441986083984
0.0,seed,2.55400013923645,0.0,0.0,0.0,0.0,0.0,0.0,192,0.14041430579681058,192,0.0,0.0,0.0,0.0,0.0,471,1.0,144.0,48.0
0.0,seed,3.635000228881836,0.0,0.0,0.0,0.0,0.0,0.0,192,0.14041430579681058,192,0.0,0.0,0.0,0.0,0.0,472,1.0,200.0,56.0
0.0,seed,3.886000156402588,0.0,0.0,0.028288196009753536,0.02299789161162339,0.03645716736207317,0.0,192,0.14041430579681058,192,0.0,0.0,0.01930334834634034,0.02299789161162343,0.0300253605467135,473,1.0,88.0,64.0
1.491559722786051,ambiguous,3.942000150680542,0.06608187497717921,0.8284076896665923,-0.028288196009752794,0.022997891611623272,0.036457167362072516,0.8988808989524841,193,0.1583840011236365,192,0.057536921638293936,1.183725498975815,-0.019303348346340298,0.02299789161162302,0.030025360546713162,473,0.2250208741739139,87.34565734863281,64.1248550415039
0.0,seed,3.634000062942505,0.0,0.0,0.009526891659735106,0.01613570195203619,0.01873826411867638,0.0,192,0.14041430579681058,192,0.0,0.0,0.0005420439963218704,0.01613570195203582,0.016144803782606996,474,1.0,96.0,64.0
0.8737702184207187,ambiguous,3.6600000858306885,0.03553400329717826,1.1625097816827046,-0.009526891659735045,0.016135701952036216,0.018738264118676375,0.6839228272438049,193,0.1583840011236365,192,0.026989049958293876,1.665523927208027,-0.0005420439963225942,0.016135701952036337,0.016144803782607537,474,0.417374984263961,95.72640228271484,64.44279479980469
0.0,seed,3.2300002574920654,0.0,0.0,0.028341296101619888,0.03101228675516147,0.0420117958971532,0.0,192,0.14041430579681058,192,0.0,0.0,0.01037160077479386,0.03101228675516118,0.03270064269117734,475,1.0,112.0,64.0
0.9138406822689152,ambiguous,3.26200008392334,0.040652722441241185,0.7046064493425491,0.0,0.0,0.0,0.7423354983329773,193,0.1583840011236365,192,0.03210776910235591,1.310374345948542,0.0,0.0,0.0,475,0.4009812213717783,111.74478149414062,63.88829803466797
2.302407016081414,static,3.2980000972747803,0.09289158711489609,2.9149476723687338,-0.028136553706170832,0.050150761266081714,0.05750447382619684,0.9332454204559326,194,0.17589940581780827,192,0.0762280551460659,3.87613504769315,-0.010621149011999339,0.050150761266081964,0.051263121850923604,475,0.10001777350777066,111.50054168701172,63.68556594848633
0.0,seed,3.068000078201294,0.0,0.0,0.013182031177659162,0.010661508857838918,0.016953870268896002,0.0,192,0.14041430579681058,192,0.0,0.0,0.004197183514245926,0.010661508857838552,0.011457928284730521,476,1.0,120.0,64.0
0.6346198689051663,ambiguous,3.0910000801086426,0.031297785104115405,0.33774260941220396,-0.013182031177659122,0.01066150885783856,0.01695387026889575,0.7979621291160583,193,0.1583840011236365,192,0.022752831765230574,0.8441963868454505,-0.0041971835142462985,0.010661508857838665,0.011457928284730762,476,0.5301356444252453,119.53968048095703,63.38922882080078
0.0,seed,2.7770001888275146,0.0,0.0,0.0,0.0,0.0,0.0,192,0.14041430579681058,192,0.0,0.0,0.0,0.0,0.0,477,1.0,136.0,64.0
0.0,seed,3.7310001850128174,0.0,0.0,0.0,0.0,0.0,0.0,192,0.14041430579681058,192,0.0,0.0,0.0,0.0,0.0,478,1.0,200.0,64.0
0.0,seed,2.8520002365112305,0.0,0.0,-0.01850648961071135,0.007040716912432759,0.019800551819390888,0.0,192,0.14041430579681058,192,0.0,0.0,-0.03647618493753739,0.007040716912432753,0.037149478626737766,479,1.0,232.0,64.0
0.4492084130419097,drawer,2.8390002250671387,0.0055945724904433725,1.2806387283423393,0.0,0.0,0.0,1.2565698623657227,193,0.1583840011236365,192,0.014139525829328647,2.3657029211219736,0.0,0.0,0.0,479,0.6381330895754911,232.86880493164062,63.461341857910156
1.95044235008475,drawer,2.8390002250671387,0.024592980424624322,5.553012303187668,0.03734621041715103,0.05652671442177831,0.06774960424861093,1.2542372941970825,197,0.23088570413786158,192,0.01982823291079061,11.049071569921619,0.10984791343137615,0.056526714421777965,0.1235387936178282,479,0.142211150556477,240.59791564941406,64.06818389892578
0.0,seed,2.892000198364258,0.0,0.0,-0.03187726917828332,0.033915532342464104,0.04654485604594196,0.0,192,0.14041430579681058,192,0.0,0.0,-0.07711296834880926,0.03391553234246375,0.08424175462107354,480,1.0,240.0,64.0
2.146028957490525,drawer,2.878000020980835,0.027154742673508814,6.107470818442616,0.03187726917828366,0.033915532342464284,0.04654485604594232,1.4787567853927612,197,0.23088570413786158,192,0.01726647066190612,11.713338964906075,0.07711296834880886,0.03391553234246421,0.08424175462107335,480,0.11694612136663021,249.47824096679688,63.85464096069336
0.0,seed,3.7780001163482666,0.0,0.0,0.015603927977578978,0.014731282066830838,0.02145910621768772,0.0,192,0.14041430579681058,192,0.0,0.0,0.006619080314165781,0.014731282066830872,0.016150012245751078,481,1.0,96.0,72.0
0.8571917032121904,ambiguous,3.809000253677368,0.040108122732809726,0.5319158933687648,-0.015603927977579018,0.014731282066831244,0.02145910621768803,0.749675989151001,193,0.1583840011236365,192,0.031563169393924895,1.0045816018053781,-0.006619080314166526,0.014731282066831,0.016150012245751504,481,0.4243521172377624,95.59550476074219,71.84330749511719
0.0,seed,3.3490002155303955,0.0,0.0,0.011033747703841634,0.009118744663620261,0.014314157070269052,0.0,192,0.14041430579681058,192,0.0,0.0,0.0020489000404284377,0.009118744663620287,0.00934609520687496,482,1.0,112.0,72.0
0.5176700747128354,ambiguous,3.367000102996826,0.026255126940111673,0.36312396272503655,-0.01103374770384124,0.00911874466362063,0.014314157070268984,0.8421181440353394,193,0.1583840011236365,192,0.017710173601226398,0.8047099513084613,-0.002048900040428408,0.009118744663620308,0.009346095206874974,482,0.595907351375449,111.5284652709961,71.49513244628906
0.0,seed,3.1520001888275146,0.0,0.0,0.02043630273375901,0.015593055944786618,0.025705755447430274,0.0,192,0.14041430579681058,192,0.0,0.0,0.011451455070346145,0.015593055944786362,0.01934629724069683,483,1.0,120.0,72.0
0.9876184895287844,ambiguous,3.19100022315979,0.04686742297084434,0.4561150873732152,-0.02043630273375937,0.015593055944786337,0.02570575544743039,1.0061436891555786,193,0.1583840011236365,192,0.038322469631959066,0.7194246556013834,-0.011451455070346145,0.015593055944786362,0.01934629724069683,483,0.37246225974618713,119.39830780029297,71.37014770507812
0.0,seed,2.8530001640319824,0.0,0.0,0.0,0.0,0.0,0.0,192,0.14041430579681058,192,0.0,0.0,0.0,0.0,0.0,484,1.0,136.0,72.0
0.0,seed,3.9690001010894775,0.0,0.0,-0.010426663940235992,0.011066837367494742,0.015204940323499973,0.0,192,0.14041430579681058,192,0.0,0.0,-0.019411511603648485,0.011066837367494788,0.022344611700746978,485,1.0,160.0,80.0
0.5546355871437227,ambiguous,3.9690001010894775,0.008330203190570096,1.5421589109128222,0.010426663940235992,0.011066837367494742,0.015204940323499973,1.4965760707855225,193,0.1583840011236365,192,0.00021475014831473516,2.249974154539489,0.019411511603649186,0.011066837367494666,0.022344611700747526,485,0.5742812932518699,161.17666625976562,79.77645874023438
0.0,seed,2.6040000915527344,0.0,0.0,-0.0043618175225476445,0.05026357207080297,0.05045247396725762,0.0,192,0.14041430579681058,192,0.0,0.0,-0.08426944863482284,0.05026357207080278,0.09812118349537896,486,1.0,200.0,72.0
2.9909099455830965,drawer,2.634000062942505,0.07698521804584502,6.8681918553561445,0.004361817522547958,0.050263572070802905,0.050452473967257584,1.2790756225585938,212,0.3002295680213606,192,0.00801378615489945,14.786360089760084,0.08426944863482284,0.05026357207080278,0.09812118349537896,486,0.05023724268312663,216.4313201904297,74.17182159423828
0.0,seed,2.574000120162964,0.0,0.0,-0.029680940733998403,0.01930787016100316,0.03540836190801944,0.0,192,0.14041430579681058,192,0.0,0.0,-0.04626431487928635,0.021472223239502923,0.051004344933513315,487,1.0,208.0,72.0
0.7796294885081572,drawer,2.5440001487731934,0.02348793621963008,1.5385647686936947,-0.0011557059833773658,0.0022468224115811957,0.0025266316053587598,1.3310493230819702,193,0.1583840011236365,192,0.03203288955851491,2.6120302590035047,0.00023061519816072832,0.0025940470583066533,0.0026042779249404457,487,0.458575887468934,208.7447509765625,72.034423828125
2.034296243570634,drawer,2.558000087738037,0.00917640365686534,6.06395827401835,0.032051316030249126,0.05489219258304531,0.06356445284783815,1.3811566829681396,197,0.23088570413786158,192,0.03524480967854915,11.883617058669074,0.10593934022601241,0.055256575609297726,0.11948402803550291,487,0.13001079695901233,216.75540161132812,73.62146759033203
0.0,seed,2.614000082015991,0.0,0.0,-0.02347296732434973,0.01526949598578174,0.028002458868281455,0.0,192,0.14041430579681058,192,0.0,0.0,-0.04211911363716294,0.01678617585011152,0.04534088037578353,488,1.0,216.0,72.0
0.6549929157376417,drawer,2.5880000591278076,0.019453143408343365,1.3162454337545217,0.0009230926419277568,0.0016664394474460674,0.0019050250543196329,1.0756957530975342,193,0.1583840011236365,192,0.027998096747229084,2.4431932018372313,0.00024664165594058784,0.00277431872292585,0.0027852605771852,488,0.519445742463934,216.80499267578125,71.71038055419922
2.0510187416808234,drawer,2.6120002269744873,0.026306943515212566,5.828146358386653,0.0285592627570363,0.06821429521011103,0.07395148112267677,1.4393326044082642,197,0.23088570413786158,192,0.018114269820202367,11.689687342401347,0.10038451478527431,0.06805247964736083,0.12127733009441384,488,0.12860382275583276,224.78684997558594,73.06592559814453
0.0,seed,2.7750000953674316,0.0,0.0,-0.009099735250134003,0.00391894683437429,0.009907740706800092,0.0,192,0.14041430579681058,192,0.0,0.0,-0.018084582913546827,0.0039189468343743235,0.018504331477997314,489,1.0,232.0,72.0
0.4625960674414216,drawer,2.763000249862671,0.005256153851206591,1.3306214176674838,0.009099735250134003,0.00391894683437429,0.009907740706800092,1.0794262886047363,193,0.1583840011236365,192,0.013801107190091422,2.443699288601418,0.01808458291354724,0.003918946834374048,0.018504331477997658,489,0.6296469160378032,232.88441467285156,71.58263397216797
0.0,seed,3.809000253677368,0.0,0.0,0.014227798347942201,0.01617148868248173,0.021539435740922777,0.0,192,0.14041430579681058,192,0.0,0.0,0.005242950684529378,0.016171488682481822,0.017000164060621437,490,1.0,104.0,88.0
0.8822450316447596,ambiguous,3.8420002460479736,0.040681478057572384,0.6185427141871322,-0.01422779834794224,0.01617148868248215,0.021539435740923117,0.504249095916748,193,0.1583840011236365,192,0.032136524718687554,1.0935963239060955,-0.005242950684529006,0.016171488682481777,0.017000164060621277,490,0.4138527554249446,103.67887115478516,87.93074035644531
0.0,seed,3.558000087738037,0.0,0.0,0.013438534938098871,0.01859943670854786,0.02294631271376257,0.0,192,0.14041430579681058,192,0.0,0.0,0.004453687274686048,0.018599436708547957,0.019125228788591832,491,1.0,112.0,88.0
1.0095951490697952,ambiguous,3.5950002670288086,0.044284669113150876,0.8602145716686654,-0.013438534938099274,0.018599436708547898,0.022946312713762834,0.9934578537940979,193,0.1583840011236365,192,0.03573971577426516,1.4101685412869216,-0.004453687274686038,0.018599436708547527,0.01912522878859141,491,0.3643664638167536,111.80293273925781,88.13813018798828
0.0,seed,3.373000144958496,0.0,0.0,0.030280618378539265,0.029390540720882544,0.04219857501447869,0.0,192,0.14041430579681058,192,0.0,0.0,0.012310923051713177,0.029390540720882298,0.031864756554084064,492,1.0,120.0,88.0
0.8408709199421103,ambiguous,3.4060001373291016,0.03998522555644746,0.41973450732140877,0.0,0.0,0.0,1.006865382194519,193,0.1583840011236365,192,0.03144027221756218,0.8962783341518676,0.0,0.0,0.0,492,0.43133465038493213,119.6471939086914,87.56767272949219
2.130771124503918,static,3.443000078201294,0.08985447061173302,2.3693506723025743,-0.0237322422254822,0.05087942747247672,0.05614210061064673,1.3810369968414307,194,0.17589940581780827,192,0.07319093864290327,3.275520085557071,-0.0062168375313107396,0.050879427472476965,0.051257830707295414,492,0.11848395397759176,119.38455963134766,87.30622863769531
0.0,seed,3.0270001888275146,0.0,0.0,0.0,0.0,0.0,0.0,192,0.14041430579681058,192,0.0,0.0,0.0,0.0,0.0,493,1.0,136.0,88.0
0.0,seed,2.305999994277954,0.0,0.0,0.0,0.0,0.0,0.0,192,0.14041430579681058,192,0.0,0.0,0.0,0.0,0.0,494,1.0,192.0,88.0
0.0,seed,2.828000068664551,0.0,0.0,-0.03185949377952347,0.024228098459557333,0.04002534320719185,0.0,192,0.14041430579681058,192,0.0,0.0,-0.06751877185798509,0.024228098459557406,0.0717341293121806,495,1.0,208.0,88.0
1.9104730984629155,drawer,2.808000087738037,0.011634534212236591,5.6646053451600755,0.03185949377952347,0.024228098459557333,0.04002534320719185,1.1579078435897827,196,0.2117328619537343,192,0.02282179557015329,10.049312495779734,0.0675187718579854,0.024228098459557243,0.07173412931218084,495,0.14801034656139883,216.37730407714844,87.42265319824219
0.0,seed,3.0200002193450928,0.0,0.0,-0.007227063286609593,0.01286420990872866,0.014755281777197374,0.0,192,0.14041430579681058,192,0.0,0.0,-0.04279621328597316,0.006494284268850115,0.04328615944829409,496,1.0,216.0,88.0
0.5711859449568589,drawer,3.007000207901001,0.006932097799960069,1.6327819255683385,0.017599454672537505,0.011448693246187351,0.020995556239737923,1.429078221321106,193,0.1583840011236365,192,0.0154770511388449,2.690310544349223,0.0,0.0,0.0,496,0.56485515419636,217.30374145507812,87.78193664550781
2.6786531031365985,drawer,3.062000036239624,0.0781550651710381,5.4970844163622905,0.02977914456607524,0.10187189142618702,0.10613519545295069,1.1160850524902344,196,0.2117328619537343,192,0.04369873538864777,9.707067378590425,0.06552855072363528,0.10972811893942357,0.12780552040473184,496,0.0686555556863806,224.50628662109375,86.868896484375
0.0,seed,3.8430001735687256,0.0,0.0,0.018491793798568246,0.02095832031267015,0.02794991284811545,0.0,192,0.14041430579681058,192,0.0,0.0,0.00950694613515539,0.020958320312670278,0.023013761429745323,497,1.0,112.0,104.0
1.1833641755086712,ambiguous,3.891000270843506,0.05423403041052577,0.29874367288178827,-0.018491793798568586,0.020958320312670264,0.027949912848115762,0.5319676995277405,193,0.1583840011236365,192,0.04568907707164094,0.927909357813391,-0.009506946135155351,0.020958320312669892,0.02301376142974496,497,0.30624666287193303,111.9808120727539,103.62432098388672
0.0,seed,3.6180002689361572,0.0,0.0,0.007222579644223695,0.007495526584350389,0.010409062181285011,0.0,192,0.14041430579681058,192,0.0,0.0,-0.001762268019189129,0.0074955265843504905,0.007699903073945913,498,1.0,120.0,104.0
0.379396072679787,ambiguous,3.632000207901001,0.01996052832927031,0.11598695888738207,-0.007222579644223764,0.00749552658435075,0.010409062181285319,1.1627663373947144,193,0.1583840011236365,192,0.01141557499038548,0.7499657076509212,0.0017622680191894714,0.007495526584350378,0.00769990307394588,498,0.6842744549656198,119.91100311279297,103.3650131225586
0.0,seed,3.1080000400543213,0.0,0.0,0.0,0.0,0.0,0.0,192,0.14041430579681058,192,0.0,0.0,0.0,0.0,0.0,499,1.0,136.0,96.0
0.0,seed,3.327000141143799,0.0,0.0,0.0,0.0,0.0,0.0,192,0.14041430579681058,192,0.0,0.0,0.0,0.0,0.0,500,1.0,152.0,96.0
0.0,seed,3.0890002250671387,0.0,0.0,-0.01047334731302954,0.04214111759315218,0.043423090584840035,0.0,192,0.14041430579681058,192,0.0,0.0,-0.05570904648355554,0.04214111759315187,0.06985249925454927,501,1.0,160.0,104.0
2.0581355663626586,drawer,3.142000198364258,0.05987318471891001,4.2377833756078696,0.010473347313029893,0.042141117593152304,0.04342309058484023,0.6650686860084534,197,0.23088570413786158,192,0.015451971383495078,8.948846315874714,0.0557090464835551,0.04214111759315227,0.06985249925454916,501,0.127691821023428,168.9027099609375,104.89070892333984
0.0,seed,3.767000198364258,0.0,0.0,-0.040546179943736986,0.0737957215264005,0.08420095737954499,0.0,192,0.14041430579681058,192,0.0,0.0,-0.12532262326215843,0.06723800489875523,0.1422206356478339,502,1.0,168.0,104.0
1.6367716368869345,drawer,3.7750000953674316,0.02788475199213325,4.442681727572287,0.015711468657563954,0.010220531741146387,0.018743252557904544,1.4698152542114258,196,0.2117328619537343,192,0.006571577790256633,7.576253890983639,0.002253581496066061,0.0014659865168438397,0.002688446768485342,502,0.1942248219897513,175.8743438720703,103.01885986328125
2.461580682862178,drawer,3.82200026512146,0.06706469932491821,5.406939935096382,0.010293067752199256,0.038046415539912996,0.0394141723138657,1.3733782768249512,197,0.23088570413786158,192,0.022643485989503276,9.3678446614054,0.015988022774829032,0.042440755014838766,0.04535233796044051,502,0.08530001208038523,177.50732421875,105.48920440673828
0.0,seed,2.6720001697540283,0.0,0.0,0.0,0.0,0.0,0.0,192,0.14041430579681058,192,0.0,0.0,0.0,0.0,0.0,503,1.0,184.0,104.0
0.0,seed,2.8390002250671387,0.0,0.0,-0.0292420188867092,0.020018814741784675,0.03543795440254069,0.0,192,0.14041430579681058,192,0.0,0.0,-0.06490129696517076,0.02001881474178468,0.06791856367317539,504,1.0,200.0,96.0
1.6841479810087996,drawer,2.818000078201294,0.0065380260911998,5.028592721214092,0.02924201888670883,0.02001881474178476,0.03543795440254043,0.4687662124633789,196,0.2117328619537343,192,0.02791830369119097,9.364059244539485,0.06490129696517083,0.020018814741784727,0.06791856367317546,504,0.1856025014633585,207.8605499267578,95.42841339111328
0.0,seed,3.015000104904175,0.0,0.0,-0.015029626116314478,0.030471162142355776,0.033976188478137714,0.0,192,0.14041430579681058,192,0.0,0.0,-0.032999321443140536,0.03047116214235555,0.04491599868658646,505,1.0,208.0,96.0
0.7545173754448457,ambiguous,3.0280001163482666,0.01852814638035749,1.7867986895538512,0.0,0.0,0.0,1.427244782447815,193,0.1583840011236365,192,0.00998319304147266,2.8539494290712284,0.0,0.0,0.0,505,0.4702356022150569,209.57351684570312,95.81158447265625
1.8162088517943622,drawer,3.008000135421753,0.024636323736845434,5.125762999217856,0.040566622044990626,0.03090735143656186,0.05099916859091196,1.070345401763916,196,0.2117328619537343,192,0.009820006045544005,9.280450306620812,0.09391548287508811,0.030907351436562095,0.09887053300394474,505,0.16264071510373407,215.99209594726562,95.2408676147461
0.0,seed,3.239000082015991,0.0,0.0,-0.009907788326255237,0.01647661088102527,0.01922610141559125,0.0,192,0.14041430579681058,192,0.0,0.0,-0.036986948645376425,0.01122875454785892,0.03865383937970167,506,1.0,216.0,96.0
0.456129231035024,drawer,3.2330000400543213,0.0002695535076506772,1.3682383459180485,0.009109464992295131,0.005925835332637187,0.01086728470388909,0.9659227728843689,193,0.1583840011236365,192,0.008814506846535508,2.381638281742342,0.0,0.0,0.0,506,0.633731556239027,217.33856201171875,95.33124542236328
2.492416320937094,drawer,3.2760002613067627,0.07352637051711675,5.049731356109255,0.02939278955644653,0.09365006956666781,0.09815432546633528,0.7737863063812256,196,0.2117328619537343,192,0.03907004073472642,8.977081736870067,0.07363218539424894,0.09700826484789905,0.12178793936483684,506,0.08270987133156303,223.96595764160156,94.96468353271484
0.0,seed,3.7430002689361572,0.0,0.0,0.018519219177593714,0.021363849984206016,0.02827323053871655,0.0,192,0.14041430579681058,192,0.0,0.0,0.00953437151418048,0.02136384998420564,0.02339483546251308,507,1.0,120.0,112.0
1.1848289247298265,ambiguous,3.7920002937316895,0.05438100222732256,0.42744330696345645,-0.018519219177593676,0.02136384998420561,0.02827323053871622,1.1869606971740723,193,0.1583840011236365,192,0.04583604888843773,0.9036424781444984,-0.009534371514180852,0.02136384998420571,0.023394835462513294,507,0.3057228292633875,119.79639434814453,111.65204620361328
0.0,seed,3.315000057220459,0.0,0.0,0.03539804911829651,0.029217793700205066,0.04589881643451251,0.0,192,0.14041430579681058,192,0.0,0.0,0.026413201454883285,0.029217793700204702,0.03938701156223927,508,1.0,136.0,112.0
1.9161305291480097,static,3.3950002193450928,0.08494994788672816,1.1257770761191768,-0.035398049118296485,0.029217793700204688,0.04589881643451225,1.446565866470337,193,0.1583840011236365,192,0.07640499454784333,0.45476685060309885,-0.026413201454883656,0.0292177937002048,0.03938701156223959,508,0.14421519833935809,135.04527282714844,110.80856323242188
0.0,seed,3.500000238418579,0.0,0.0,0.0594161843269979,0.01007536012687711,0.06026438286140543,0.0,192,0.14041430579681058,192,0.0,0.0,0.032916641280543085,0.01007536012687737,0.03442409265148791,509,1.0,144.0,112.0
1.3273867082076927,static,3.5480000972747803,0.062134701972148765,5.178805690103897,-0.05941618432699827,0.010075360126877349,0.060264382861405834,1.304799199104309,195,0.19341339188972073,192,0.03706373652626471,2.851389324240205,-0.03291664128054275,0.010075360126877013,0.03442409265148748,509,0.26438752693246875,142.78903198242188,104.45178985595703
0.0,seed,3.1600000858306885,0.0,0.0,-0.02577547381257829,0.058194775530556825,0.06364752115608906,0.0,192,0.14041430579681058,192,0.0,0.0,-0.10911832865330393,0.06106878636590848,0.12504481723084496,510,1.0,160.0,112.0
1.497137218073948,drawer,3.184000253677368,0.036609847360363545,3.5543914319600503,0.0017566230101767819,0.0019848671787883357,0.002650551285546783,1.3642059564590454,196,0.2117328619537343,192,0.0021535175779732185,7.257081250819635,-0.010267675673625302,0.0017128056994050215,0.01040955652766587,510,0.2193164095371939,167.46705627441406,110.7850570678711
1.5932726290655148,drawer,3.189000129699707,0.03510451483700194,3.9893382751835276,0.008554678902309331,0.004167071933263927,0.009515619770598885,0.888763964176178,197,0.23088570413786158,192,0.009316698498412546,8.666384103502512,0.015683222402634887,0.0011923328729717942,0.015728481255686388,510,0.20325901469649674,168.83665466308594,112.8775405883789
1.9039184353605607,drawer,3.2110002040863037,0.061925602623979614,3.324681896380871,-0.014744790389734712,0.022858138566681275,0.027201164356895,1.4366278648376465,198,0.2468650200273087,192,0.009556690155680059,8.819569411362918,0.008363069000037965,0.022116691927371476,0.023645062590520974,510,0.14897505952974757,169.6289825439453,111.40697479248047
0.0,seed,2.9800002574920654,0.0,0.0,-0.02988734808364693,0.017713588391601684,0.03474226229220198,0.0,192,0.14041430579681058,192,0.0,0.0,-0.06554662616210852,0.01771358839160179,0.06789794853264934,511,1.0,168.0,112.0
1.5620744088706537,drawer,2.9650001525878906,0.0002985888485724786,4.686169718551832,0.029887348083646518,0.017713588391602104,0.03474226229220184,1.2165172100067139,196,0.2117328619537343,192,0.034754918630962806,8.688956322851391,0.06554662616210849,0.017713588391602027,0.06789794853264937,511,0.20969681514827787,176.52041625976562,111.17494201660156
0.0,seed,2.8330001831054688,0.0,0.0,-0.028214655217178544,0.018587666733237442,0.03378709995856647,0.0,192,0.14041430579681058,192,0.0,0.0,-0.06387393329564048,0.01858766673323736,0.0665235350025976,512,1.0,184.0,112.0
1.6023119018773946,drawer,2.819000244140625,0.005096418100349442,4.791714731430206,0.02821465521717849,0.01858766673323739,0.03378709995856639,0.5720542669296265,196,0.2117328619537343,192,0.02935991168204044,9.126655990527366,0.0638739332956401,0.01858766673323745,0.06652353500259726,512,0.2014302921974725,191.94969177246094,111.81790161132812
0.0,seed,3.2250001430511475,0.0,0.0,-0.008728872952565001,0.008991205310529085,0.012531360499088168,0.0,192,0.14041430579681058,192,0.0,0.0,-0.04830957274587974,0.012348836790620694,0.049862897919904677,513,1.0,200.0,112.0
0.6885771183562656,drawer,3.2080001831054688,0.012425710085526287,1.8435714676167696,0.021611004466488684,0.014058262911116708,0.025781199935780208,1.4117345809936523,193,0.1583840011236365,192,0.020970663424411562,2.7864655694623677,0.0,0.0,0.0,513,0.502290260432063,201.11019897460938,112.40888214111328
2.3472818841102834,drawer,3.265000104904175,0.06683187004966484,4.946062488041867,0.031609385808990254,0.09004193986576745,0.09542905325953976,1.4052314758300781,196,0.2117328619537343,192,0.032375540267274516,8.862272807671454,0.06334724217259907,0.09834331114351762,0.11697982705383278,513,0.09562816927949674,207.93719482421875,111.60236358642578
0.0,seed,3.4710001945495605,0.0,0.0,-0.02109747793997194,0.016063198854694136,0.026516597309478633,0.0,192,0.14041430579681058,192,0.0,0.0,-0.039067173266798,0.016063198854693865,0.04224062481194442,514,1.0,208.0,112.0
0.5117880612123847,drawer,3.4680001735687256,0.0017075133565622735,1.5300140247453022,0.0,0.0,0.0,0.7087616920471191,193,0.1583840011236365,192,0.0068374399823234455,2.404897465880598,0.0,0.0,0.0,514,0.5994228153287873,208.85787963867188,112.12569427490234
1.8740463954415423,drawer,3.4790000915527344,0.03961250389668258,4.7730470000808225,0.034900973627898735,0.0664069466253532,0.0750197342055928,1.3225634098052979,196,0.2117328619537343,192,0.005156174114291812,8.535794821133655,0.08824983445799628,0.06640694662535351,0.11044417522878379,514,0.1534816602999539,216.33267211914062,110.77725982666016
0.0,seed,3.891000270843506,0.0,0.0,0.0,0.0,0.0,0.0,192,0.14041430579681058,192,0.0,0.0,0.0,0.0,0.0,515,1.0,120.0,120.0
0.0,seed,3.4800002574920654,0.0,0.0,0.08952618157992195,0.03250820335632152,0.09524557981206849,0.0,192,0.14041430579681058,192,0.0,0.0,0.054020268705239176,0.03256631210294113,0.06307736610680897,516,1.0,144.0,120.0
1.2395257419866441,static,3.515000104904175,0.047119942688488514,4.31691396132302,0.0006542938740620634,0.007359745206800465,0.007388771885953549,1.1229252815246582,194,0.17589940581780827,192,0.030456410719658322,2.934298249940256,0.0006334810203768329,0.007125634348939697,0.007153737699829854,516,0.28860550096132437,142.82431030273438,113.16114807128906
1.661371289109494,static,3.5370001792907715,0.06852174989770621,6.119903562396596,-0.0448398058192363,0.007316911992739016,0.045432866814854485,1.1677416563034058,195,0.19341339188972073,192,0.043450784451822155,3.771147839408889,-0.02734663260100874,0.007234920199249303,0.028287495203783236,516,0.18987842327901355,142.61990356445312,111.54861450195312
0.0,seed,3.247000217437744,0.0,0.0,-0.03165173243780342,0.053501744920238944,0.06216324376852137,0.0,192,0.14041430579681058,192,0.0,0.0,-0.11642817575622487,0.04649009250017776,0.1253668569064307,517,1.0,160.0,120.0
1.3650870355127744,drawer,3.251000165939331,0.014871045548378703,3.9404575946077633,0.014522803398705507,0.009447288241601744,0.01732521496770989,0.8965207934379578,196,0.2117328619537343,192,0.019585284234011624,7.57732892640329,0.0010649162372076153,0.0006927430172991964,0.0012704091782906879,517,0.2553541880133268,168.05459594726562,118.86775970458984
2.0381174739846952,drawer,3.2950000762939453,0.053314910275953586,4.625619684443132,0.004962729989652119,0.03624370943976396,0.036581896655370774,1.1098586320877075,197,0.23088570413786158,192,0.008893696940538653,9.253480843573168,0.01065768501228187,0.03903619162348963,0.04046492933747469,517,0.13027363067965886,169.43975830078125,121.43634796142578
0.0,seed,3.0850000381469727,0.0,0.0,-0.03466886353116637,0.07713186289320866,0.08456508955780379,0.0,192,0.14041430579681058,192,0.0,0.0,-0.1167958573454812,0.07287390872677268,0.1376658231595046,518,1.0,168.0,120.0
1.9384802353736101,drawer,3.1130001544952393,0.041203641854165696,4.926414774701415,0.010808437657391272,0.007031040990326957,0.012894101829959759,0.5910682082176208,196,0.2117328619537343,192,0.006747312071776257,8.857803611964933,0.0,0.0,0.0,518,0.1439225119967447,176.470703125,119.92298126220703
2.1130460630282775,drawer,3.132000207901001,0.055374267109547404,4.789225645082567,0.0015343152502564931,0.008743039557777426,0.008876647114537704,1.4673130512237549,197,0.23088570413786158,192,0.01095305377413247,9.75643048336395,0.009878719776992891,0.01261124020764311,0.016019752932153002,518,0.12086922982878479,177.51913452148438,121.47804260253906
0.0,seed,3.0160000324249268,0.0,0.0,-0.026427506906699552,0.0077958369238927345,0.027553369932688483,0.0,192,0.14041430579681058,192,0.0,0.0,-0.044386219167042266,0.008489870673859439,0.04519086584702232,519,1.0,184.0,120.0
0.6409928625550688,drawer,2.995000123977661,0.017071811466857767,1.4347329710068806,0.00038994772637017356,0.0029144641519727498,0.0029404354307543475,1.309127926826477,193,0.1583840011236365,192,0.025616764805742598,2.4729941252762235,0.00040093079285351686,0.004509821347773287,0.004527607987612203,519,0.526769092153998,185.17343139648438,120.02426147460938
1.7050756786854575,drawer,3.0240001678466797,0.026245166977854506,4.721334365236705,0.023638076768587236,0.060791668337630514,0.06522565149226255,0.6223488450050354,196,0.2117328619537343,192,0.008211162804535377,8.869634978331744,0.07699792066516808,0.059724558432655214,0.09744589610001626,519,0.18175863040064533,192.15756225585938,119.68289184570312
0.0,seed,3.453000068664551,0.0,0.0,-0.01391270829606148,0.033100392896287675,0.03590542385239185,0.0,192,0.14041430579681058,192,0.0,0.0,-0.030305051443247966,0.03377246440096779,0.04537593519358628,520,1.0,200.0,120.0
0.7529908375610317,ambiguous,3.4720001220703125,0.02308402618355121,1.45105145440008,-0.0015773521796395747,0.0010260898182304183,0.0018817279861047531,1.4863282442092896,193,0.1583840011236365,192,0.01453907284466549,2.4023404631891325,0.0,0.0,0.0,520,0.47095589169306884,201.36521911621094,119.7048568725586
1.988737275759454,drawer,3.4740002155303955,0.04735436747632482,4.7939524818374455,0.039003415322752366,0.05127323755990489,0.06442213359330438,1.1474156379699707,196,0.2117328619537343,192,0.01289803769393405,8.556455022782119,0.0939296283324895,0.05073257696298661,0.10675471626108597,520,0.1368609640774347,208.3699493408203,119.1449966430664
0.0,seed,3.7370002269744873,0.0,0.0,-0.014090525834128237,0.006878376177767721,0.01567976329939702,0.0,192,0.14041430579681058,192,0.0,0.0,-0.023075373497541435,0.00687837617776785,0.024078723406649318,521,1.0,208.0,120.0
0.5679877571516586,drawer,3.7280001640319824,0.0048126355263296006,1.6652950531295616,0.01409052583412857,0.0068783761777682275,0.01567976329939754,1.2098699808120728,193,0.1583840011236365,192,0.013357588865214876,2.5111973436037927,0.023075373497541435,0.00687837617776785,0.024078723406649318,521,0.5666640185145764,209.05667114257812,120.19091033935547
0.0,seed,3.7910001277923584,0.0,0.0,0.0,0.0,0.0,0.0,192,0.14041430579681058,192,0.0,0.0,0.0,0.0,0.0,522,1.0,136.0,136.0
0.0,seed,3.0450000762939453,0.0,0.0,-0.020864531570900322,0.038657737553203536,0.04392891246554437,0.0,192,0.14041430579681058,192,0.0,0.0,-0.05652380964936228,0.038657737553203474,0.06847891449205148,523,1.0,168.0,136.0
1.9892082050606474,drawer,3.0830001831054688,0.04736465760854447,4.795138981496576,0.020864531570900693,0.03865773755320344,0.04392891246554446,0.6054525971412659,196,0.2117328619537343,192,0.012908327826153698,8.856710787674867,0.05652380964936228,0.038657737553203474,0.06847891449205148,523,0.13680370305279804,176.13438415527344,136.5460968017578
0.0,seed,3.457000255584717,0.0,0.0,-0.022063090801478807,0.03000010214237736,0.037239577122563754,0.0,192,0.14041430579681058,192,0.0,0.0,-0.05772236887994037,0.03000010214237739,0.06505288615937793,524,1.0,184.0,136.0
1.4789714012860475,drawer,3.4720001220703125,0.031140288916691183,3.772472158570393,0.022063090801478807,0.03000010214237736,0.037239577122563754,1.2114919424057007,196,0.2117328619537343,192,0.0033160408656986995,7.502134646284699,0.0577223688799408,0.030000102142377333,0.06505288615937828,524,0.22787192951625687,191.75408935546875,135.0476531982422
0.0,seed,3.207000255584717,0.0,0.0,-0.02352702043769179,0.02423916378633415,0.03377954635184286,0.0,192,0.14041430579681058,192,0.0,0.0,-0.05918629851615334,0.02423916378633417,0.0639574467369043,525,1.0,168.0,144.0
1.4120398341579206,drawer,3.2190001010894775,0.019704239084536557,3.969982695308356,0.02352702043769142,0.02423916378633426,0.033779546351842674,0.22659236192703247,196,0.2117328619537343,192,0.01475209069785377,7.910968588883641,0.05918629851615341,0.024239163786334224,0.06395744673690437,525,0.2436021100133407,176.0287322998047,143.66006469726562
0.0,seed,2.8570001125335693,0.0,0.0,0.04361472499237384,0.016671428847972212,0.04669240597777544,0.0,195,0.19341339188972073,195,0.0,0.0,0.03445498996036704,0.016671428847972212,0.03827640099332738,526,1.0,136.0,24.0
1.489568707673405,static,2.934000253677368,0.06572684342318791,2.164584780254056,-0.04361472499237346,0.016671428847972018,0.04669240597777502,0.5400426983833313,196,0.2117328619537343,195,0.05687610757015982,1.3315664063608184,-0.03445498996036704,0.016671428847972212,0.03827640099332738,526,0.22546904477931776,135.72555541992188,24.139402389526367
0.0,seed,2.745000123977661,0.0,0.0,0.03899297917268946,0.011418839111652033,0.04063055883715591,0.0,195,0.19341339188972073,195,0.0,0.0,0.029833244140683023,0.011418839111652243,0.03194389366710635,527,1.0,144.0,32.0
1.2761681351325396,static,2.809000015258789,0.05484067535061099,2.5763072238363884,-0.038992979172689825,0.011418839111652252,0.04063055883715632,0.9345319271087646,196,0.2117328619537343,195,0.0459899394975829,1.6613704351596938,-0.029833244140683023,0.011418839111652243,0.03194389366710635,527,0.27910474566341914,143.30398559570312,31.926298141479492
0.0,seed,2.8360002040863037,0.0,0.0,0.0422976494504105,0.011227833943520971,0.04376248855004813,0.0,195,0.19341339188972073,195,0.0,0.0,0.03313791441840408,0.01122783394352115,0.0349883641667449,528,1.0,160.0,32.0
1.4374100323795953,static,2.9010000228881836,0.058539192058421285,3.0991435895192185,-0.0422976494504109,0.01122783394352125,0.04376248855004859,1.2377221584320068,196,0.2117328619537343,195,0.049688456205393194,2.1696833490733494,-0.033137914418404094,0.011227833943521255,0.034988364166744945,528,0.23754165121216808,158.64871215820312,31.661836624145508
0.0,seed,3.0280001163482666,0.0,0.0,0.0459017022713978,0.018694493492439325,0.049562590311150026,0.0,195,0.19341339188972073,195,0.0,0.0,0.036741967239390994,0.01869449349243933,0.041224461713397026,529,1.0,176.0,32.0
1.7179024962821756,static,3.1040000915527344,0.072371025161452,2.8796939734931315,-0.04590170227139741,0.01869449349243903,0.04956259031114955,1.334028720855713,196,0.2117328619537343,195,0.0635202893084239,1.9659089857677137,-0.036741967239390994,0.01869449349243933,0.041224461713397026,529,0.17940931994701645,174.81617736816406,31.475086212158203
0.0,seed,3.181000232696533,0.0,0.0,0.03503827069971445,0.008469998561922256,0.03604748658735354,0.0,195,0.19341339188972073,195,0.0,0.0,0.02587853566770764,0.00846999856192226,0.02722938640409992,530,1.0,184.0,24.0
1.1121615555857813,static,3.2300002574920654,0.046554268976701785,2.651421752247624,-0.03503827069971447,0.008469998561922347,0.03604748658735358,1.4941800832748413,196,0.2117328619537343,195,0.037703533123673694,1.7708402314189984,-0.025878535667707658,0.00846999856192235,0.027229386404099967,530,0.3288268287399136,182.89402770996094,23.542163848876953
0.0,seed,3.388000249862671,0.0,0.0,0.07012164993582971,0.008097143754923295,0.07058760179175193,0.0,195,0.19341339188972073,195,0.0,0.0,0.05194583267242202,0.006930252610713526,0.05240608679609239,531,1.0,96.0,40.0
0.8709320212211876,static,3.443000078201294,0.0340350290574154,2.4427146828645903,-0.0002388587737674113,0.0026867739176940414,0.0026973704970965073,0.8372529745101929,196,0.2117328619537343,195,0.02518429320438731,1.8052852293045611,-9.520597316148074e-05,0.0010709128304745785,0.0010751364879868497,531,0.41856100993859213,96.1778793334961,40.283565521240234
1.6525717493912468,static,3.489000082015991,0.05853602173853023,5.170613808473924,-0.0646829737461493,0.01772596279454696,0.0670678525795981,1.4089219570159912,197,0.23088570413786158,195,0.040137217176330786,3.9391733703928593,-0.04538647876141608,0.01910327567067509,0.04924294462875142,531,0.19097389271475054,95.81773376464844,40.621829986572266
0.0,seed,2.888000249862671,0.0,0.0,0.025657596277688342,0.00038484304246313777,0.02566048228144161,0.0,195,0.19341339188972073,195,0.0,0.0,0.01649786124568151,0.00038484304246293844,0.016502349222128707,532,1.0,120.0,40.0
0.6309646614129497,static,2.927000045776367,0.02532474490824299,2.253203312393318,-0.025657596277687995,0.00038484304246318195,0.025660482281441268,0.44308802485466003,196,0.2117328619537343,195,0.0164740090552149,1.4340370130654048,-0.01649786124568158,0.00038484304246338004,0.016502349222128787,532,0.5319806929611774,119.81888580322266,40.4222526550293
0.0,seed,2.6410000324249268,0.0,0.0,0.03451375907135561,0.005178633052052505,0.03490011182680354,0.0,195,0.19341339188972073,195,0.0,0.0,0.025354024039349173,0.005178633052052679,0.025877495537159467,533,1.0,136.0,40.0
1.052663509929765,static,2.693000078201294,0.04206126941113819,2.881707579484477,-0.03451375907135597,0.00517863305205269,0.03490011182680392,1.0760129690170288,196,0.2117328619537343,195,0.0332105335581101,1.941357586370453,-0.025354024039349193,0.005178633052052819,0.025877495537159515,533,0.34900692661936633,135.11534118652344,39.96658706665039
0.0,seed,3.9250001907348633,0.0,0.0,0.0,0.0,0.0,0.0,195,0.19341339188972073,195,0.0,0.0,0.0,0.0,0.0,534,1.0,184.0,40.0
0.0,seed,3.5980002880096436,0.0,0.0,0.0,0.0,0.0,0.0,195,0.19341339188972073,195,0.0,0.0,0.0,0.0,0.0,535,1.0,200.0,40.0
0.0,seed,3.874000072479248,0.0,0.0,0.027998944392407403,0.00419517065626885,0.028311487843706507,0.0,195,0.19341339188972073,195,0.0,0.0,0.018839209360400185,0.004195170656268611,0.019300654552636475,536,1.0,88.0,56.0
0.5926155359488446,static,3.9190001487731934,0.020229934594237164,2.1294869975385287,-0.027998944392406598,0.004195170656268869,0.028311487843705713,0.20054060220718384,196,0.2117328619537343,195,0.011379198741209073,1.5596085690251889,-0.018839209360400143,0.004195170656269042,0.01930065455263653,536,0.5528733844746232,88.66024017333984,56.46125793457031
0.0,seed,3.516000270843506,0.0,0.0,0.07580697402410957,0.007113005849657929,0.07613995116172122,0.0,195,0.19341339188972073,195,0.0,0.0,0.05763115676070189,0.0056058978783428345,0.057903163303907705,537,1.0,96.0,48.0
0.9751838114070852,static,3.576000213623047,0.03873749255653802,2.5152021853824595,-0.0006790841769364415,0.007638595918976825,0.007668722379430282,0.237545907497406,196,0.2117328619537343,195,0.02988675670350993,1.8800262422612135,-0.000535431376330511,0.006022734831757361,0.006046488370320624,537,0.3771229377644098,96.03044891357422,48.36404800415039
1.571868551050998,static,3.6110000610351562,0.052661369493594457,5.171539430728052,-0.0546081753559234,0.019608770378889417,0.0580220362575745,0.44204336404800415,197,0.23088570413786158,195,0.03426256493139501,3.953937000049367,-0.03531168037119017,0.02104796181662972,0.041108776037135905,537,0.20759901261978783,95.94058227539062,48.43422317504883
0.0,seed,3.250000238418579,0.0,0.0,0.03062996272220916,0.004597256101905589,0.03097304279579956,0.0,195,0.19341339188972073,195,0.0,0.0,0.021470227690202362,0.004597256101905439,0.02195689961573899,538,1.0,112.0,56.0
0.8149478414991566,static,3.3030002117156982,0.03695119587107598,1.9726945684003068,-0.030629962722208748,0.004597256101905173,0.03097304279579909,0.124399833381176,196,0.2117328619537343,195,0.02810046001804789,1.2391764139465682,-0.02147022769020233,0.004597256101905478,0.02195689961573897,538,0.44265803550101335,112.42210388183594,56.36050033569336
0.0,seed,3.065000057220459,0.0,0.0,0.02822638071439464,0.002809091019638501,0.028365816762267983,0.0,195,0.19341339188972073,195,0.0,0.0,0.01906664568238818,0.0028090910196386363,0.019272466628180895,539,1.0,120.0,56.0
0.7247770950194713,static,3.1100001335144043,0.031339872020741844,2.168297001486989,-0.028226380714394973,0.0028090910196385543,0.02836581676226832,0.17147964239120483,196,0.2117328619537343,195,0.022489136167713752,1.372155068078199,-0.019066645682388212,0.00280909101963859,0.01927246662818092,539,0.48443155761649653,120.19671630859375,56.1397819519043
0.0,seed,2.7110002040863037,0.0,0.0,0.03825527696925844,0.004742927249555599,0.038548172134217365,0.0,195,0.19341339188972073,195,0.0,0.0,0.029095541937251616,0.004742927249555497,0.029479584792139517,540,1.0,136.0,48.0
1.1877623660927221,static,2.765000104904175,0.044173739578404536,3.3133287555998137,-0.03825527696925808,0.004742927249555378,0.038548172134216976,0.9920450448989868,196,0.2117328619537343,195,0.03532300372537689,2.382985598724071,-0.029095541937251654,0.004742927249555686,0.029479584792139586,540,0.30490228955551746,134.97412109375,47.4474983215332
0.0,seed,3.8360002040863037,0.0,0.0,0.0,0.0,0.0,0.0,195,0.19341339188972073,195,0.0,0.0,0.0,0.0,0.0,541,1.0,144.0,48.0
0.0,seed,3.7820000648498535,0.0,0.0,0.0,0.0,0.0,0.0,195,0.19341339188972073,195,0.0,0.0,0.0,0.0,0.0,542,1.0,192.0,48.0
0.0,seed,3.763000249862671,0.0,0.0,0.0675690263571008,0.009242308817957396,0.06819819348878,0.0,195,0.19341339188972073,195,0.0,0.0,0.049393209093693116,0.008283617543009549,0.05008300534285202,543,1.0,96.0,64.0
0.9243166960998354,static,3.827000141143799,0.04228112765649339,1.8013320014079872,-0.0012186606608065014,0.013707956489649441,0.01376202037959251,0.6673972010612488,196,0.2117328619537343,195,0.0334303918034653,1.1843995425746285,-0.001075007860200571,0.012092095402429979,0.012139786370482852,543,0.39680246313236944,96.77742767333984,64.63362884521484
1.4260442229522752,static,3.8580002784729004,0.05334205102248468,4.57094900695894,-0.05610516256325538,0.014888735630265857,0.05804708188115283,0.6637479662895203,197,0.23088570413786158,195,0.03494324646028435,3.3814379664100063,-0.03680866757852215,0.01637551968668946,0.0402869166593238,543,0.24025449981586744,96.58692932128906,64.54315948486328
0.0,seed,3.3480000495910645,0.0,0.0,0.07132739321722723,0.011694116659564949,0.07227966095391197,0.0,195,0.19341339188972073,195,0.0,0.0,0.05285773543437169,0.011152454574362466,0.05402145350028311,544,1.0,112.0,64.0
1.1656495574993724,static,3.4170000553131104,0.052926622926602995,1.8508369432349843,-0.0011477567527024876,0.012910402487542985,0.01296132084140078,0.5890048146247864,196,0.2117328619537343,195,0.044075887073574904,1.1406373319978307,-0.0012979444715447833,0.014599770809162077,0.014657351995885026,544,0.31172011611802974,112.39911651611328,64.6801986694336
1.7140184370171296,static,3.453000068664551,0.0721772180212934,4.635247672174998,-0.06026478820760382,0.007700019367558509,0.06075471171825376,0.8840416073799133,197,0.23088570413786158,195,0.053778413459093954,3.1894467317490545,-0.04126213374231844,0.0066364298724568924,0.04179241417316081,544,0.18005766929092473,111.8129653930664,64.62726593017578
0.0,seed,3.1730000972747803,0.0,0.0,0.06209095534429676,0.013071109964095218,0.06345187665673037,0.0,195,0.19341339188972073,195,0.0,0.0,0.04377148528028352,0.013071109964095325,0.045681471510181766,545,1.0,120.0,64.0
0.9114586402670078,static,3.2280001640319824,0.04130694745565622,2.01429018061609,0.0,0.0,0.0,0.2751728892326355,196,0.2117328619537343,195,0.03245621160262813,1.2455540026578429,0.0,0.0,0.0,545,0.40189908641772226,120.19306182861328,64.49955749511719
2.044786477984407,static,3.2900002002716064,0.0879025429928868,4.820712450346759,-0.0795851582003155,0.009363384902513884,0.08013407753635073,1.3833454847335815,197,0.23088570413786158,195,0.06950373843068691,3.2337727735299087,-0.060432316016187856,0.009363384902513528,0.06115339562046422,545,0.12206124829320922,118.9838638305664,65.07067108154297
0.0,seed,3.932000160217285,0.0,0.0,0.031198973036651916,0.010250991581900218,0.03283989565991224,0.0,195,0.19341339188972073,195,0.0,0.0,0.022039238004644753,0.010250991581900362,0.024306600754477575,546,1.0,192.0,64.0
1.0971395438929028,static,3.9780001640319824,0.04782623863776525,2.22988017966543,-0.031198973036651173,0.010250991581900076,0.03283989565991148,0.9431067705154419,196,0.2117328619537343,195,0.03897550278473805,1.512797536526013,-0.022039238004644714,0.010250991581899961,0.02430660075447737,546,0.33382460993212704,191.62582397460938,63.82678985595703
0.0,seed,2.695000171661377,0.0,0.0,-3.431498785379239e-05,0.04289856101847599,0.04289857474292473,0.0,195,0.19341339188972073,195,0.0,0.0,-0.03512399301580503,0.043980563158016996,0.05628485427777744,547,1.0,224.0,64.0
0.7030765424123244,ambiguous,2.7090001106262207,0.02021434914888154,2.0710877310688485,-0.013640533926421906,0.019619125644000545,0.023895067625619874,1.3373005390167236,196,0.2117328619537343,195,0.011363613295853447,1.9293739315551752,-0.030410741890359895,0.0210659828814431,0.036994443597428844,547,0.4950593546111567,224.3711700439453,65.12908172607422
1.8554277789898437,drawer,2.7180001735687256,0.037242839845652576,4.814714050566705,0.015024235213206616,0.022526297400009356,0.027076959177415507,1.4561660289764404,199,0.26164481925107075,195,0.0023233659409473972,7.6475135562292005,0.04816598454660531,0.026923899698261127,0.055180235975445475,547,0.1563803436925941,231.5496368408203,70.59323120117188
2.7224412582500035,ambiguous,2.705000162124634,0.04541331069506871,7.42323064490679,-0.010685728804583454,0.04694437987078736,0.04814519292242882,1.4912272691726685,204,0.28446401290015544,195,0.002421005174289448,8.734765706635512,0.04527521417790005,0.04404147936283287,0.06316246451272746,547,0.039334911483740326,232.5466766357422,70.91688537597656
0.0,seed,2.7070000171661377,0.0,0.0,0.001223310403614785,0.013760258557119012,0.013814528725307973,0.0,195,0.19341339188972073,195,0.0,0.0,-0.012865478942528256,0.01612112245847643,0.02062549727259518,548,1.0,232.0,64.0
0.49620452119137715,ambiguous,2.7070000171661377,0.007652537019345651,1.451109091497459,-0.004472481525009126,0.009373025066262277,0.010385407545413365,1.1780967712402344,196,0.2117328619537343,195,0.00119819883368244,1.4858985965245193,-0.0002418008071389414,0.00037880388891193395,0.0004493996179213422,548,0.608696341201411,232.92283630371094,64.62803649902344
2.278389803184547,drawer,2.75600004196167,0.06820913192599898,4.53313455767582,0.0056542441868896315,0.07065668973333407,0.07088256683697064,1.4318265914916992,199,0.26164481925107075,195,0.033289658021294244,7.766130989422213,0.0597968822020965,0.07646728816531831,0.09707169144734852,548,0.10243943776725511,240.30506896972656,69.98872375488281
0.0,seed,2.892000198364258,0.0,0.0,-0.003371158928465948,0.012407900613804859,0.012857710144618858,0.0,195,0.19341339188972073,195,0.0,0.0,-0.012530893960472836,0.012407900613804698,0.017634605215050028,549,1.0,248.0,64.0
0.5138351841627118,ambiguous,2.874000072479248,0.00669511819080526,1.4574295697097894,0.0033711589284663593,0.012407900613804895,0.012857710144619002,1.4615219831466675,196,0.2117328619537343,195,0.015545854043833351,1.795593623015401,0.012530893960472717,0.01240790061380486,0.017634605215050055,549,0.5981941258487844,249.4190216064453,64.67343139648438
0.0,seed,3.805000066757202,0.0,0.0,0.05440662293386996,0.00531300074301451,0.05466542413595249,0.0,195,0.19341339188972073,195,0.0,0.0,0.036230805670462274,0.0038996995315716218,0.03644007321572421,550,1.0,104.0,80.0
0.6166788005822916,static,3.8510000705718994,0.02694018383672514,1.9042240814550675,-0.00035365743564721037,0.00397807272853514,0.003993762163086778,0.662402868270874,196,0.2117328619537343,195,0.01808944798369705,1.2577664591617626,-0.00021000463504127983,0.0023622116413156776,0.0023715281539771205,550,0.5397340284967178,104.88495635986328,80.223388671875
1.2745404757206586,static,3.88700008392334,0.04599507641573064,4.487732605084643,-0.05886841540468843,0.015421356525175121,0.06085481549832781,0.5637727975845337,197,0.23088570413786158,195,0.027596271853531196,3.2150176250758635,-0.0395719204199552,0.0169291301136612,0.04304105403133777,550,0.27955933639074865,104.60425567626953,80.28426361083984
0.0,seed,3.5890002250671387,0.0,0.0,0.05484968124801811,0.005733997284239647,0.055148583461997074,0.0,195,0.19341339188972073,195,0.0,0.0,0.03644653804578318,0.004828247591572087,0.03676495764077856,551,1.0,112.0,80.0
0.6709862528946458,static,3.635000228881836,0.029768821573108006,1.9536641251058984,0.0,0.0,0.0,0.4808659255504608,196,0.2117328619537343,195,0.020918085720079915,1.2612265733518855,-8.367313822168244e-05,0.0009411871368163946,0.0009448991589415812,551,0.5112040915665355,112.53201293945312,80.40654754638672
1.6762028522102235,static,3.692000150680542,0.07132252949222728,4.4884222589908855,-0.07491440500696578,0.01811860531926089,0.07707432734875375,0.747758150100708,197,0.23088570413786158,195,0.052923724930027394,3.087349235295535,-0.05584523596106017,0.017834027396902298,0.05862374018040771,551,0.1870829885716693,112.2264404296875,80.37559509277344
0.0,seed,3.19700026512146,0.0,0.0,0.07616440842347988,0.026887471264026998,0.08077099245070925,0.0,195,0.19341339188972073,195,0.0,0.0,0.05784493835946666,0.026887471264027046,0.06378850213623438,552,1.0,128.0,80.0
1.367313334518709,static,3.267000198364258,0.05863741681106038,2.4379302580979147,0.0,0.0,0.0,0.5260077118873596,196,0.2117328619537343,195,0.04978668095803229,1.6979834475574256,0.0,0.0,0.0,552,0.2547905171184342,127.75408935546875,80.5328369140625
2.155067302541462,static,3.31600022315979,0.09481456426397328,4.647519394897367,-0.062024470687455924,0.009883333098647373,0.06280696806245226,1.3547117710113525,197,0.23088570413786158,195,0.07641575970177339,2.9920542852035035,-0.04287162850332825,0.009883333098647161,0.04399609986880885,552,0.11589396726794512,127.1337890625,80.9725570678711
0.0,seed,3.9230000972747803,0.0,0.0,0.0,0.0,0.0,0.0,195,0.19341339188972073,195,0.0,0.0,0.0,0.0,0.0,553,1.0,168.0,80.0
0.0,seed,2.4800000190734863,0.0,0.0,0.0,0.0,0.0,0.0,195,0.19341339188972073,195,0.0,0.0,0.0,0.0,0.0,554,1.0,200.0,72.0
0.0,seed,2.4590001106262207,0.0,0.0,-0.003271734633786055,0.04045283880972244,0.040584928425208555,0.0,195,0.19341339188972073,195,0.0,0.0,-0.037387448314461245,0.04045283880972193,0.05508405812239923,555,1.0,208.0,72.0
2.3619836213127496,drawer,2.5190000534057617,0.06506816324514375,5.137626313591075,0.003271734633786467,0.04045283880972197,0.04058492842520812,0.922635555267334,199,0.26164481925107075,195,0.030148689340439017,8.733976592974784,0.03738744831446121,0.040452838809722336,0.0550840581223995,555,0.09423311486660296,216.47793579101562,79.6075439453125
0.0,seed,2.5350000858306885,0.0,0.0,0.0015439518060693946,0.01736695444465111,0.017435449344999743,0.0,195,0.19341339188972073,195,0.0,0.0,-0.020396460367978687,0.022587336143480113,0.030433589167252164,556,1.0,224.0,72.0
0.8404562729943603,ambiguous,2.5300002098083496,0.0010315844446573408,2.7998620234237057,-0.006328725873193573,0.02961338870357052,0.03028209969085347,1.4436761140823364,196,0.2117328619537343,195,0.00781915140837075,2.4522220784704865,-0.009949667983228407,0.015587098198823575,0.018491985378434883,556,0.43151359050686144,223.72987365722656,73.37773132324219
2.4399439436354884,drawer,2.5960001945495605,0.07561106794291472,4.628350036270335,-0.0031626349791589563,0.07083628068191425,0.07090684678406126,1.109891653060913,199,0.26164481925107075,195,0.04069159403820999,7.871602843320979,0.043128380208142886,0.07942417122392774,0.09037840535208574,556,0.08716573751938801,231.90272521972656,78.45025634765625
0.0,seed,3.1120002269744873,0.0,0.0,0.008246339052330642,0.015993942196810003,0.017994674066536827,0.0,195,0.19341339188972073,195,0.0,0.0,-0.0009133959796757546,0.015993942196809864,0.016020002472240228,557,1.0,232.0,80.0
0.8279577672228421,ambiguous,3.138000249862671,0.03583551086172676,1.3185167647810851,-0.008246339052331134,0.015993942196809992,0.017994674066537042,1.4136700630187988,196,0.2117328619537343,195,0.02698477500869867,1.4400086339923308,0.0009133959796757156,0.01599394219681025,0.01602000247224061,557,0.4368954464610798,233.26756286621094,80.61622619628906
0.0,seed,2.993000030517578,0.0,0.0,0.01276992305899825,0.026561156364396835,0.02947144316701633,0.0,195,0.19341339188972073,195,0.0,0.0,0.0036101880269918916,0.02656115636439708,0.026805381642576682,558,1.0,240.0,72.0
1.3769686153310665,ambiguous,3.0410001277923584,0.05857643948021485,1.721217925191687,-0.012769923058998659,0.0265611563643973,0.02947144316701693,1.2895829677581787,196,0.2117328619537343,195,0.0497257036271872,1.7764435261512581,-0.003610188026991772,0.026561156364397206,0.026805381642576797,558,0.2523419504517806,241.0065155029297,72.81681823730469
0.0,seed,3.7080001831054688,0.0,0.0,0.06245716775074475,0.008188057024415793,0.06299160326011519,0.0,195,0.19341339188972073,195,0.0,0.0,0.04398750996788924,0.006955523453067564,0.04453403574437565,559,1.0,112.0,88.0
1.0273380420126756,static,3.7720000743865967,0.0477387790788697,1.6433594034412504,-0.0012166594333220975,0.013685445925253326,0.013739421034007382,0.8926307559013367,196,0.2117328619537343,195,0.03888804322584205,0.9961107379271622,-0.0013668471521643933,0.015374814246872417,0.015435452188491627,559,0.3579576679900452,112.77489471435547,88.7026596069336
1.4727094316246856,static,3.805000066757202,0.06606628851836494,3.9791363268777484,-0.05520365317309749,0.010552223292040367,0.05620313816915133,0.7090370655059814,197,0.23088570413786158,195,0.04766748395616549,2.595918788158772,-0.03620099870781211,0.009880362354059197,0.037525109829160054,559,0.22930174821755803,112.69741821289062,88.61527252197266
0.0,seed,3.2930002212524414,0.0,0.0,0.03921667805074923,0.016073381987132974,0.0423827965788055,0.0,195,0.19341339188972073,195,0.0,0.0,0.030056943018742795,0.01607338198713323,0.034084797668993874,560,1.0,128.0,88.0
1.4838287356724706,static,3.3680002689361572,0.06374884412166981,2.397679009372493,-0.03921667805074957,0.016073381987132998,0.04238279657880582,0.3217979669570923,196,0.2117328619537343,195,0.05489810826864172,1.6920672450338763,-0.030056943018742757,0.016073381987132797,0.03408479766899364,560,0.2267658168172622,127.84918975830078,88.58499145507812
0.0,seed,3.313000202178955,0.0,0.0,0.002598568918152569,0.029229686992453704,0.029344968258616433,0.0,195,0.19341339188972073,195,0.0,0.0,0.0024549161175466384,0.027613825905234243,0.027722734249506775,561,1.0,144.0,88.0
1.094729236101986,static,3.370000123977661,0.049123300559434924,2.012947993197661,-0.05720195870582874,0.0077008957871568225,0.05771800304677896,0.2263006865978241,196,0.2117328619537343,195,0.04027256470640683,1.2895025768525967,-0.039026141442421426,0.006743912799063169,0.039604546149719366,561,0.33463020046079783,144.1397247314453,88.49707794189453
1.3395765874550691,drawer,3.373000144958496,0.020547251460099503,3.711518924375068,0.030514060641232958,0.025342240742118653,0.03966531309152041,0.638380765914917,210,0.3002295680213606,195,0.03666205662932853,7.808756794756963,0.1371865839722668,0.026908465358847826,0.1398006592614932,561,0.11323083869664413,160.17967224121094,95.75524139404297
0.0,seed,3.8540000915527344,0.0,0.0,0.0038917557515599317,0.04905380792482953,0.049207944833693965,0.0,195,0.19341339188972073,195,0.0,0.0,-0.030223957929114906,0.04905380792482952,0.05761739064576749,562,1.0,168.0,88.0
2.293139122643162,static,3.9560000896453857,0.08575964450923923,3.478847811300101,-0.003891755751560245,0.04905380792482962,0.04920794483369408,1.1143571138381958,199,0.26164481925107075,195,0.05084017060453405,5.726021022031169,0.030223957929114843,0.04905380792482949,0.05761739064576743,562,0.10094907243327543,176.42967224121094,95.07891082763672
0.0,seed,2.3970000743865967,0.0,0.0,0.0,0.0,0.0,0.0,195,0.19341339188972073,195,0.0,0.0,0.0,0.0,0.0,563,1.0,192.0,88.0
0.0,seed,2.7060000896453857,0.0,0.0,0.0,0.0,0.0,0.0,195,0.19341339188972073,195,0.0,0.0,0.0,0.0,0.0,564,1.0,208.0,88.0
0.0,seed,2.9130001068115234,0.0,0.0,0.0,0.0,0.0,0.0,195,0.19341339188972073,195,0.0,0.0,0.0,0.0,0.0,565,1.0,216.0,88.0
0.0,seed,3.871000289916992,0.0,0.0,0.027437391730328897,0.003676974478011746,0.027682677007028606,0.0,195,0.19341339188972073,195,0.0,0.0,0.018277656698322067,0.003676974478011556,0.01864384283600529,566,1.0,112.0,96.0
0.6734860256051507,static,3.9180002212524414,0.030572975937105173,1.8567365246340481,-0.027437391730328525,0.003676974478011843,0.02768267700702825,0.8888139128684998,196,0.2117328619537343,195,0.021722240084077082,1.1950156682648312,-0.018277656698322105,0.003676974478011981,0.018643842836005415,566,0.5099141160903186,112.7803726196289,96.34382629394531
0.0,seed,3.7870001792907715,0.0,0.0,0.036173231980875784,0.011494514919771319,0.03795558700880676,0.0,195,0.19341339188972073,195,0.0,0.0,0.017703574198020246,0.012087575574445333,0.02143655808782594,567,1.0,120.0,104.0
0.44696313071137495,ambiguous,3.80400013923645,0.003300097375323663,1.9896526216785584,0.0007350386951304952,0.008267993523635513,0.008300602314905703,0.6982653737068176,196,0.2117328619537343,195,0.005550638477704428,1.2746295274286956,0.0005848509762881994,0.0065786252020164195,0.006604571160421457,567,0.6395672595112714,120.82012939453125,103.95833587646484
1.6123595233345127,static,3.872000217437744,0.05954222347607896,5.160783376201461,-0.09276489606315116,0.021563742737974696,0.09523823256695178,0.34796494245529175,197,0.23088570413786158,195,0.041143418913879515,3.724974686869794,-0.07376224159786579,0.020975811544226557,0.07668671955091592,567,0.19940797254121626,120.11963653564453,103.32643127441406
0.0,seed,3.446000099182129,0.0,0.0,0.05360541038994475,0.01922886976619003,0.056949885474507266,0.0,195,0.19341339188972073,195,0.0,0.0,0.04444567535793833,0.01922886976619031,0.04842692939376143,568,1.0,136.0,96.0
2.0693147414121724,static,3.5400002002716064,0.0845136240544675,3.2918005718519834,-0.0536054103899451,0.019228869766190097,0.056949885474507626,0.9111020565032959,196,0.2117328619537343,195,0.07566288820143985,2.517173579523045,-0.04444567535793829,0.0192288697661899,0.048426929393761226,568,0.1262722812295,135.2327880859375,95.63114929199219
0.0,seed,3.2400002479553223,0.0,0.0,-0.03358859943447225,0.03371605071846826,0.047591659857791825,0.0,195,0.19341339188972073,195,0.0,0.0,-0.12381638575902443,0.04469564566451009,0.1316366139179939,569,1.0,152.0,96.0
0.990951001654754,static,3.2880001068115234,0.042318179542508716,2.360830914058982,-0.09023442477935374,0.01908205229619048,0.09223001753819304,0.1077151745557785,196,0.2117328619537343,195,0.033467443689480625,1.5929414416856047,-0.16214274103989268,0.031098956443121724,0.16509819370235665,569,0.3712234889485137,151.8601531982422,96.29895782470703
1.5728990855599336,drawer,3.258000135421753,0.014198125194200717,4.596974905375558,0.03907768238775985,0.005592712179811281,0.039475862122629386,0.17485837638378143,201,0.2758790548320902,195,0.05766540837751766,8.501522474734092,0.03131555900557716,0.016554972462815735,0.03542218724297488,569,0.11249651244255035,167.54165649414062,104.40823364257812
1.6364422929113311,drawer,3.302000045776367,0.031390031032023646,4.308014203920803,0.006076947611620561,0.02816821141730422,0.02881627017371139,0.2849423885345459,202,0.27760910093009805,195,0.013097413352364917,8.225989291317813,4.487032744544665e-05,0.01884159033908233,0.018841643767253582,569,0.18049694304167407,167.7261505126953,104.09243774414062
1.8242976042353054,drawer,3.302000045776367,0.03645982208451315,4.7407951301100155,0.0028515306071291383,0.041008973056539874,0.04110799311515228,0.5347991585731506,208,0.3002295680213606,195,0.02019733850888361,9.390900986551397,0.01943992041421674,0.03729243206361952,0.0420551542017237,569,0.09539390881263758,167.77365112304688,104.09730529785156
0.0,seed,3.203000068664551,0.0,0.0,-0.037822467947605284,0.038652042543962165,0.05407882648937466,0.0,195,0.19341339188972073,195,0.0,0.0,-0.1060568818474051,0.05221936190849069,0.1182155824979278,570,1.0,160.0,96.0
1.0864507044410627,drawer,3.2130000591278076,0.011157215671211418,3.1501042407349003,0.0012522116137177353,0.0019617082119349756,0.0023273016637949395,0.3285233974456787,200,0.2734369146971839,195,0.05236067054831661,6.4653541583151535,0.013041320521381013,0.02043046501167178,0.024237985509000914,570,0.33741186522060107,169.20582580566406,103.83567810058594
1.417558084117389,drawer,3.2120001316070557,0.008421128883592921,4.205512942074051,-0.016018235582764367,0.02970544040659245,0.033749030518439395,1.477575659751892,205,0.29123566231989506,195,0.059865336195457086,6.866628210169142,0.013569620947610165,0.014878532644304106,0.020137163313372706,570,0.21001556294823456,170.56207275390625,103.72441864013672
0.0,seed,3.0270001888275146,0.0,0.0,0.0,0.0,0.0,0.0,195,0.19341339188972073,195,0.0,0.0,0.0,0.0,0.0,571,1.0,168.0,104.0
0.0,seed,2.7340002059936523,0.0,0.0,-0.013438839342702489,0.02891485523972059,0.03188528275573176,0.0,195,0.19341339188972073,195,0.0,0.0,-0.04755455302337723,0.02891485523972088,0.055655227668092506,572,1.0,200.0,96.0
1.6585751499456032,drawer,2.748000144958496,0.021390468710969834,4.71000136931848,0.013438839342702078,0.028914855239720948,0.031885282755731915,0.7978367805480957,199,0.26164481925107075,195,0.013529005193735344,7.932695832602008,0.04755455302337727,0.02891485523972044,0.05565522766809231,572,0.19041009273922174,208.48609924316406,103.3558578491211
0.0,seed,2.9110002517700195,0.0,0.0,-0.003935358143121943,0.042623467251481466,0.042804754458503194,0.0,195,0.19341339188972073,195,0.0,0.0,-0.03805107182379676,0.04262346725148092,0.05713706351815611,573,1.0,208.0,96.0
2.271165151216196,drawer,2.9560000896453857,0.0586816125829257,5.201332015517197,0.003935358143121611,0.042623467251481,0.04280475445850271,0.4807756245136261,199,0.26164481925107075,195,0.023762138678220524,7.755307293062746,0.038051071823796724,0.04262346725148136,0.057137063518156415,573,0.10319187587073839,215.6704864501953,103.45128631591797
0.0,seed,3.374000072479248,0.0,0.0,0.0,0.0,0.0,0.0,195,0.19341339188972073,195,0.0,0.0,0.0,0.0,0.0,574,1.0,216.0,104.0
0.0,seed,3.6720001697540283,0.0,0.0,0.043908080392247376,0.009273620278962886,0.04487671508489062,0.0,195,0.19341339188972073,195,0.0,0.0,0.034748345360240934,0.009273620278962634,0.03596453167153667,575,1.0,128.0,112.0
1.4113306170897788,static,3.7380001544952393,0.054996431630465636,3.1849208083162392,-0.04390808039224772,0.009273620278962393,0.04487671508489086,0.6040671467781067,196,0.2117328619537343,195,0.046145695777437545,2.438989550706638,-0.034748345360240934,0.009273620278962634,0.03596453167153667,575,0.24381500478480936,127.66324615478516,111.45818328857422
0.0,seed,3.5300002098083496,0.0,0.0,0.07448792388095066,0.013364484655528221,0.0756773430704471,0.0,195,0.19341339188972073,195,0.0,0.0,0.056168453816937414,0.013364484655528213,0.05773651058293427,576,1.0,144.0,112.0
1.1704781685715075,static,3.582000255584717,0.045001585305344705,3.0420988151639308,0.0,0.0,0.0,0.8932223916053772,196,0.2117328619537343,195,0.036150849452316614,2.231356148113688,0.0,0.0,0.0,576,0.31021856902483513,143.7198486328125,111.34098052978516
2.352902367810771,static,3.641000270843506,0.09602181849611835,5.662462045697601,-0.0736485381193636,0.016461825223511535,0.07546587875860715,1.1020594835281372,197,0.23088570413786158,195,0.0776230139339189,3.9915976536348325,-0.054495695935235955,0.016461825223511143,0.056927783771679716,576,0.09509276712312797,142.69168090820312,111.62667083740234
0.0,seed,3.2740001678466797,0.0,0.0,0.028472582328647685,0.03707053794306763,0.04674305004864399,0.0,195,0.19341339188972073,195,0.0,0.0,-0.0006840640971698207,0.033019610018756425,0.0330266951038065,577,1.0,160.0,112.0
1.017936865701439,static,3.3420002460479736,0.05841388679691706,1.6814884070104394,-0.027466017328011332,0.0029087421383563942,0.027619610581796204,1.1838264465332031,197,0.23088570413786158,195,0.04001508223471717,0.5647750683446887,-0.019150351505687967,0.012457573488762674,0.02284572388915107,577,0.3608307107406883,161.76873779296875,113.92131805419922
2.917842106492328,static,3.3970000743865967,0.10701062781960546,3.7456257610393884,0.011611252467572448,0.08022573291725928,0.08106163954656434,1.1900815963745117,200,0.2734369146971839,195,0.06580717294249983,7.22943206384003,0.06247812884921802,0.08528769848526839,0.10572373478748062,577,0.0514047828397866,169.9027557373047,120.21380615234375
0.0,seed,3.123000144958496,0.0,0.0,0.0,0.0,0.0,0.0,195,0.19341339188972073,195,0.0,0.0,0.0,0.0,0.0,578,1.0,168.0,112.0
0.0,seed,2.7160000801086426,0.0,0.0,0.0,0.0,0.0,0.0,195,0.19341339188972073,195,0.0,0.0,0.0,0.0,0.0,579,1.0,184.0,112.0
0.0,seed,2.892000198364258,0.0,0.0,0.0,0.0,0.0,0.0,195,0.19341339188972073,195,0.0,0.0,0.0,0.0,0.0,580,1.0,192.0,112.0
0.0,seed,3.3510000705718994,0.0,0.0,-0.004359564049216284,0.02910672658527743,0.029431400428951985,0.0,195,0.19341339188972073,195,0.0,0.0,-0.03108537811801021,0.02910672658527758,0.04258523529640023,581,1.0,208.0,112.0
1.3458819500822832,drawer,3.38100004196167,0.04638400656088759,2.049519736038909,0.004359564049216244,0.02910672658527779,0.029431400428952335,1.3932392597198486,198,0.2468650200273087,195,0.020088235269355437,4.817953564987092,0.03108537811801021,0.02910672658527758,0.04258523529640023,581,0.2603099951106101,214.31381225585938,113.62056732177734
0.0,seed,3.825000286102295,0.0,0.0,0.047989107831017175,0.009406293017936149,0.04890227825731914,0.0,195,0.19341339188972073,195,0.0,0.0,0.038829372799010387,0.00940629301793639,0.03995245349542136,582,1.0,128.0,120.0
1.5659268291321105,static,3.8970000743865967,0.061076725663844034,3.3346158707777804,-0.04798910783101685,0.009406293017936588,0.0489022782573189,1.2653523683547974,196,0.2117328619537343,195,0.05222598981081639,2.5935786457787517,-0.0388293727990104,0.009406293017936383,0.039952453495421376,582,0.20889431408834205,127.7867660522461,119.08602905273438
0.0,seed,3.7380001544952393,0.0,0.0,0.05112715696777488,0.012529280971891692,0.05263999488297941,0.0,195,0.19341339188972073,195,0.0,0.0,0.041967421935768426,0.0125292809718915,0.04379780115037077,583,1.0,136.0,120.0
1.7802223485643587,static,3.81600022315979,0.06921623154165069,3.599883184631933,-0.05112715696777524,0.012529280971891701,0.05263999488297977,0.9985892176628113,196,0.2117328619537343,195,0.060365495688622595,2.832889598220031,-0.04196742193576846,0.012529280971891934,0.04379780115037093,583,0.16860065498698618,135.42999267578125,118.99349212646484
0.0,seed,3.371000051498413,0.0,0.0,0.039054484919251356,0.01359371045790895,0.04135265114018078,0.0,195,0.19341339188972073,195,0.0,0.0,0.020318328795180907,0.013593710457908572,0.02444633815201227,584,1.0,160.0,120.0
1.133227071076165,static,3.437000274658203,0.057758767125821286,3.3499878550544886,-0.039054484919251335,0.013593710457908506,0.04135265114018061,0.19885392487049103,197,0.23088570413786158,195,0.039359962563620954,1.686281390634294,-0.020318328795180907,0.013593710457908572,0.02444633815201227,584,0.32157409436801726,160.32623291015625,121.28202056884766
0.0,seed,3.2190001010894775,0.0,0.0,0.0,0.0,0.0,0.0,195,0.19341339188972073,195,0.0,0.0,0.0,0.0,0.0,585,1.0,168.0,120.0
0.0,seed,2.8930001258850098,0.0,0.0,0.0,0.0,0.0,0.0,195,0.19341339188972073,195,0.0,0.0,0.0,0.0,0.0,586,1.0,184.0,120.0
0.0,seed,3.3310000896453857,0.0,0.0,-0.005413732844991531,0.05344921389145812,0.053722685794101735,0.0,195,0.19341339188972073,195,0.0,0.0,-0.03952944652566627,0.05344921389145847,0.0664785349435469,587,1.0,200.0,120.0
2.5155430858340373,ambiguous,3.388000249862671,0.07486714017440699,5.042121511529786,0.005413732844991118,0.05344921389145855,0.05372268579410212,1.1569675207138062,199,0.26164481925107075,195,0.03994766626970181,7.547569194878321,0.03952944652566631,0.05344921389145802,0.06647853494354657,587,0.08081897972424049,208.46347045898438,127.55935668945312
0.0,seed,3.0870001316070557,0.0,0.0,-0.009848652101402462,0.010671682354277798,0.014521733797486554,0.0,195,0.19341339188972073,195,0.0,0.0,-0.03657446617019645,0.010671682354277597,0.03809955878885534,588,1.0,176.0,136.0
0.7061971420227718,drawer,3.06600022315979,0.0186511440416961,1.5911279101629887,0.00984865210140242,0.010671682354277403,0.014521733797486237,0.8107569813728333,198,0.2468650200273087,195,0.044946915333228254,4.218026843002917,0.03657446617019645,0.010671682354277597,0.03809955878885534,588,0.49343934016445407,183.16351318359375,136.0684814453125
0.0,seed,3.3330001831054688,0.0,0.0,-0.010953725317540412,0.021499944372915292,0.024129477954787537,0.0,195,0.19341339188972073,195,0.0,0.0,-0.03586585501509545,0.0474455322570211,0.0594763657860488,589,1.0,184.0,136.0
0.6355200412709986,drawer,3.3370001316070557,0.010552895307736065,1.7345175868879545,0.0078032963460345425,0.004818215558133524,0.009170966962576846,0.9983217716217041,198,0.2468650200273087,195,0.01574287598379609,4.587660746370562,0.036342794786067514,0.02364150008943621,0.04335572925624742,589,0.5296518896691257,191.27340698242188,136.89501953125
2.043813948194319,static,3.4230000972747803,0.11071476812348902,1.2152010831384792,-0.0759271409114688,0.07139683636746985,0.10422302514451068,0.8643621206283569,212,0.3002295680213606,195,0.05390374471219728,4.60982668489452,0.005976905522615942,0.06014872614108183,0.06044495558788292,589,0.11454332036440844,199.11337280273438,136.32977294921875
0.0,seed,3.0270001888275146,0.0,0.0,0.0,0.0,0.0,0.0,198,0.2468650200273087,198,0.0,0.0,0.0,0.0,0.0,590,1.0,136.0,24.0
0.0,seed,2.999000072479248,0.0,0.0,0.0,0.0,0.0,0.0,198,0.2468650200273087,198,0.0,0.0,0.0,0.0,0.0,591,1.0,152.0,32.0
0.0,seed,3.1540000438690186,0.0,0.0,0.0,0.0,0.0,0.0,198,0.2468650200273087,198,0.0,0.0,0.0,0.0,0.0,592,1.0,160.0,32.0
0.0,seed,3.7750000953674316,0.0,0.0,0.0,0.0,0.0,0.0,198,0.2468650200273087,198,0.0,0.0,0.0,0.0,0.0,593,1.0,168.0,32.0
0.0,seed,3.3390002250671387,0.0,0.0,0.0,0.0,0.0,0.0,198,0.2468650200273087,198,0.0,0.0,0.0,0.0,0.0,594,1.0,184.0,24.0
0.0,seed,3.558000087738037,0.0,0.0,0.14320716282452314,0.025160492749950827,0.145400625444562,0.0,198,0.2468650200273087,198,0.0,0.0,0.12833489544912072,0.026199988568989238,0.1309820017825041,595,1.0,96.0,40.0
2.12531585870776,ambiguous,3.6560001373291016,0.048061874260529436,6.065766032916408,0.0008131609781443686,0.009146742539557258,0.009182817098326801,1.1532567739486694,199,0.26164481925107075,198,0.040497869911364504,5.6060031876181355,0.0007206928265042278,0.008106625762075903,0.008138598122313656,595,0.11939515064962894,95.79007720947266,40.28840255737305
2.6360475662645615,static,3.695000171661377,0.07859594549004356,7.061784991338543,-0.046071789551554526,0.006269048365137412,0.04649635211376438,1.1640123128890991,200,0.2734369146971839,198,0.06491429508752855,6.231831700570546,-0.034372162257081465,0.0056446845678086565,0.03483257099464799,595,0.0716401461248708,95.89364624023438,40.430686950683594
0.0,seed,3.6470000743865967,0.0,0.0,0.0,0.0,0.0,0.0,198,0.2468650200273087,198,0.0,0.0,0.0,0.0,0.0,596,1.0,144.0,40.0
0.0,seed,3.8930001258850098,0.0,0.0,0.026421582798525425,0.07064814377856943,0.07542718513199835,0.0,198,0.2468650200273087,198,0.0,0.0,-0.025394780920209463,0.07118921033734928,0.0755830574033678,597,1.0,160.0,40.0
1.7144894031961428,drawer,3.9120001792907715,0.01975581280276195,4.925431142384575,0.028868592175350583,0.027951294753672116,0.04018296271547646,1.4580763578414917,200,0.2734369146971839,198,0.03343746320527741,5.12745155040912,0.003624123126491163,0.02695603689516037,0.027198569696386888,597,0.17913879605937727,166.51699829101562,40.53059387207031
1.4870286438699292,drawer,3.9040002822875977,0.013112525969294353,4.3513370981710935,0.00936618110049226,0.014673010678087758,0.017407544076247394,0.721393883228302,206,0.2996387806033801,198,0.04055534198863153,4.576531041481295,0.010323577957829325,0.013685493363844432,0.01714260745812053,597,0.2147736428969891,167.80645751953125,38.75590896606445
1.6418597457101543,drawer,3.9040002822875977,0.020823551130943585,4.671425557222465,-0.000788531105144004,0.00868711440863926,0.008722828558017605,0.8907478451728821,207,0.3002295680213606,198,0.04883091315602872,4.483201377561985,0.0007596531701732478,0.008544866457794491,0.00857856723005046,597,0.18545932606912993,167.95196533203125,38.913238525390625
1.3867894949865083,drawer,3.9130001068115234,0.0044578785653985875,4.146912357201477,-0.029525223077948273,0.022806987884427345,0.03730814246465542,0.9691575169563293,209,0.3002295680213606,198,0.032762195005153316,3.176855256812837,-0.02797703880263102,0.023772707088590087,0.03671316252359395,597,0.22924987418253037,167.84942626953125,38.68485641479492
0.0,seed,3.702000141143799,0.0,0.0,0.07179372959570325,0.015855111926970932,0.07352363010269374,0.0,198,0.2468650200273087,198,0.0,0.0,0.06440382998382249,0.015855111926970825,0.06632675094410916,598,1.0,96.0,48.0
2.089864654382191,ambiguous,3.8010001182556152,0.049303692425203494,5.888706831945458,-0.0717937295957041,0.015855111926970523,0.07352363010269447,0.4142864942550659,199,0.26164481925107075,198,0.041739688076039005,5.432119722895533,-0.06440382998382255,0.01585511192697084,0.06632675094410923,598,0.12370374474233349,95.81578826904297,48.34830856323242
0.0,seed,3.4110002517700195,0.0,0.0,0.07814487408249868,0.007001520705970661,0.0784579036016494,0.0,198,0.2468650200273087,198,0.0,0.0,0.07075497447061756,0.007001520705970557,0.07110054644328605,599,1.0,112.0,56.0
2.4486150888858598,static,3.5190000534057617,0.06876678607614117,6.277318240508776,-0.07814487408249868,0.007001520705970661,0.0784579036016494,0.5788557529449463,199,0.26164481925107075,198,0.06120278172697624,5.735104830700669,-0.07075497447061789,0.007001520705970966,0.07110054644328642,599,0.04180355580593225,110.77532958984375,56.275394439697266
0.0,seed,3.2090001106262207,0.0,0.0,0.07561816311593106,0.006353323111756689,0.0758845920302003,0.0,198,0.2468650200273087,198,0.0,0.0,0.06233221578099321,0.006353323111756924,0.06265516609770247,600,1.0,120.0,56.0
2.2696194801641716,static,3.328000068664551,0.07805918316569249,5.8519872888748825,-0.07561816311593059,0.00635332311175679,0.07588459203019984,1.2896376848220825,200,0.2734369146971839,198,0.06437753276317792,4.800825755677313,-0.06233221578099328,0.006353323111756643,0.0626551660977025,600,0.10334339303547378,119.98943328857422,56.982826232910156
0.0,seed,3.634000062942505,0.0,0.0,0.0,0.0,0.0,0.0,198,0.2468650200273087,198,0.0,0.0,0.0,0.0,0.0,601,1.0,136.0,48.0
0.0,seed,3.8650002479553223,0.0,0.0,0.0,0.0,0.0,0.0,198,0.2468650200273087,198,0.0,0.0,0.0,0.0,0.0,602,1.0,144.0,56.0
0.0,seed,3.7360000610351562,0.0,0.0,0.1283489831398222,0.01996835605713391,0.12989302027688338,0.0,198,0.2468650200273087,198,0.0,0.0,0.1002096159051748,0.017914801598661535,0.10179836558698802,603,1.0,104.0,64.0
2.244718707036328,ambiguous,3.8540000915527344,0.07482733170899314,4.946102176149132,-0.020330160370968475,0.009120426661391406,0.02228222617233557,0.9890860915184021,199,0.26164481925107075,198,0.06726332735982865,4.460869939955105,-0.03368972838185359,0.009433212277790263,0.03498547258964676,603,0.10574439353219758,104.42958068847656,64.56330871582031
2.1208253995402164,static,3.8480002880096436,0.0617666883300374,6.108049271866401,-0.027226584971020398,0.010874423142763656,0.02931791274753487,1.111454963684082,200,0.2734369146971839,198,0.048085037927521945,5.241673608710402,-0.02879405753579231,0.011130929772597742,0.030870622717674823,603,0.11967574115559092,104.52056884765625,64.2945327758789
1.263004757287182,static,3.8480002880096436,0.03858380245713633,4.557072000636696,0.020521997257398155,0.0110529715953138,0.023309237493308765,1.3889607191085815,203,0.2815773461555924,198,0.020196644766101723,3.4730629948145046,0.027094956151034365,0.011645923296653052,0.02949176458365964,603,0.27410101015342375,111.22164154052734,64.75505828857422
0.0,seed,3.5200002193450928,0.0,0.0,0.12777222469583907,0.013821312079316556,0.12851758662267918,0.0,198,0.2468650200273087,198,0.0,0.0,0.11162846639913636,0.011374998801316661,0.11220652881340315,604,1.0,112.0,64.0
1.9411959999191506,static,3.6060001850128174,0.04763864848508126,5.523127642750687,0.0006906531146912886,0.007768727710766966,0.007799367408249935,1.0488804578781128,199,0.26164481925107075,198,0.04007464413591677,4.988041297812141,-0.0006733059582494912,0.009490510425329305,0.009514364353265987,604,0.13084731605510552,111.50407409667969,64.46931457519531
2.470393208315408,static,3.6520001888275146,0.0872090141149271,5.900441825784711,-0.04040744541051773,0.021604706600186995,0.04582057389300285,1.3513857126235962,200,0.2734369146971839,198,0.07352736371241164,4.951292417305903,-0.02997930903734567,0.01914330794902962,0.03557000435181385,604,0.08432233139350505,112.30426788330078,64.59481811523438
0.0,seed,3.1450002193450928,0.0,0.0,0.07554339808429214,0.010538161870550464,0.07627488347897855,0.0,198,0.2468650200273087,198,0.0,0.0,0.06225745074935475,0.010538161870550625,0.06314303627018786,605,1.0,128.0,64.0
2.4159139973870523,static,3.2720000743865967,0.09150211452821644,5.420832453611178,-0.07554339808429214,0.010538161870550464,0.07627488347897855,0.9080612659454346,200,0.2734369146971839,198,0.07782046412570143,4.297048452516684,-0.062257450749354376,0.010538161870550396,0.06314303627018746,605,0.08624746570322635,128.13421630859375,65.10465240478516
0.0,seed,3.8390002250671387,0.0,0.0,0.0,0.0,0.0,0.0,198,0.2468650200273087,198,0.0,0.0,0.0,0.0,0.0,606,1.0,136.0,64.0
0.0,seed,2.814000129699707,0.0,0.0,0.0,0.0,0.0,0.0,198,0.2468650200273087,198,0.0,0.0,0.0,0.0,0.0,607,1.0,248.0,64.0
0.0,seed,3.881000280380249,0.0,0.0,0.0,0.0,0.0,0.0,198,0.2468650200273087,198,0.0,0.0,0.0,0.0,0.0,608,1.0,104.0,72.0
0.0,seed,3.7850000858306885,0.0,0.0,0.14502745533412642,0.00703204433051145,0.1451978389927285,0.0,198,0.2468650200273087,198,0.0,0.0,0.12674136432648364,0.010645225846806041,0.12718763408707612,609,1.0,112.0,80.0
2.311091956469756,static,3.9010002613067627,0.07934817054677712,4.887687410517123,-0.002146253673779394,0.011975285676231816,0.012166095177154189,1.2424205541610718,199,0.26164481925107075,198,0.07178416619761219,4.368624225654091,-0.005652545457660211,0.01442313368972408,0.015491225115612026,609,0.06937183832404391,111.82799530029297,80.88142395019531
2.1736889487400717,static,3.9050002098083496,0.07750970711057281,5.351967998165937,-0.008394275338999979,0.005460594385927629,0.010014087552771223,1.4635075330734253,200,0.2734369146971839,198,0.0638280567080578,4.428086006705701,-0.00010847167676795952,7.056235413667526e-05,0.00012940305437725286,609,0.11308254195857145,112.67915344238281,80.65918731689453
0.0,seed,3.3610000610351562,0.0,0.0,0.07266622685877325,0.00895045938733639,0.0732153757699505,0.0,198,0.2468650200273087,198,0.0,0.0,0.05938027952383551,0.008950459387336325,0.06005104761428559,610,1.0,128.0,80.0
2.3128175049228723,static,3.4830002784729004,0.0891097357038908,5.113932177205161,-0.07266622685877287,0.008950459387336211,0.07321537576995012,1.2641445398330688,200,0.2734369146971839,198,0.07542808530137579,4.017371093874209,-0.0593802795238355,0.008950459387336348,0.060051047614285584,610,0.09897868402912918,128.2982940673828,81.09259033203125
0.0,seed,3.5390002727508545,0.0,0.0,0.07053547655708262,0.01095090552377414,0.07138050003274969,0.0,198,0.2468650200273087,198,0.0,0.0,0.057249529222144865,0.010950905523774127,0.05828748517433091,611,1.0,136.0,80.0
2.286530281100995,static,3.6620001792907715,0.09141273058605481,4.680199247742112,-0.07053547655708223,0.01095090552377405,0.07138050003274929,1.443149447441101,200,0.2734369146971839,198,0.0777310801835398,3.614838431861684,-0.057249529222144865,0.010950905523774127,0.05828748517433091,611,0.10160825052913336,136.21656799316406,81.71537017822266
0.0,seed,2.4060001373291016,0.0,0.0,0.0,0.0,0.0,0.0,198,0.2468650200273087,198,0.0,0.0,0.0,0.0,0.0,612,1.0,208.0,80.0
0.0,seed,2.580000162124634,0.0,0.0,0.04040771030246767,0.03849588326608582,0.055809641463856925,0.0,198,0.2468650200273087,198,0.0,0.0,0.013725436305441655,0.0384958832660856,0.04086955627616754,613,1.0,224.0,72.0
2.1152512913436494,static,2.6630001068115234,0.10709268953183582,3.8604159903998236,-0.040407710302467294,0.03849588326608568,0.05580964146385656,1.0191233158111572,212,0.3002295680213606,198,0.07871033495581337,2.328075399866141,-0.013725436305441535,0.03849588326608574,0.040869556276167625,613,0.11901639873607729,230.1060333251953,72.44307708740234
0.0,seed,2.615000009536743,0.0,0.0,0.0,0.0,0.0,0.0,198,0.2468650200273087,198,0.0,0.0,0.0,0.0,0.0,614,1.0,232.0,72.0
0.0,seed,2.6720001697540283,0.0,0.0,0.0,0.0,0.0,0.0,198,0.2468650200273087,198,0.0,0.0,0.0,0.0,0.0,615,1.0,240.0,72.0
0.0,seed,3.699000120162964,0.0,0.0,0.0,0.0,0.0,0.0,198,0.2468650200273087,198,0.0,0.0,0.0,0.0,0.0,616,1.0,120.0,88.0
0.0,seed,3.4810001850128174,0.0,0.0,0.0,0.0,0.0,0.0,198,0.2468650200273087,198,0.0,0.0,0.0,0.0,0.0,617,1.0,144.0,88.0
0.0,seed,2.365000009536743,0.0,0.0,0.0,0.0,0.0,0.0,198,0.2468650200273087,198,0.0,0.0,0.0,0.0,0.0,618,1.0,200.0,88.0
0.0,seed,2.936000108718872,0.0,0.0,0.0,0.0,0.0,0.0,198,0.2468650200273087,198,0.0,0.0,0.0,0.0,0.0,619,1.0,224.0,88.0
0.0,seed,3.7380001544952393,0.0,0.0,0.0,0.0,0.0,0.0,198,0.2468650200273087,198,0.0,0.0,0.0,0.0,0.0,620,1.0,128.0,104.0
0.0,seed,3.7700002193450928,0.0,0.0,0.07321882010978145,0.010489580029315883,0.07396639039090633,0.0,198,0.2468650200273087,198,0.0,0.0,0.05993287277484371,0.010489580029315824,0.060843902966829996,621,1.0,136.0,96.0
2.341812611313068,static,3.890000104904175,0.0919579094296914,4.8948829372695615,-0.07321882010978145,0.010489580029315883,0.07396639039090633,1.2491902112960815,200,0.2734369146971839,198,0.07827625902717639,3.8589415864379584,-0.05993287277484408,0.010489580029316006,0.06084390296683039,621,0.09615319181321287,136.51556396484375,96.76050567626953
0.0,seed,3.5860002040863037,0.0,0.0,0.0,0.0,0.0,0.0,198,0.2468650200273087,198,0.0,0.0,0.0,0.0,0.0,622,1.0,144.0,96.0
0.0,seed,3.3390002250671387,0.0,0.0,0.0,0.0,0.0,0.0,198,0.2468650200273087,198,0.0,0.0,0.0,0.0,0.0,623,1.0,160.0,104.0
0.0,seed,3.125000238418579,0.0,0.0,0.0,0.0,0.0,0.0,198,0.2468650200273087,198,0.0,0.0,0.0,0.0,0.0,624,1.0,168.0,104.0
0.0,seed,2.567000150680542,0.0,0.0,0.0,0.0,0.0,0.0,198,0.2468650200273087,198,0.0,0.0,0.0,0.0,0.0,625,1.0,200.0,96.0
0.0,seed,2.9220001697540283,0.0,0.0,0.0,0.0,0.0,0.0,198,0.2468650200273087,198,0.0,0.0,0.0,0.0,0.0,626,1.0,208.0,104.0
0.0,seed,3.390000104904175,0.0,0.0,0.0,0.0,0.0,0.0,198,0.2468650200273087,198,0.0,0.0,0.0,0.0,0.0,627,1.0,224.0,104.0
0.0,seed,3.4080002307891846,0.0,0.0,0.0,0.0,0.0,0.0,198,0.2468650200273087,198,0.0,0.0,0.0,0.0,0.0,628,1.0,232.0,96.0
0.0,seed,3.88700008392334,0.0,0.0,0.0,0.0,0.0,0.0,198,0.2468650200273087,198,0.0,0.0,0.0,0.0,0.0,629,1.0,128.0,112.0
0.0,seed,3.633000135421753,0.0,0.0,0.0,0.0,0.0,0.0,198,0.2468650200273087,198,0.0,0.0,0.0,0.0,0.0,630,1.0,144.0,112.0
0.0,seed,3.4220001697540283,0.0,0.0,0.0,0.0,0.0,0.0,198,0.2468650200273087,198,0.0,0.0,0.0,0.0,0.0,631,1.0,160.0,112.0
0.0,seed,3.261000156402588,0.0,0.0,0.0,0.0,0.0,0.0,198,0.2468650200273087,198,0.0,0.0,0.0,0.0,0.0,632,1.0,168.0,112.0
0.0,seed,3.446000099182129,0.0,0.0,0.0,0.0,0.0,0.0,198,0.2468650200273087,198,0.0,0.0,0.0,0.0,0.0,633,1.0,184.0,112.0
0.0,seed,2.9010000228881836,0.0,0.0,0.0,0.0,0.0,0.0,198,0.2468650200273087,198,0.0,0.0,0.0,0.0,0.0,634,1.0,200.0,112.0
0.0,seed,3.130000114440918,0.0,0.0,0.0,0.0,0.0,0.0,198,0.2468650200273087,198,0.0,0.0,0.0,0.0,0.0,635,1.0,208.0,112.0
0.0,seed,3.384000062942505,0.0,0.0,0.0,0.0,0.0,0.0,198,0.2468650200273087,198,0.0,0.0,0.0,0.0,0.0,636,1.0,216.0,112.0
0.0,seed,3.207000255584717,0.0,0.0,0.0,0.0,0.0,0.0,198,0.2468650200273087,198,0.0,0.0,0.0,0.0,0.0,637,1.0,176.0,120.0
0.0,seed,2.92900013923645,0.0,0.0,0.04380786027487103,0.02270496678596746,0.04934211323620532,0.0,198,0.2468650200273087,198,0.0,0.0,0.0018294748395098577,0.02057862562192894,0.020659787285350006,638,1.0,184.0,128.0
0.693758830797722,static,2.951000213623047,0.03354040364363842,3.8109616579300187,-0.009206457851770773,0.014422789066004466,0.017110689951573832,1.3943443298339844,211,0.3002295680213606,198,0.00497474876816284,2.0475604100832414,0.002179704706919826,0.021425353140873144,0.021535943671464483,638,0.46427632792805273,190.65216064453125,130.01141357421875
1.5901936155252223,static,3.01200008392334,0.08777116641778981,3.7155664623511035,-0.03712028737807905,0.03833382746869309,0.05336101632681581,1.4447951316833496,212,0.3002295680213606,198,0.059388811841767364,1.7084766303186119,-0.02573412481938845,0.03570907953510795,0.04401571925419974,638,0.20317901135424976,190.36129760742188,128.25601196289062
0.0,seed,3.3560001850128174,0.0,0.0,0.0,0.0,0.0,0.0,198,0.2468650200273087,198,0.0,0.0,0.0,0.0,0.0,639,1.0,200.0,128.0
0.0,seed,3.616000175476074,0.0,0.0,0.0,0.0,0.0,0.0,198,0.2468650200273087,198,0.0,0.0,0.0,0.0,0.0,640,1.0,216.0,120.0
0.0,seed,3.3340001106262207,0.0,0.0,0.01927223928061018,0.012500891814295614,0.022971536801916784,0.0,198,0.2468650200273087,198,0.0,0.0,-0.007157487023766928,0.011428677624528495,0.013484965433429566,641,1.0,192.0,136.0
0.3356910844932165,ambiguous,3.3350002765655518,0.016875992771074433,1.1223972790338947,-0.0036622138983501418,0.005737205277090876,0.006806418663933944,1.4519222974777222,204,0.28446401290015544,198,0.002876998273800613,0.9836857949160751,0.007507052670119475,0.004883443538581971,0.008955660812383748,641,0.714843386780071,199.19664001464844,137.44325256347656
0.31083831945388557,drawer,3.31600022315979,0.003892615960841006,0.8856362490258912,0.019403106612099513,0.014609655277739752,0.02428832175212789,1.4234299659729004,206,0.2996387806033801,198,0.031335431980178186,3.0092365679452806,0.04574714088379361,0.013476048327175316,0.04769072003606179,641,0.7327011793497101,199.33697509765625,137.32696533203125
1.8410834963777911,static,3.4110002517700195,0.09903120303856205,1.4069317813312177,-0.042438743092217734,0.0693722222912693,0.08132374893520675,1.3220759630203247,209,0.3002295680213606,198,0.07072688659880733,1.5389609224843703,-0.015503921402543076,0.07069920225757385,0.07237920128540773,641,0.1586430204530233,200.5730438232422,136.9698486328125
0.49716506302654023,static,3.3550002574920654,0.04490779121014565,2.60814946316149,-0.03393531481166108,0.020318812011569622,0.039553251610051604,1.3144234418869019,211,0.3002295680213606,198,0.016342136334670077,0.8498911175290891,-0.0070004931219864236,0.020844093210170937,0.02198824971900386,641,0.5814103364997066,200.330078125,137.3740234375
0.0,seed,3.313000202178955,0.0,0.0,0.004744769549400495,0.0034401616161666634,0.005860678290288984,0.0,201,0.2758790548320902,201,0.0,0.0,0.003879746500395985,0.0034401616161672246,0.00518528155963446,642,1.0,136.0,24.0
0.23751558585230467,ambiguous,3.317000150680542,0.007121619983276872,0.5764819953433178,-0.004744769549399751,0.0034401616161669965,0.005860678290288576,1.1108583211898804,202,0.27760910093009805,201,0.0062074958498175015,0.5394207357192766,-0.003879746500395945,0.003440161616166865,0.005185281559634192,642,0.7885846001221879,136.7599334716797,23.389284133911133
0.0,seed,3.1540000438690186,0.0,0.0,0.005650778174874195,0.0024465675713810963,0.006157677067122645,0.0,201,0.2758790548320902,201,0.0,0.0,0.00478575512587039,0.0024465675713809735,0.005374862324388199,643,1.0,144.0,32.0
0.22268907723531087,ambiguous,3.1560001373291016,0.005167271994118483,0.651433431462901,-0.005650778174874156,0.0024465675713809306,0.006157677067122543,1.2064012289047241,202,0.27760910093009805,201,0.004253147860658668,0.5869937825507271,-0.00478575512587039,0.0024465675713809735,0.005374862324388199,643,0.8003636618943119,144.5872344970703,31.1241455078125
0.0,seed,3.2200002670288086,0.0,0.0,0.008473159446346648,0.0017565376776271084,0.008653314718426522,0.0,201,0.2758790548320902,201,0.0,0.0,0.007608136397342469,0.0017565376776271181,0.007808275357176571,644,1.0,160.0,32.0
0.3280711850023013,ambiguous,3.2260000705718994,0.010472727630768564,0.7433520943179602,-0.008473159446345864,0.0017565376776269826,0.008653314718425727,1.3994855880737305,202,0.27760910093009805,201,0.009558603497309193,0.6743422756684755,-0.007608136397342469,0.0017565376776271181,0.007808275357176571,644,0.720311742487192,160.51722717285156,31.113149642944336
0.0,seed,3.2960002422332764,0.0,0.0,0.023304338217747404,0.013427364498034425,0.026895841632680644,0.0,201,0.2758790548320902,201,0.0,0.0,0.021574292119739085,0.013427364498034817,0.025411497355152485,645,1.0,168.0,32.0
0.5342942591888913,ambiguous,3.3010001182556152,0.01022302459370783,1.5089431372789373,0.0,0.0,0.0,0.47035717964172363,202,0.27760910093009805,201,0.00930890046024846,1.4428427815822578,0.0,0.0,0.0,645,0.5860827667511581,167.76626586914062,31.252328872680664
1.1011601094733285,ambiguous,3.320000171661377,0.03714106422489838,2.3031797239023093,-0.029734557446013925,0.013193596490271452,0.03253021510624247,1.3186819553375244,203,0.2815773461555924,201,0.03412267298406091,2.088893299126667,-0.02576631222051972,0.013193596490271508,0.028947777700428206,645,0.3324851407118268,167.79933166503906,30.44619369506836
0.0,seed,3.5520002841949463,0.0,0.0,0.010134476365971172,0.014472808860293113,0.017668327807662136,0.0,201,0.2758790548320902,201,0.0,0.0,0.009269453316967366,0.014472808860293005,0.017186767034611628,646,1.0,184.0,24.0
0.6448025184399883,ambiguous,3.5450000762939453,0.00045076503484686725,1.9981229111575323,-0.010134476365971878,0.014472808860292561,0.017668327807662088,0.7554159760475159,202,0.27760910093009805,201,0.00046335909861250357,1.9340953681950925,-0.009269453316967366,0.014472808860293005,0.017186767034611628,646,0.5247661635152098,183.36744689941406,23.379207611083984
0.0,seed,3.806000232696533,0.0,0.0,0.025773322718634244,0.02272332877526553,0.034360061620836456,0.0,201,0.2758790548320902,201,0.0,0.0,0.012198961122858724,0.026983144712658853,0.029612577582191452,647,1.0,96.0,40.0
0.7600303476252371,ambiguous,3.8360002040863037,0.029210263540760728,0.8631575626031114,-0.010923303029329041,0.012635562117230886,0.01670257402584851,0.5665100812911987,202,0.27760910093009805,201,0.0282961394073018,0.8336893583142032,-0.02276761852709624,0.018799318521242846,0.029525901006718154,647,0.4676522346597995,96.44268035888672,39.378440856933594
0.7265252211733323,ambiguous,3.832000255584717,0.02675241559104613,1.3547423276769524,-0.012637257085507555,0.0035284774463485,0.013120610493974772,1.1358532905578613,203,0.2815773461555924,201,0.023734024350209104,1.25776212727878,-0.020513327357780903,0.009481139998986716,0.022598420629943772,647,0.483586429923761,96.76302337646484,38.917640686035156
0.45344201940006923,ambiguous,3.7890002727508545,0.006334052412627855,1.274680645224612,0.043604834478520815,0.0037862607229166498,0.04376890860143875,0.4476030170917511,204,0.28446401290015544,201,0.01084424236406134,1.3933461401319567,0.03861543095081083,0.0054762098427459755,0.03900179972461049,647,0.6354371959728963,96.10671997070312,39.39247131347656
0.3550893603598657,ambiguous,3.7970001697540283,2.7271937489192766e-05,1.0652661174209128,0.03325041598274026,0.004248060758250027,0.0335206829171342,0.14823544025421143,205,0.29123566231989506,201,0.008048685569278291,1.2637994941843465,0.035032661874769944,0.008585122409122488,0.036069262881455955,647,0.7011107888968067,95.96864318847656,39.673431396484375
0.9227796978799644,drawer,3.755000114440918,0.025695388884678927,1.987404879859974,0.08037741072979315,0.004129605772927339,0.08048342561959985,0.40781381726264954,206,0.2996387806033801,201,0.038050653620294916,2.5670124445728866,0.09056277490530808,0.004724191273316447,0.0906859094994166,647,0.39741281674789813,95.57090759277344,39.34770202636719
0.5188554486758263,ambiguous,3.806000232696533,0.01059496462026388,1.3384596056649296,0.021361196831528026,0.0026213055476511852,0.021521430548395937,0.485182523727417,207,0.3002295680213606,201,0.002184936344408861,1.5955778631184858,0.0321373484250232,0.007314648265983736,0.032959266421545244,647,0.5952013968095166,95.59076690673828,39.5067024230957
0.7183458231981762,ambiguous,3.832000255584717,0.02652359440747709,2.106579788566366,-0.01155468800669401,0.012564441294104382,0.017069739305713896,0.21459895372390747,208,0.3002295680213606,201,0.013607658017880997,1.8980554493325883,-0.0007785364131988391,0.008309462002131429,0.00834585392344861,647,0.4875580965676838,96.176513671875,39.457183837890625
0.8775299219704501,ambiguous,3.828000068664551,0.023993708398439395,2.7153940195594015,-0.010791449443349336,0.02454792405012897,0.026815218743453592,0.2582506835460663,209,0.3002295680213606,201,0.011078305632236773,2.4980350402614757,-1.5297849854164526e-05,0.019257115666000534,0.01925712174230441,647,0.41580872423572046,95.74060821533203,39.43936538696289
1.3054037285549887,static,3.8620002269744873,0.04551321900522076,3.502085967080066,-0.052653430481703886,0.027090206197210923,0.05921370629591623,0.604673445224762,210,0.3002295680213606,201,0.03247141146603427,3.066879829097005,-0.04187727888820872,0.021607640584644566,0.047123206795760306,647,0.2710630770470199,96.5127944946289,39.31755065917969
1.6227313014570999,static,3.883000135421753,0.0656227277030359,3.276036903037578,-0.07072344373744395,0.022445627317886106,0.07419980916267126,0.41632547974586487,211,0.3002295680213606,201,0.05258807488665784,2.85365428467715,-0.05994729214394877,0.019724281805526347,0.06310883557898814,647,0.1973589155697641,96.26876831054688,39.58930206298828
2.1055088893444203,static,3.9040002822875977,0.09010753598240573,2.7840938662595023,-0.08132062908086302,0.0345854260362636,0.0883696577350912,0.4644763171672821,212,0.3002295680213606,201,0.07715652401987505,2.5322238061749447,-0.07054447748736792,0.036103964262815876,0.07924657430738848,647,0.1217836840781927,95.99480438232422,39.28346633911133
0.0,seed,3.189000129699707,0.0,0.0,0.02468200673611439,0.016396129666684113,0.02963164734820383,0.0,201,0.2758790548320902,201,0.0,0.0,0.011151637506974713,0.020327131829466175,0.02318515273832506,648,1.0,120.0,40.0
0.6810925706215599,ambiguous,3.2130000591278076,0.025025344267000094,1.0009164690574859,-0.007623017380588085,0.010313126659675813,0.012824623794999369,0.7337344884872437,202,0.27760910093009805,201,0.02411122013354028,0.9512543250665129,-0.01942334051171979,0.0157357412656505,0.024997594080505253,648,0.5060632971702536,120.21961212158203,39.28468704223633
0.8993021472568149,ambiguous,3.2180001735687256,0.03346160500154527,1.5766601487297716,-0.01823479828834388,0.007997873345782678,0.019911651028274125,1.212852120399475,203,0.2815773461555924,201,0.030443213760708687,1.4371880733207192,-0.026066876193981424,0.01263027148230814,0.02896559670072691,648,0.4055289299930856,120.45824432373047,38.89463806152344
0.35669665085851976,ambiguous,3.1740002632141113,0.004321112540646155,1.0198345111661178,0.031871275155068546,0.005709004980290946,0.03237855645137807,0.845427393913269,204,0.28446401290015544,201,0.008831302492079196,1.0703219365575425,0.026925863993994114,0.00427244753227667,0.027262721062636535,648,0.6987877495014654,119.78955078125,38.94074630737305
0.4453616007776686,ambiguous,3.1650002002716064,0.014903669986269907,0.7319160415066325,0.03712061004839121,0.014734546176388552,0.03993803376968938,0.6805152297019958,205,0.29123566231989506,201,0.022979627493036947,0.7329627325440682,0.03894684830705601,0.012844163568707592,0.041010114981947406,648,0.6405697623543681,119.68416595458984,39.05559539794922
0.46286421472001277,drawer,3.1560001373291016,0.012222912329164615,1.0429845930089845,0.04876790155107373,0.0065917837882122285,0.04921137912318407,1.461498498916626,206,0.2996387806033801,201,0.024578177064781492,1.8214206124531362,0.05899725809322415,0.009511127834256733,0.059758999449439215,648,0.6107892538128501,119.40737915039062,38.480987548828125
0.35123195510608435,ambiguous,3.189000129699707,0.009945679604629554,0.8849564380093253,0.013620164070806337,0.004148156458667162,0.014237839419001254,1.096246361732483,207,0.3002295680213606,201,0.0028342213600431876,1.0320321779390305,0.024440308030936574,0.009204648822328727,0.026116167724026057,648,0.6741080346563765,119.48228454589844,38.854827880859375
0.5823351486855803,ambiguous,3.196000099182129,0.012327143182093714,2.2326777367957833,-0.0021061959155716115,0.014230707684769894,0.014385725648855516,0.9291239976882935,208,0.3002295680213606,201,0.0005887932075019364,1.7464472416724075,0.008713948044558995,0.008784567046236105,0.012373419443027497,648,0.5452844527838049,119.71905517578125,38.89200210571289
0.7220499469995687,static,3.2060000896453857,0.024161533225433907,2.498556332465021,-0.015231509009863727,0.01312332888009923,0.020105238810141163,1.2056676149368286,209,0.3002295680213606,201,0.011246130459231729,1.9951893959439375,-0.004411365049733121,0.00851141367921782,0.009586673271828092,648,0.46706183322090733,119.49686431884766,38.54515075683594
1.214441974049685,static,3.2310001850128174,0.04104752036545101,3.654712361424653,-0.04657322127525988,0.019133905589653284,0.05035048443727314,1.0060287714004517,210,0.3002295680213606,201,0.02800571282626496,2.9769151904530533,-0.03575307731512964,0.01446761024137997,0.03856934383157329,648,0.18694594929632455,120.01107025146484,38.732086181640625
1.2180835634632547,static,3.2320001125335693,0.040768898029863276,3.7142587198500787,-0.04874691949973775,0.018250777600079048,0.052051446125169855,0.9611769914627075,211,0.3002295680213606,201,0.027734245213484776,3.0044739301464225,-0.03792677553960712,0.01331264237749503,0.04019535731776516,648,0.2932412608948728,119.44405364990234,38.79636001586914
1.1931716993993466,static,3.241000175476074,0.05093569708077039,2.6607462120949266,-0.04132879974189681,0.016364783695814466,0.04445082489129538,1.3340717554092407,212,0.3002295680213606,201,0.03798468511824016,2.1672503618320236,-0.03050865578176617,0.01702060648383451,0.034935356341217465,648,0.1488227767320646,119.67000579833984,38.38042449951172
0.0,seed,2.9680001735687256,0.0,0.0,0.0,0.0,0.0,0.0,201,0.2758790548320902,201,0.0,0.0,0.0,0.0,0.0,649,1.0,136.0,40.0
0.0,seed,3.7210001945495605,0.0,0.0,0.0,0.0,0.0,0.0,201,0.2758790548320902,201,0.0,0.0,0.0,0.0,0.0,650,1.0,152.0,40.0
0.0,seed,3.7330002784729004,0.0,0.0,0.0,0.0,0.0,0.0,201,0.2758790548320902,201,0.0,0.0,0.0,0.0,0.0,651,1.0,160.0,40.0
0.0,seed,3.872000217437744,0.0,0.0,0.06187926864970836,0.06806156721142707,0.09198598164882726,0.0,201,0.2758790548320902,201,0.0,0.0,0.03752875546043771,0.06806156721142716,0.07772248334738764,652,1.0,168.0,40.0
1.8477142300876341,drawer,3.828000068664551,0.026408250490937313,5.177217409565638,0.0001974415261468929,0.0022208970361613494,0.002229656207014319,0.8987832069396973,212,0.3002295680213606,201,0.03935926245346799,4.398124614558115,0.0001974415261468929,0.0022208970361613494,0.002229656207014319,652,0.1548837914515255,167.1110076904297,32.748504638671875
1.8747320973771742,ambiguous,3.8580002784729004,0.014367379115163281,6.052455293096918,-0.024998733864013183,0.004659210410700663,0.02542921423196047,1.2782399654388428,213,0.3002295680213606,201,0.027407712987210786,5.235091314340756,-0.024998733864013183,0.004659210410700663,0.02542921423196047,652,0.15338715115013682,168.41702270507812,32.472740173339844
0.0,seed,3.826000213623047,0.0,0.0,0.04806952275569647,0.03541109232874259,0.059704476196305006,0.0,201,0.2758790548320902,201,0.0,0.0,0.03501540608472047,0.03621181615332773,0.050372356430886646,653,1.0,104.0,56.0
1.2473412187616024,ambiguous,3.875000238418579,0.048050733661856526,1.2368126819301906,0.000307139296421457,0.003454819087062807,0.003468444820339478,0.7908805012702942,202,0.27760910093009805,201,0.0471366095283976,1.2266942493492874,-0.011016931276546214,0.005410797232081853,0.012273935857696455,653,0.2872658175118659,104.27300262451172,55.962440490722656
1.1824523131689846,ambiguous,3.870000123977661,0.04440796245459122,1.7392123053826565,0.0041315730886642,0.009755630034692882,0.010594442579049455,1.2077579498291016,203,0.2815773461555924,201,0.041389571213754195,1.7168496881467152,-0.0032242522588096785,0.00623468343959089,0.0070190512336318085,653,0.30652063699754245,104.7599105834961,55.761844635009766
1.559634868084266,ambiguous,3.879000186920166,0.062048045934577356,1.7638873232481975,-0.0050882837948605375,0.011755218326970764,0.012809207231198569,0.5803065299987793,204,0.28446401290015544,201,0.05753785598314387,1.8083129971197955,-0.009557442397770935,0.011888715392450247,0.015254057128167341,653,0.2102124617660403,103.47958374023438,55.73923873901367
0.5352930764750912,ambiguous,3.821000099182129,0.002862899557839249,1.591459867208158,0.05159326867233557,0.02619441874595491,0.05786201643335839,0.07179133594036102,205,0.29123566231989506,201,0.005213057948927791,1.714196994723089,0.05389575948916478,0.02379971067268863,0.058916713409843086,653,0.5854962036719131,103.54376220703125,56.11690139770508
2.045231691181811,static,3.890000104904175,0.08610823464656558,2.2975903436139706,-0.016575010795196597,0.032786598796606926,0.03673815514571398,1.0005667209625244,206,0.2996387806033801,201,0.0737529699109487,2.6551013776172194,-0.005869401694882144,0.03346875428460069,0.03397951426402182,653,0.12927208534003956,102.45783233642578,55.87347412109375
1.3811606549960607,static,3.879000186920166,0.061979567501966315,1.8426003496327368,-0.01207337711691938,0.010031784802540323,0.01569723355664403,0.6665759086608887,207,0.3002295680213606,201,0.049199666537293574,1.8848149418881541,-0.0007769805986247375,0.00873977193306711,0.008774241408387784,653,0.2512781292535733,102.9112548828125,55.70779037475586
0.0,seed,3.630000114440918,0.0,0.0,0.028147163834324758,0.031485077970152625,0.042232368708171104,0.0,201,0.2758790548320902,201,0.0,0.0,0.01232862107757225,0.03239829069964322,0.0346647391153164,654,1.0,112.0,56.0
1.037534775886962,ambiguous,3.6700000762939453,0.03974764353668725,1.1111838081376588,-0.010819520165932385,0.012822579801651125,0.016777382674026627,0.5441544055938721,202,0.27760910093009805,201,0.03883351940322832,1.0979836797936269,-0.02490801682467658,0.016203015906030935,0.02971442455423734,654,0.3543049263589951,112.33210754394531,55.872840881347656
0.5362950807333302,ambiguous,3.626000165939331,0.002164295378268122,1.6296555926318708,0.023319749086329413,0.024050875267890032,0.03350007908350316,1.09783935546875,203,0.2815773461555924,201,0.005182686619105148,1.5612247977917073,0.01319949765307901,0.021390849415771376,0.0251355361395345,654,0.5846765914619798,112.58724212646484,55.38119888305664
0.6216381293614005,ambiguous,3.638000249862671,0.01723848599781075,1.5926416859391226,0.0141982019889503,0.006551561187324538,0.01563687608540432,0.8928267955780029,204,0.28446401290015544,201,0.012728296046376819,1.6020618351080522,0.0069646173002633795,0.004692574964607419,0.008397985111774626,654,0.5370462660501341,111.38504028320312,55.45161819458008
0.4751112217524416,ambiguous,3.621000289916992,0.0009778136253570935,1.423445778808417,0.03249677544773701,0.01658517200044695,0.03648435753559397,0.5018056631088257,205,0.29123566231989506,201,0.009053771132124133,1.5196425387282226,0.03203484017878969,0.014376723767031554,0.03511297725277833,654,0.6218084064162094,111.51500701904297,55.895973205566406
0.7825873676184849,ambiguous,3.622000217437744,0.012782148867025889,2.1431182100559583,0.03356016340404114,0.00519227102873292,0.03395945002708026,1.03880774974823,206,0.2996387806033801,201,0.00042688413140901105,2.5671806338558545,0.041501346418579076,0.003687233015059939,0.041664822594873176,654,0.4431607305830149,110.65878295898438,55.76016616821289
0.7875512313589398,ambiguous,3.6530001163482666,0.031921770016148265,1.7662983337396414,-0.0002000645165467107,0.0022504014252253852,0.0022592769607636676,0.9133877754211426,207,0.3002295680213606,201,0.019141869051475524,1.8764513729313,0.008331905915971409,0.004575238189234733,0.009505443739291252,654,0.4540974568222764,111.06311798095703,55.7437629699707
1.567115942562987,static,3.693000078201294,0.0648857154031055,2.889525951769537,-0.046415316327123333,0.018268461403289284,0.04988104120595712,0.5930671691894531,208,0.3002295680213606,201,0.05196977901350941,2.628753608966628,-0.037883345894605215,0.01810925086852304,0.04198919936351971,654,0.20794203274973044,111.44161987304688,55.75967025756836
1.5544597449837867,static,3.684000253677368,0.05723692969798977,3.523605104368119,-0.040476005091180225,0.027807293847362167,0.04910756132465543,0.6649438142776489,209,0.3002295680213606,201,0.0443215269317867,3.270683192801143,-0.03194403465866211,0.025926772412048826,0.041141449633915216,654,0.21067561488083195,111.02101135253906,55.78559494018555
1.9208932113836634,static,3.7100002765655518,0.07377863952470776,3.9585171537014494,-0.07023896748230873,0.02711657974584191,0.07529157622266534,0.4013368785381317,210,0.3002295680213606,201,0.06073683198552171,3.529597858524069,-0.0617069970497906,0.0252833832024198,0.06668585270552721,654,0.14411013217413993,112.00640106201172,55.65411376953125
2.0331886020292695,static,3.7150001525878906,0.07775598157605934,4.15871678255025,-0.07824098143791477,0.027882400198362065,0.08306069718699541,0.43780744075775146,211,0.3002295680213606,201,0.06472132875968128,3.693564611989366,-0.06970901100539667,0.02599058834823474,0.0743966188615982,654,0.13075905150427444,111.31133270263672,55.76430130004883
0.0,seed,3.139000177383423,0.0,0.0,0.026098489414611993,0.010213122084477624,0.028025684870080496,0.0,201,0.2758790548320902,201,0.0,0.0,0.024368443316604448,0.010213122084477756,0.026422128839043445,655,1.0,128.0,48.0
0.551210952070713,ambiguous,3.1550002098083496,0.017229375304957717,1.1677590932531408,0.0,0.0,0.0,0.46344172954559326,202,0.27760910093009805,201,0.016315251171497902,1.112293747714979,0.0,0.0,0.0,655,0.5762515059686867,128.0098876953125,47.25761795043945
0.9505038858965993,ambiguous,3.1680002212524414,0.033872906386666735,1.8154533870039034,-0.01730764316809067,0.010966588882706229,0.020489523756208966,0.8757498264312744,203,0.2815773461555924,201,0.03085451514582971,1.6661670141276343,-0.013339397942596075,0.010966588882706275,0.017268630785132712,655,0.3863825003589863,128.1997833251953,46.95958709716797
0.0,seed,3.1010000705718994,0.0,0.0,0.0,0.0,0.0,0.0,201,0.2758790548320902,201,0.0,0.0,0.0,0.0,0.0,656,1.0,136.0,48.0
0.0,seed,3.754000186920166,0.0,0.0,0.0,0.0,0.0,0.0,201,0.2758790548320902,201,0.0,0.0,0.0,0.0,0.0,657,1.0,152.0,48.0
0.0,seed,3.8510000705718994,0.0,0.0,0.0,0.0,0.0,0.0,201,0.2758790548320902,201,0.0,0.0,0.0,0.0,0.0,658,1.0,160.0,48.0
0.0,seed,3.742000102996826,0.0,0.0,0.045917285044099684,0.024712096877808256,0.05214484440401832,0.0,201,0.2758790548320902,201,0.0,0.0,0.03339094898543947,0.026026144262599523,0.04233574918819629,659,1.0,112.0,64.0
1.0491448794467093,ambiguous,3.7830002307891846,0.04033134128189264,1.1073565385612092,0.0022823933016727187,0.0035755854950615526,0.004241948940760021,0.3472195267677307,202,0.27760910093009805,201,0.03941721714843327,1.0801326928485817,-0.008513896658979178,0.005538409740075102,0.010156791755703942,659,0.35023703254892685,112.14027404785156,63.60741424560547
0.6958623770102428,ambiguous,3.767000198364258,0.02597452336466821,1.222631495020507,0.01877651200025333,0.005282716934736557,0.01950549925298529,1.219170331954956,203,0.2815773461555924,201,0.02295613212383074,1.1805655500254977,0.011948467265095228,0.004445456721785696,0.012748645239801829,659,0.49864210323188735,112.99368286132812,63.29425811767578
0.6716995129864591,ambiguous,3.755000114440918,0.02136654594531251,1.5994763068619706,0.024434236900505557,0.01222351864171225,0.027321170196283946,0.9023370742797852,204,0.28446401290015544,201,0.016856355993879024,1.569188635532412,0.020492858909910934,0.01032704988064018,0.022947880632832877,659,0.5108394174028136,111.2123031616211,63.32365798950195
0.6711044013855985,ambiguous,3.761000156402588,0.02638384123100046,1.5692390676438925,0.015970416815631015,0.01020206858155975,0.01895089487617507,0.903388261795044,205,0.29123566231989506,201,0.01830788372423342,1.4724300990859687,0.018800688244775994,0.008362190559867654,0.020576494099743964,659,0.5111437580754575,111.014892578125,63.61335754394531
1.3374607435939643,static,3.7930002212524414,0.05917210590649313,2.108066404028502,-0.015202281979372258,0.019798489383723025,0.02496176194217347,1.443422555923462,207,0.3002295680213606,201,0.04639220494181995,1.998219168277788,-0.0033781048487618445,0.01848934380555966,0.01879540972496784,659,0.26251109381592586,110.4783935546875,63.631004333496094
1.45583945911425,static,3.8000001907348633,0.05874486288152525,3.0968382513660124,-0.03240381118424713,0.026340299011870877,0.04175905089078421,0.759362518787384,208,0.3002295680213606,201,0.04582892649192871,2.6946396224332103,-0.020579634053636716,0.024232949982036983,0.031792407939844856,659,0.23318983757664646,111.04753112792969,63.29888916015625
1.951156760092903,static,3.82200026512146,0.07245982855236743,4.268942508453938,-0.05828214823019562,0.041006566684387194,0.07126252390680243,0.29906153678894043,210,0.3002295680213606,201,0.059418021013180944,3.7952661241723598,-0.04645797109958521,0.03888149699542312,0.06058146488237959,659,0.14210765852030063,111.6260757446289,63.38127517700195
2.0928684065777157,static,3.827000141143799,0.07651647407257123,4.600801324135479,-0.06790067623098875,0.04342299161375416,0.08059812673576058,0.8816286325454712,211,0.3002295680213606,201,0.06348182125619317,4.092977136082241,-0.056076499100378326,0.041290455487411504,0.06963817534738143,659,0.12333281506386944,110.82931518554688,63.47840881347656
0.0,seed,3.324000120162964,0.0,0.0,0.008617203648443877,0.015838889315810827,0.018031267661405864,0.0,201,0.2758790548320902,201,0.0,0.0,0.006887157550436335,0.015838889315810994,0.017271460676012436,660,1.0,128.0,64.0
0.41262339745124305,ambiguous,3.3350002765655518,0.011579178570224613,0.9460293147016153,0.0,0.0,0.0,0.28867411613464355,202,0.27760910093009805,201,0.010665054436764798,0.9447306844202231,0.0,0.0,0.0,660,0.6619111978334721,128.547607421875,63.942626953125
0.7232661629082955,ambiguous,3.3440001010894775,0.02352730406351622,1.578291552524408,-0.014459541231450733,0.009561848670724734,0.01733514587841314,0.8144053220748901,203,0.2815773461555924,201,0.020508912822679637,1.5303801047783074,-0.010491296005956136,0.009561848670724826,0.014194937192056657,660,0.48510702757650936,128.71047973632812,63.55061721801758
0.0,seed,3.4050002098083496,0.0,0.0,0.019922204113703934,0.014570015140590946,0.024681563117945577,0.0,201,0.2758790548320902,201,0.0,0.0,0.01707305845195284,0.014570015140590671,0.022444925174765894,661,1.0,136.0,64.0
1.025764433514508,ambiguous,3.436000108718872,0.03593567933209396,1.9403372771856473,-0.019922204113703552,0.01457001514059066,0.024681563117945098,1.182746410369873,203,0.2815773461555924,201,0.03291728809125649,1.8370567143135343,-0.017073058451952505,0.0145700151405912,0.022444925174765984,661,0.35852212321234866,136.19696044921875,63.404945373535156
0.0,seed,3.806000232696533,0.0,0.0,0.04043590289127909,0.04126384641710629,0.05777341312201909,0.0,201,0.2758790548320902,201,0.0,0.0,0.02152556772205128,0.0419458598641808,0.047146635357171666,662,1.0,144.0,64.0
0.4694683342615648,ambiguous,3.81600022315979,0.012224008230595107,1.1630841859790066,0.021476627429385532,0.026207303581225583,0.033883156386900475,0.9723623991012573,202,0.27760910093009805,201,0.011309884097135736,1.1243181651490308,0.004296338358166044,0.026437666458623804,0.026784486761282002,662,0.6253346489250614,144.0336151123047,63.59693908691406
0.5478829318885754,ambiguous,3.806000232696533,0.006950033023624069,1.7359851553914452,0.022030707510801825,0.02489633322229768,0.03324423982199297,1.3491897583007812,203,0.2815773461555924,201,0.003931641782786599,1.6169821268369138,0.00881866366507617,0.0239994848072072,0.025568419971697582,662,0.5781725462768336,144.33241271972656,63.12765121459961
0.7928074225080951,ambiguous,3.7900002002716064,0.006576355487061036,2.326718707324061,0.03800871745873844,0.030427017795267238,0.04868743179478373,1.0957553386688232,205,0.29123566231989506,201,0.014652312993828076,2.1737806022357247,0.03445498977731586,0.0284244102042884,0.04466646858681124,662,0.4525723940818915,142.48170471191406,64.05927276611328
1.3333078445073805,static,3.8510000705718994,0.05492712919866216,2.4893681499886964,-0.005471844788730315,0.01633668277523442,0.017228705392181853,1.3089185953140259,207,0.3002295680213606,201,0.042147228233988976,2.4509592010281387,-3.1666768687464014e-05,0.01817955606880394,0.018179583648780997,662,0.2635836827566237,142.52108764648438,64.19126892089844
1.1201618630942856,static,3.8370001316070557,0.03958952273456262,3.0055077938462555,-0.006214596419277103,0.00964455394572603,0.011473387880940456,0.8953142166137695,208,0.3002295680213606,201,0.026673586344966527,2.7001457780927005,-0.0007744183992342514,0.007690728684373212,0.0077296204016570865,662,0.3262267140148476,143.37852478027344,63.69517135620117
1.3768115474089933,static,3.8410000801086426,0.045758004753869486,3.68416701566223,-0.017244185758130765,0.01926790498575564,0.025857573455392656,1.3249340057373047,209,0.3002295680213606,201,0.032842601987666864,3.3155934598925176,-0.011804007738087912,0.017491059906038938,0.02110146381930605,662,0.2523786700216149,142.8021240234375,63.44438552856445
1.283670542775202,static,3.8380002975463867,0.03714716459944922,3.898223568733239,-0.020106909413339914,0.02524776880320323,0.0322759606471482,0.9757441878318787,210,0.3002295680213606,201,0.024105357060262733,3.4002620071265857,-0.01466673139329706,0.022976825243661167,0.027258897777439034,662,0.2770171703209407,143.9765625,63.42708969116211
1.6203728770378785,static,3.8620002269744873,0.05959582196962465,3.8913967294236897,-0.03939839548172904,0.014381316350840168,0.04194109949104422,0.8998622298240662,211,0.3002295680213606,201,0.04656116915324615,3.381685664812868,-0.03395821746168619,0.012777906478077947,0.03628271526688259,662,0.19782489737627124,143.52847290039062,63.5449104309082
0.0,seed,3.9040002822875977,0.0,0.0,0.024259723487973946,0.024637821646459966,0.03457681939096952,0.0,201,0.2758790548320902,201,0.0,0.0,0.013017674724497172,0.02400470309182311,0.027307244931691562,663,1.0,112.0,72.0
0.809733457838055,ambiguous,3.93500018119812,0.02988464469330765,1.1178044928397506,-0.011674816901284022,0.00760406004798911,0.013932805851368604,0.5263828635215759,202,0.27760910093009805,201,0.02897052055984828,1.0862790772612387,-0.02118681956675248,0.005291058676624801,0.021837505014850305,663,0.44497522323300825,112.05945587158203,71.4867172241211
0.5670213894916458,ambiguous,3.9180002212524414,0.0215140318193332,1.163461526011339,0.0019587332981961737,0.003068541414221426,0.003640409667091671,0.6787682175636292,204,0.28446401290015544,201,0.017003841867899716,1.125726194511257,-0.000698357397215011,0.0007879702063026073,0.0010529008026711245,663,0.567208305275161,111.4997329711914,70.99532318115234
0.7565881896240476,ambiguous,3.9280002117156982,0.030758114795618408,1.5166535191090333,-0.005654886443732366,0.008840026833972139,0.010493989475735889,0.40137454867362976,205,0.29123566231989506,201,0.022682157288850924,1.502624284270313,-0.0015403277194039446,0.008052776640633315,0.008198769487373928,663,0.4692624476307381,111.20085906982422,71.77870178222656
1.1281621901876806,ambiguous,3.9240002632141113,0.03911461264199856,2.486985326054409,7.148614317087267e-05,0.029603569271738406,0.02960365558331065,1.4850176572799683,206,0.2996387806033801,201,0.026759347906382125,2.725233321518241,0.012589163150984541,0.029404295765087463,0.03198592875442024,663,0.3236259327985634,109.95516204833984,71.99712371826172
0.0,seed,3.559000253677368,0.0,0.0,0.03147537347429279,0.023292666340392502,0.03915670364817585,0.0,201,0.2758790548320902,201,0.0,0.0,0.02974532737628524,0.023292666340392752,0.03778005831079738,664,1.0,128.0,80.0
0.8659281600206841,ambiguous,3.5920002460479736,0.03285214077524934,1.029890735574711,0.0,0.0,0.0,0.7647959589958191,202,0.27760910093009805,201,0.031938016641789524,1.0053738622587758,0.0,0.0,0.0,664,0.4206608805706976,128.1737518310547,79.7147216796875
1.4508003911307,ambiguous,3.6110000610351562,0.054024549989571735,2.1391168749249325,-0.020210864183905705,0.020967602887199184,0.029122489623924084,0.7587268352508545,203,0.2815773461555924,201,0.05100615874873471,2.0758702220276413,-0.01624261895841111,0.020967602887199267,0.026522877699514866,664,0.2343825593503778,128.11756896972656,79.76663208007812
0.0,seed,3.6010000705718994,0.0,0.0,0.0,0.0,0.0,0.0,201,0.2758790548320902,201,0.0,0.0,0.0,0.0,0.0,665,1.0,136.0,72.0
0.0,seed,2.5830001831054688,0.0,0.0,0.010971270512510296,0.019683905385974452,0.022534970776610118,0.0,201,0.2758790548320902,201,0.0,0.0,-0.007727556341964217,0.01885676458020701,0.02037873149760753,666,1.0,216.0,80.0
0.2894893572667216,ambiguous,2.5830001831054688,0.005068607683448967,0.9255356495896642,-0.0009192686684079193,0.016566993070654994,0.01659247764162565,0.9709453582763672,202,0.27760910093009805,201,0.004154483549989152,0.8106483765611248,-0.01788804942487486,0.015741521643193136,0.023828088800193013,666,0.7486457605056417,216.2459716796875,79.14005279541016
0.38610314342637453,ambiguous,2.5810000896453857,0.006838935512598621,1.5938472967120998,-0.0010930288764350346,0.005605697911405137,0.00571126616422775,1.0803004503250122,205,0.29123566231989506,201,0.0012370219941688632,1.154587904652337,-0.004435248243104724,0.004908665198403931,0.006615619472731593,666,0.6797004154349215,214.9835662841797,79.2451400756836
0.6962636127420817,ambiguous,2.570000171661377,0.0050911843728425055,2.0535935029400534,0.007357755233826898,0.009613224637796404,0.012105810589037105,1.4144957065582275,207,0.3002295680213606,201,0.017871085337515247,1.8408004313045252,0.01300944156862264,0.010371884583715267,0.016637955395580228,666,0.49844420942601086,214.56898498535156,79.5663070678711
0.7996372700404588,ambiguous,2.572000026702881,0.005058205513948977,3.12325733374999,-0.007664016342117978,0.014117686718368001,0.016063817254010196,1.1951143741607666,208,0.3002295680213606,201,0.007857730875646673,2.3253963621494846,-0.0020123300073222345,0.014943161526830288,0.015078048563236239,666,0.4494919787575561,215.2056884765625,78.96558380126953
1.0610462896487447,static,2.56000018119812,0.0019879264497850713,4.083804133918316,-0.013627308686574892,0.028384846172933548,0.03148655322991546,1.3880876302719116,210,0.3002295680213606,201,0.015029733988971117,2.976865041488801,-0.007975622351779147,0.029137932478473075,0.030209761022197038,666,0.3460935067722446,215.828857421875,78.70362854003906
0.0,seed,2.753000020980835,0.0,0.0,0.00544781090054857,0.008397503288858521,0.010009830422865589,0.0,201,0.2758790548320902,201,0.0,0.0,-0.006432051985096711,0.008397503288858603,0.010577776431054762,667,1.0,232.0,72.0
0.527761621571185,ambiguous,2.757000207901001,0.01437102120265088,1.534798905817333,-0.005447810900548198,0.008397503288858632,0.01000983042286548,1.4564323425292969,206,0.2996387806033801,201,0.0020157564670340022,1.5760504578931094,0.006432051985096219,0.008397503288858544,0.010577776431054415,667,0.5899238956769001,230.33816528320312,70.8084945678711
0.0,seed,2.751000165939331,0.0,0.0,0.005106247843725849,0.010154444448523784,0.011366024331300297,0.0,201,0.2758790548320902,201,0.0,0.0,-0.010447336600967838,0.009191211039481782,0.013914927323784843,668,1.0,240.0,72.0
0.34792901177384183,ambiguous,2.7380001544952393,0.0020472415722450066,1.260759265601277,-0.002792312544106232,0.006714728578469394,0.0072721791250275605,1.3169647455215454,205,0.29123566231989506,201,0.010123199079012046,0.7162723660681939,-0.0029892895009950345,0.0075783448196138185,0.00814660431871628,668,0.7061490027002733,239.40554809570312,70.89207458496094
0.41334029602737626,drawer,2.7340002059936523,0.006903144569307962,1.1267659029566357,0.005840048784938931,0.010249591016005085,0.011796621796338088,1.3949321508407593,206,0.2996387806033801,201,0.019258409304924395,1.4256488705859405,0.014046190111534943,0.011185479289654004,0.017955790252413305,668,0.6614370812384429,238.68930053710938,70.57324981689453
0.4608722185475575,ambiguous,2.75600004196167,0.015028392231528187,1.1611719493223813,-0.005955312139947353,0.014009191288092242,0.015222456543888175,1.2575758695602417,207,0.3002295680213606,201,0.0022484912668554458,1.3722938573659065,0.0028416166046292767,0.013679214044600735,0.013971244819474994,668,0.630733268262058,239.49908447265625,71.07921600341797
0.0,seed,3.6740002632141113,0.0,0.0,0.027502695812223206,0.02645008126554352,0.038157634568897696,0.0,201,0.2758790548320902,201,0.0,0.0,0.025772649714215633,0.026450081265543764,0.0369301539699678,669,1.0,128.0,88.0
0.8604282779098187,ambiguous,3.707000255584717,0.03244771837103144,1.0447797601075433,0.0,0.0,0.0,0.8283886909484863,202,0.27760910093009805,201,0.03153359423757163,1.034269711767811,0.0,0.0,0.0,669,0.4229793774511483,128.2506561279297,87.89696502685547
1.5505322170562035,ambiguous,3.7310001850128174,0.05818789611736275,2.1766413548459886,-0.025606140213872742,0.02275900290604334,0.03425852638292838,0.8351941704750061,203,0.2815773461555924,201,0.05516950487652572,2.12524907854525,-0.021637894988378176,0.022759002906043435,0.03140335512019973,669,0.21213306938926973,128.11216735839844,87.86153411865234
0.0,seed,3.6580002307891846,0.0,0.0,0.006928772564099614,0.010854579121231367,0.01287749110440739,0.0,201,0.2758790548320902,201,0.0,0.0,0.0064279224580913435,0.010069949945825557,0.011946634632341746,670,1.0,136.0,88.0
0.40298592108958414,ambiguous,3.6450002193450928,0.012858809233549096,0.7290342169804123,0.01129415665280491,0.00750963430574464,0.013562911999423803,0.996076762676239,202,0.27760910093009805,201,0.01377293336700891,0.6934411240275036,0.012523352644804243,0.008265809667695745,0.015005264773695192,670,0.6683215084959718,136.34841918945312,87.46851348876953
0.7566485046603842,ambiguous,3.6730000972747803,0.017618705478013474,2.089376113321331,-0.019969641112376993,0.025995685727872253,0.032780516204285716,0.8579506874084473,203,0.2815773461555924,201,0.014600314237176448,1.9883601339876755,-0.01477219989488311,0.026401575328443293,0.030253281963414317,670,0.4692364383337467,135.96206665039062,87.41972351074219
0.0,seed,2.4100000858306885,0.0,0.0,0.011495727530879522,0.012482796398532059,0.016969736515085505,0.0,201,0.2758790548320902,201,0.0,0.0,-0.008616245781395328,0.01553476496474386,0.01776425100800048,671,1.0,208.0,88.0
0.2711056937004914,ambiguous,2.4080002307891846,0.0019391601599680897,0.9334248849711403,0.001368279032106776,0.009369307127255104,0.009468690699063748,0.5454715490341187,202,0.27760910093009805,201,0.0010250360265082747,0.8096755481972071,-0.0170136481821605,0.01213989734748873,0.020900749557704795,671,0.7625358969050092,208.20433044433594,87.01530456542969
0.3309190885089602,ambiguous,2.4050002098083496,0.0025343148050325226,1.4397734582632078,0.0010421499907287692,0.0006779332531813278,0.0012432498135712677,0.9798887968063354,205,0.29123566231989506,201,0.005541642701734961,0.9015677133149176,-0.0037132158337412568,0.002415499220196015,0.004429741336772874,671,0.7182632824426591,207.0028839111328,87.01017761230469
0.36167358043576797,drawer,2.3960001468658447,0.00567480437873602,0.9980610489453378,0.015755296969926967,0.0021073401679528813,0.015895605216350132,1.173040747642517,206,0.2996387806033801,201,0.018030069114352898,1.875510451254817,0.019403049428941815,0.0009896265609843525,0.01942827032630967,671,0.6965096851272505,206.86228942871094,86.81346893310547
0.5415404114541765,ambiguous,2.4150002002716064,0.011489145547205482,1.8963912251555792,-0.002684535883242932,0.00914315490776573,0.009529114049890442,1.4372081756591797,207,0.3002295680213606,201,0.0012907554174672597,1.6217344500366568,0.0015540039937524753,0.00942378226435711,0.009551052328335882,671,0.5818512713284378,206.5089569091797,87.29935455322266
0.6661654076143809,static,2.4050002098083496,0.007954573953508515,2.7729963084943425,-0.00769174166154938,0.013234679377349151,0.015307502343924214,0.8892772197723389,208,0.3002295680213606,201,0.0049613624360871356,1.9635496220730815,-0.0034532017845539725,0.010562763456245874,0.011112901259232442,671,0.5136745385226404,207.3429412841797,86.775146484375
0.8850763455121128,static,2.3980000019073486,0.00474307105131988,3.7649183687253367,-0.015341652995149299,0.02250523886248698,0.027236961887867884,1.164778470993042,210,0.3002295680213606,201,0.008298736487866165,2.581250270301407,-0.011103113118153892,0.01941506452514821,0.022365684685030092,671,0.41268266560688444,207.89178466796875,86.50028991699219
0.0,seed,2.430000066757202,0.0,0.0,0.017277896853722392,0.011064527568027472,0.020517053638169153,0.0,201,0.2758790548320902,201,0.0,0.0,0.0001203774013552629,0.01230331257551259,0.01230390145642931,672,1.0,216.0,88.0
0.3833989855858113,ambiguous,2.432000160217285,0.0064398070749689396,1.1977047736865365,0.0016760909305014618,0.012635386754725081,0.012746069168523732,0.7603397369384766,202,0.27760910093009805,201,0.005525682941509125,1.0729417258184784,-0.013751382423858097,0.01363053341417386,0.01936212694210281,672,0.6815409200284649,216.1106414794922,86.72564697265625
0.2700143472453882,static,2.430000066757202,0.007891531870307222,1.5366022035689595,0.0018755868918472129,0.003448811329103209,0.003925828036557349,1.0289171934127808,205,0.29123566231989506,201,0.00018442563646026144,0.8099249393484831,7.46749272849057e-05,0.00306384058134014,0.003064750471511783,672,0.7633685420224916,214.9241485595703,86.8223648071289
0.32746067732581513,drawer,2.4200000762939453,0.0018692424115021034,0.9723272745283578,0.016169377742365598,0.006203153990352396,0.017318426487511297,1.2441370487213135,206,0.2996387806033801,201,0.014224507147119425,1.5703928296377532,0.022771584061288166,0.004677291601539456,0.023246980392862743,672,0.7207516325999258,214.68057250976562,86.57286834716797
0.5285846407226951,static,2.442000150680542,0.018799122546556468,1.974423417919821,-0.0022503788060658425,0.007531990965865486,0.007860985477703773,1.4423553943634033,207,0.3002295680213606,201,0.006019221581883727,1.5201368249700444,0.004942614930837284,0.00833568189199581,0.009690873797500539,672,0.5894386470201658,214.41395568847656,87.18714904785156
0.6906756056253837,static,2.4250001907348633,0.009313286989767189,3.058388504425668,-0.00581568629676673,0.017151325531064514,0.018110499015072605,0.9617419838905334,208,0.3002295680213606,201,0.0036026493998284614,2.0543339041346687,0.0013773074401363956,0.01521655754204649,0.015278763013250351,672,0.5012373158968951,215.10032653808594,86.6177978515625
0.8988591945684491,static,2.434000015258789,0.022934839379308958,3.851761532852895,-0.020606142840356525,0.015328612735613768,0.02568227971103027,1.2239271402359009,210,0.3002295680213606,201,0.009893031840123356,2.5924891939263968,-0.013413149103453398,0.013796428135200756,0.01924198529677309,672,0.4070337412797742,215.9088134765625,86.38453674316406
1.1417331179798138,static,2.430000066757202,0.016895726417123225,4.711109173095937,-0.022967136789559448,0.027382853728566473,0.03573947468319032,1.36414635181427,211,0.3002295680213606,201,0.0038610736007451685,3.4129362338946985,-0.01577414305265632,0.025491358445664018,0.029977207082231526,672,0.3192652177618113,214.57110595703125,86.54998779296875
0.0,seed,2.6460001468658447,0.0,0.0,0.01629812497183222,0.01880528134449186,0.024885085574354662,0.0,201,0.2758790548320902,201,0.0,0.0,0.0002316744473068776,0.017885070202660548,0.017886570638432374,673,1.0,232.0,88.0
0.5106203837698157,ambiguous,2.625000238418579,0.015089810110664459,1.0722399700951604,0.011910855728417064,0.024289887197841684,0.027053042421639733,1.2544190883636475,202,0.27760910093009805,201,0.016003934244124274,0.9517827146378673,-0.0024255486981007044,0.023803641076622556,0.023926901491658516,673,0.6001231566356064,232.18710327148438,87.01959991455078
0.4756015372427251,ambiguous,2.6510000228881836,0.0130571154222201,1.0376776569988693,0.008688579980577902,0.013611484282077212,0.016148186475271276,1.0346649885177612,206,0.2996387806033801,201,0.0007018506866032226,1.5761754120427642,0.016381855227342257,0.01304610235542239,0.020941966654489698,673,0.6215110819339431,230.72503662109375,86.67851257324219
0.6192131528571284,ambiguous,2.633000135421753,0.005060499445142419,1.818454199512192,0.011008954741012145,0.01318253638563186,0.01717487554680271,0.5146164298057556,207,0.3002295680213606,201,0.01784040040981516,1.5646170226757103,0.01929301740575706,0.01340612258047319,0.023493502149775754,673,0.5383678842104521,230.73573303222656,87.33380889892578
0.7129444667739095,static,2.642000198364258,0.014324006680515922,2.9694639998876924,-0.006786410869386393,0.008880582346696374,0.01117676676434563,1.1812770366668701,208,0.3002295680213606,201,0.0014080702909202714,2.1362246700419503,0.0014976517953585221,0.009770205041887988,0.009884324330002232,673,0.49019869661592114,231.4988555908203,86.83370208740234
1.457154584251697,static,2.680000066757202,0.055131899408371154,4.043198741268061,-0.033969874377858214,0.030801517913582908,0.04585505284075286,1.4414136409759521,209,0.3002295680213606,201,0.04221649664216898,3.0140731626818362,-0.0256858117131133,0.031100432701483147,0.040336061255172036,673,0.2328980245133479,230.56495666503906,86.43637084960938
2.102067447011595,static,2.7060000896453857,0.08282935856487139,4.603200115063978,-0.051094688595312764,0.05272776719006576,0.0734226438879843,0.8092824816703796,211,0.3002295680213606,201,0.06979470574849334,3.5166916440604434,-0.04281062593056785,0.052892650518932195,0.06804691154993668,673,0.12220351760610565,231.11988830566406,87.07918548583984
0.0,seed,3.1110000610351562,0.0,0.0,0.014459985175486202,0.01871696038855358,0.023651971957153264,0.0,201,0.2758790548320902,201,0.0,0.0,0.004411245869321597,0.016698765196131678,0.017271590812520585,674,1.0,240.0,88.0
0.4693573233580417,ambiguous,3.0900001525878906,0.01332023363648327,1.0227101215282595,0.007307815978667743,0.011494364591638348,0.013620741233265572,1.3379309177398682,202,0.27760910093009805,201,0.014234357769943085,0.918121113520989,-0.0010108772294892914,0.012025771408747386,0.012068183407147326,674,0.6254040717427164,240.3249053955078,87.02606201171875
0.2025059674996361,ambiguous,3.1030001640319824,0.0027616119016689034,1.0333458457736044,0.003120492164344852,0.008959783900298363,0.009487633998409895,0.9975784420967102,205,0.29123566231989506,201,0.005314345605098136,0.4584923527694082,0.008428360345985129,0.006938545922789473,0.010916990319883635,674,0.8166816090363647,239.60617065429688,86.75148010253906
0.7635914412901865,drawer,3.077000141143799,0.024387882736821354,1.3791563964029903,0.01738905239394112,0.0226138910002769,0.028526605289302023,0.7106823921203613,207,0.3002295680213606,201,0.037167783701494095,1.173388323434059,0.031690826277046835,0.024624874566063635,0.04013343889472132,674,0.4659898429725919,239.19430541992188,87.06805419921875
0.6799646126589006,static,3.1120002269744873,0.02417801768204564,2.645065244841961,-0.014235393214571134,0.021780338304725408,0.026019791633326867,1.4795780181884766,208,0.3002295680213606,201,0.011262081292449544,1.8568044991673252,6.638066853457562e-05,0.021221725577058502,0.02122182939477966,674,0.506634920511118,239.99420166015625,86.63522338867188
1.3500265689498414,static,3.121000051498413,0.03971842209378096,4.454520270937031,-0.03302426981142057,0.036044009034636275,0.048885304375307366,0.8761329650878906,211,0.3002295680213606,201,0.026683769277403346,3.5210812548569215,-0.01872249592831486,0.036237141472113814,0.04078801632656039,674,0.25923337299590876,239.61062622070312,87.16043853759766
0.0,seed,3.8340001106262207,0.0,0.0,0.021204507877030074,0.01236789619845165,0.024547831078991587,0.0,201,0.2758790548320902,201,0.0,0.0,0.0194744617790225,0.012367896198451873,0.023069883353807587,675,1.0,128.0,96.0
0.4952074593905267,ambiguous,3.8540000915527344,0.019014452232457568,0.6441839869414762,0.0,0.0,0.0,0.5356422066688538,202,0.27760910093009805,201,0.01810032809899731,0.6034905059405069,0.0,0.0,0.0,675,0.6094431514783363,128.3863067626953,95.31682586669922
1.2704221512610174,ambiguous,3.883000135421753,0.049293336053195524,1.6593002540794421,-0.027630165852791003,0.025353009065927523,0.03749934844433622,0.6832199096679688,203,0.2815773461555924,201,0.046274944812359387,1.5749739113492303,-0.023661920627296405,0.025353009065927586,0.03467941113210375,675,0.2806495627147279,128.36459350585938,95.28319549560547
0.0,seed,3.813000202178955,0.0,0.0,0.008989964065431661,0.01408363102447071,0.016708324773333394,0.0,201,0.2758790548320902,201,0.0,0.0,0.008489113959423452,0.013299001849064993,0.01577746830126786,676,1.0,136.0,96.0
0.35879282060842854,ambiguous,3.805000066757202,0.008260660865511582,0.8825385215937741,0.003544008459551196,0.004797962110845865,0.005964933895566903,0.8966479301452637,202,0.27760910093009805,201,0.009174784998971397,0.8277057262903109,0.0047732044515505275,0.005214030819368809,0.007068917747550155,676,0.6985190551140769,136.14210510253906,95.13959503173828
0.5714761866336612,ambiguous,3.815000295639038,0.003789154472335632,1.8951437353042453,-0.019012031016895754,0.010015590463316279,0.021488819784164,1.45562744140625,203,0.2815773461555924,201,0.0007707632314986057,1.7134537080804417,-0.013814589799401825,0.010793282394747956,0.0175310534817082,676,0.5646912334787184,136.0105743408203,94.36383819580078
0.0,seed,3.7700002193450928,0.0,0.0,0.02307277940077672,0.01242587942200582,0.026206022755983674,0.0,201,0.2758790548320902,201,0.0,0.0,0.021342733302769146,0.012425879422006089,0.02469645205780307,677,1.0,144.0,96.0
0.5523199115556693,ambiguous,3.7910001277923584,0.02144913252797398,0.6625424081430561,0.0,0.0,0.0,0.7010148763656616,202,0.27760910093009805,201,0.02053500839451461,0.6111698678698849,0.0,0.0,0.0,677,0.5756128892173794,144.34970092773438,95.28278350830078
1.1171370370567972,ambiguous,3.81000018119812,0.043252249086386474,1.6285335765334943,-0.02724414605033868,0.012836819907265687,0.030116896243533416,1.4542156457901,203,0.2815773461555924,201,0.04023385784554989,1.4582224717740535,-0.023275900824844098,0.012836819907265764,0.026581036558786658,677,0.327215260046616,144.25140380859375,94.63619995117188
0.0,seed,3.3390002250671387,0.0,0.0,0.019627912296112313,0.01608542697631554,0.025377074341110653,0.0,201,0.2758790548320902,201,0.0,0.0,0.007452655701477394,0.01608542697631554,0.017728029727387736,678,1.0,160.0,96.0
0.7138094954988987,static,3.3510000705718994,0.016361604916064643,2.884236723625079,-0.01962791229611235,0.01608542697631571,0.02537707434111079,1.3346682786941528,211,0.3002295680213606,201,0.0033269520996865865,2.1268415620328844,-0.007452655701476984,0.016085426976315605,0.01772802972738762,678,0.48977484401116506,160.2892608642578,94.55522155761719
0.0,seed,3.258000135421753,0.0,0.0,0.021109276022068937,0.018395865388666135,0.028000167813315317,0.0,201,0.2758790548320902,201,0.0,0.0,0.010176050995760608,0.017726992723393294,0.020440114600548582,679,1.0,168.0,104.0
0.3991492894235808,ambiguous,3.2720000743865967,0.015758288936976506,0.45856624302896704,0.01020619054690972,0.010896163145266117,0.014929591312828524,1.007543921470642,202,0.27760910093009805,201,0.01484416480351669,0.4409274154666497,0.0010030116186089642,0.009592742423622718,0.009645037040521701,679,0.670890537015337,168.59446716308594,103.62046813964844
0.6365287389933247,static,3.2750000953674316,0.02410505439012356,2.2040368453104855,-0.01020619054690972,0.010896163145266117,0.014929591312828524,1.3927100896835327,208,0.3002295680213606,201,0.011189118000527465,1.7153104634184073,0.0032110976160522383,0.01221431540600829,0.012629356624043356,679,0.5291259741981865,167.8555908203125,102.84628295898438
1.0762938032372333,static,3.2890002727508545,0.03686705072057661,3.438142075608255,-0.03248630162135012,0.021194708592529365,0.0387888574896912,1.3958654403686523,211,0.3002295680213606,201,0.02383239790419811,2.689009058184198,-0.019069013458388157,0.022467426089599434,0.029468839633887897,679,0.3408564686909039,167.75042724609375,102.80426025390625
0.0,seed,3.9040002822875977,0.0,0.0,0.009856148786476915,0.020942057793408225,0.02314548451693376,0.0,201,0.2758790548320902,201,0.0,0.0,-0.010463290422520075,0.01915587454444442,0.021827230150170088,680,1.0,184.0,104.0
0.191891159519124,ambiguous,3.8970000743865967,0.003252439525663675,0.5453566300676008,0.004740906017941796,0.01087112053328111,0.01185990942292912,1.1078460216522217,202,0.27760910093009805,201,0.00416656365912349,0.4834754723181385,-0.01384848709304762,0.009397815138042253,0.01673617411880991,680,0.8253967001766925,184.4645233154297,103.37736511230469
0.42416530511379413,ambiguous,3.889000177383423,0.007200768771116195,1.152208132576604,0.0023039318725790563,0.0025134722657218344,0.003409639996251582,0.923710286617279,205,0.29123566231989506,201,0.015276726277883235,0.8171083061615525,-0.0026588998486131088,0.0044988722692281356,0.005225858790647211,680,0.6543157112354191,183.32765197753906,103.04127502441406
0.4352173171063783,ambiguous,3.8990001678466797,0.0019552970083718257,1.297390301541669,-0.0008118743384842809,0.009132269929547293,0.009168287408649611,1.0485085248947144,207,0.3002295680213606,201,0.010824603956300471,1.1054989085176719,0.0032191996417889873,0.007833799899756366,0.008469454953131115,680,0.6471240206765123,183.11691284179688,103.06639862060547
0.6262082248398801,ambiguous,3.888000249862671,0.0034326897457597205,1.8609001246585353,-0.0023443706274038105,0.015594339614991674,0.01576957518978658,1.4599400758743286,208,0.3002295680213606,201,0.01634862613535537,1.5000142035204245,0.001686703352869457,0.01644132506070244,0.016527617431204754,680,0.5346151028971853,184.38951110839844,102.85769653320312
0.0,seed,2.4000000953674316,0.0,0.0,0.015961561587904488,0.013019979509310692,0.020598332814753196,0.0,201,0.2758790548320902,201,0.0,0.0,0.0016530381152225337,0.012026312871143885,0.012139387805199221,681,1.0,208.0,96.0
0.42259645032654,ambiguous,2.4070000648498535,0.010641417345712334,1.1591610251993212,-0.0002276895541141583,0.010063323663151269,0.010065899149226213,0.7300103306770325,202,0.27760910093009805,201,0.009727293212252519,1.0368466745370057,-0.012806166928788536,0.009100146359538758,0.015710206083085727,681,0.655343043228009,207.9035186767578,95.08199310302734
0.33616243910590793,ambiguous,2.4000000953674316,0.006980522623466268,1.3773795265071826,0.004902201600843989,0.003227267807917695,0.00586914287092581,0.7379011511802673,205,0.29123566231989506,201,0.0010954348833012162,1.0051352124382136,0.005950285615966862,0.002738371288987908,0.006550158488764636,681,0.7145070325053651,207.07998657226562,95.17984771728516
0.3988547224426037,drawer,2.4000000953674316,0.007381808005721968,1.0607796323791079,0.013216338932342631,0.0032110605490866936,0.013600828085982725,1.1163127422332764,206,0.2996387806033801,201,0.004973456729894465,1.9283705115782304,0.022667541230950376,0.003130312801138886,0.02288266338715424,681,0.6710881883247373,206.7911834716797,94.89920043945312
0.6076373278865881,ambiguous,2.4000000953674316,0.0058120176998301964,1.77002772093129,0.007646219117754465,0.006731648676439573,0.010187235184274708,0.9627795219421387,207,0.3002295680213606,201,0.006967883264842989,1.7959189677161242,0.01768820883434277,0.007391050393208502,0.019170298841756982,681,0.5446361467676503,206.69882202148438,95.47988891601562
0.7961596643919443,static,2.4140000343322754,0.026126916094021624,2.8490927457998487,-0.011310029129394423,0.012791308494388053,0.017074376471963897,0.8157586455345154,208,0.3002295680213606,201,0.013210979704425974,2.1732695959358663,-0.0012680394128061177,0.013746842697091559,0.013805202211159719,681,0.451057855775117,207.30970764160156,95.0328140258789
1.0181078830688284,static,2.4160001277923584,0.0319205451846889,3.7744997384787675,-0.023386162889268664,0.015572068141722862,0.028096297280849426,1.0798386335372925,210,0.3002295680213606,201,0.018878737645502852,2.706308383986119,-0.013344173172680357,0.01657069329682034,0.021275686451904877,681,0.3612778738561189,207.8806915283203,94.79732513427734
1.116317281213381,static,2.4140000343322754,0.02804353324232789,4.216869334684959,-0.02311633918049035,0.020104790026316117,0.030636052603260324,1.0488321781158447,211,0.3002295680213606,201,0.015008880425949833,3.154101208830041,-0.01307434946390205,0.02106319681614913,0.02479106439869153,681,0.3274836066424118,207.00729370117188,95.04071044921875
0.0,seed,2.455000162124634,0.0,0.0,0.024118772254020742,0.037382599244995963,0.044487907360914306,0.0,201,0.2758790548320902,201,0.0,0.0,0.007208738883066446,0.03258796059453094,0.033375756051285725,682,1.0,216.0,96.0
1.1833707137535248,drawer,2.4150002002716064,0.02632819158447841,2.950287157195485,0.022102750438457105,0.021774048863178908,0.03102645292070652,0.8308798670768738,208,0.3002295680213606,201,0.03924412797407406,2.170596394697974,0.02954323025677307,0.025082529298691484,0.03875481557206057,682,0.30624473357724563,215.27035522460938,94.93795776367188
0.942225364142901,static,2.44100022315979,0.0017552592650886822,3.69736200095149,0.0021614027833140345,0.0014060229653723774,0.002578480671029393,1.4784497022628784,209,0.3002295680213606,201,0.011160143501114383,2.699909390114279,0.009601882601629997,0.006246159925824311,0.01145472231503053,682,0.3897595127058886,214.59780883789062,94.41989135742188
0.8604430122606092,static,2.455000162124634,0.018377746889144397,3.651567338467707,-0.007786297672863898,0.014322885272693747,0.016302499010433742,1.2944155931472778,210,0.3002295680213606,201,0.005335939349958352,2.5501182711659287,-0.000345817854547935,0.010806058723418692,0.010811590776684869,682,0.42297465784579197,216.11788940429688,94.69461822509766
1.0609679451904157,static,2.453000068664551,0.014380992455544916,4.321309698213171,-0.009623537128061887,0.006781795542504305,0.011773071716230937,0.8061264157295227,211,0.3002295680213606,201,0.0013463396391668603,3.181301743054123,-0.002183057309745924,0.0074196908759854505,0.007734180752530733,682,0.3461206223427273,214.99908447265625,94.88823699951172
0.0,seed,3.0960001945495605,0.0,0.0,0.011492777554356588,0.026700276815883012,0.02906868964983978,0.0,201,0.2758790548320902,201,0.0,0.0,-0.01146039048423605,0.02890171314359658,0.031090988609015182,683,1.0,232.0,96.0
0.612215491363233,ambiguous,3.067000150680542,0.019361132238073786,1.1245975556271723,0.012571041106889554,0.012919172514994783,0.018025983828443417,0.7896610498428345,205,0.29123566231989506,201,0.027437089744840826,0.8102005647859583,0.0049744805561018,0.013136036372665505,0.014046384174833962,683,0.542148412424866,231.5028839111328,95.12542724609375
0.5020504082112058,drawer,3.071000099182129,0.01729595086125668,0.7653582382573789,0.02120901297380888,0.007906743641576723,0.022634902834710983,1.1751571893692017,206,0.2996387806033801,201,0.029651215596874003,1.5943090129129984,0.022015570706505942,0.00958182073218812,0.024010344480597367,683,0.6052882983768112,231.12115478515625,94.70844268798828
0.7016489744947484,drawer,3.067000150680542,0.020602736512287834,1.4293852950972572,0.014664062351364806,0.013720165521565296,0.02008177448792471,0.8955520987510681,207,0.3002295680213606,201,0.033382637476960575,1.3879803118484484,0.016061407502042487,0.012843784223965654,0.02056530097369002,683,0.49576712205679113,231.15953063964844,95.28163146972656
0.7366732497221836,ambiguous,3.076000213623047,0.00047602956883396885,2.5297454122979626,-0.0017460853178100266,0.010512521661251427,0.010656543793151334,1.0217002630233765,208,0.3002295680213606,201,0.012439906820761237,2.0034249005370306,-0.0003487401671323472,0.00835615171982658,0.008363425809375737,683,0.47870379747585773,232.0998992919922,95.03074645996094
0.9375962491306943,static,3.080000162124634,0.007575608896205566,3.6069340790611752,-0.01538134636831724,0.01970764207606712,0.024999539441768068,1.4144961833953857,209,0.3002295680213606,201,0.005339793869996612,2.784132301180472,-0.01398400121763956,0.017499781925466938,0.02240077359141519,683,0.3915679367894949,231.14244079589844,94.53887176513672
1.5872571046881063,static,3.130000114440918,0.06271204380066875,3.7956548590304693,-0.041158846879498764,0.04979503841531114,0.06460337860539754,1.0935202836990356,210,0.3002295680213606,201,0.04967023626148315,2.965947818938886,-0.039761501728821085,0.05017321070456022,0.06401818563607718,683,0.2044857261550566,232.5570831298828,95.1734619140625
1.1158566291962775,static,3.0900001525878906,0.020189363138649163,4.103726462154006,-0.02214819852339007,0.025049825535803597,0.03343705216082447,0.6588284969329834,211,0.3002295680213606,201,0.007154710322271551,3.304282233472369,-0.020750853372712385,0.023229928854219116,0.03114847524788157,683,0.3276344973777725,231.8531036376953,95.4066162109375
0.0,seed,3.3310000896453857,0.0,0.0,0.014109645461324793,0.024118895828035596,0.027942856529136674,0.0,201,0.2758790548320902,201,0.0,0.0,-0.0022246487685747916,0.022577982327790083,0.022687316900363574,684,1.0,240.0,96.0
0.5492829941800503,ambiguous,3.305000066757202,0.018106539871153515,0.9334174293499167,0.009521833370752493,0.02013096814677511,0.022269288027838917,0.9169454574584961,202,0.27760910093009805,201,0.01902066400461333,0.8355358469711873,-0.005082414761139519,0.019641866905654722,0.020288762292059684,684,0.5773636350919829,240.3164825439453,95.21893310546875
0.6546334266263271,ambiguous,3.3010001182556152,0.0193484202325811,1.3232995233093023,0.014680651724537868,0.017006402988769136,0.022466403309688722,0.40649521350860596,205,0.29123566231989506,201,0.027424377739348138,1.0377214138210267,0.013702964982443167,0.017741617277350092,0.022417319931830187,684,0.5196325111209065,239.41880798339844,95.3265609741211
0.26275782934738307,ambiguous,3.328000068664551,0.004725033392457334,0.7041247590456211,0.012406768986612174,0.017465183416127822,0.021423364545424418,1.3117719888687134,206,0.2996387806033801,201,0.007630231343159544,1.3755961486661812,0.01983220052800229,0.016153404640466346,0.025578284916341322,684,0.7689280865820048,239.06776428222656,94.5807876586914
0.5029556893330573,ambiguous,3.319000244140625,0.0026338191313475257,1.4958807391629685,0.00810020833609581,0.0013862738602354984,0.008217976046675258,0.6637046933174133,207,0.3002295680213606,201,0.015413720096020267,1.3501380943518773,0.016116427295466543,0.0029200393297392265,0.016378823475979066,684,0.604740590259328,239.1435546875,95.29117584228516
0.6717542626788425,static,3.323000192642212,0.0157579104415424,2.506453941163877,-0.0057354406691719935,0.014593861584011209,0.01568043607821129,1.1877681016921997,208,0.3002295680213606,201,0.0028419740519467496,2.0039590844039465,0.002280778290198738,0.01535343379785313,0.015521916086427626,684,0.5108116934414636,240.2827911376953,95.04170989990234
1.0451230535088294,static,3.327000141143799,0.0297875351941852,3.695593519158487,-0.02443203064620511,0.023035242333728653,0.03357895934764373,1.462205410003662,210,0.3002295680213606,201,0.016745727654999154,2.872834954817093,-0.01641581168683438,0.02401034525400372,0.02908565888120926,684,0.35164854512824456,240.84458923339844,95.08143615722656
1.5716950973752493,static,3.3580002784729004,0.05801097378668274,4.007510177819743,-0.03388900849441094,0.04546951310023147,0.05670927189010963,0.6329039335250854,211,0.3002295680213606,201,0.044976320970304684,3.2944481581725165,-0.025872789535040207,0.045695700443068366,0.05251188700958216,684,0.20769282423950472,240.21914672851562,95.53007507324219
0.0,seed,3.760000228881836,0.0,0.0,0.008017202961590636,0.004142967611037957,0.009024396043694404,0.0,201,0.2758790548320902,201,0.0,0.0,0.007152179912586458,0.004142967611038009,0.00826546176133646,685,1.0,152.0,112.0
0.33052745684889184,ambiguous,3.7700002193450928,0.010289031772306778,0.7563282659697911,-0.008017202961590263,0.004142967611038143,0.009024396043694158,0.8763090968132019,202,0.27760910093009805,201,0.009374907638846963,0.6991856499681177,-0.00715217991258687,0.004142967611038154,0.00826546176133689,685,0.7185446321734634,152.192138671875,111.25894165039062
0.0,seed,3.5900001525878906,0.0,0.0,0.005679727650811345,0.004413549470594044,0.0071929635837234655,0.0,201,0.2758790548320902,201,0.0,0.0,0.004814704601807206,0.004413549470594371,0.006531523507731358,686,1.0,160.0,112.0
0.25810558388551147,ambiguous,3.5950002670288086,0.00592163613737462,0.7322284266990116,-0.005679727650811012,0.004413549470594502,0.007192963583723484,1.0068871974945068,202,0.27760910093009805,201,0.005007512003914361,0.6771399886698862,-0.004814704601807579,0.0044135494705941514,0.0065315235077314845,686,0.7725136628066722,160.20968627929688,111.37981414794922
0.0,seed,3.3990001678466797,0.0,0.0,0.011196809055588064,0.003563193908747264,0.011750101440354993,0.0,201,0.2758790548320902,201,0.0,0.0,0.009466762957580492,0.003563193908747411,0.010115134785377443,687,1.0,168.0,112.0
0.22267220285059391,ambiguous,3.4050002098083496,0.007475441336522337,0.5271893899036246,0.0,0.0,0.0,1.3081656694412231,202,0.27760910093009805,201,0.006561317203062966,0.4517576451544213,0.0,0.0,0.0,687,0.8003771676526066,168.42787170410156,111.21930694580078
0.9685919503680411,static,3.436000108718872,0.04241708832017199,1.9036849346015148,-0.03596166661084772,0.021736928313191874,0.042020655848315866,1.265148639678955,205,0.29123566231989506,201,0.03434113081340495,1.3453238190778898,-0.022335105221050443,0.021736928313191833,0.031166504098602964,687,0.37961718179784876,166.49404907226562,110.72100067138672
0.0,seed,3.696000099182129,0.0,0.0,0.027286904264409734,0.02811770414906218,0.03918137862491888,0.0,201,0.2758790548320902,201,0.0,0.0,0.025556858166402165,0.028117704149062492,0.037996819418890874,688,1.0,184.0,112.0
0.9381876971888964,ambiguous,3.7310001850128174,0.03807766990507222,0.46427819301346157,0.0,0.0,0.0,0.7621632218360901,202,0.27760910093009805,201,0.03716354577161285,0.3910422174988205,0.0,0.0,0.0,688,0.39133641316747403,184.517333984375,111.29658508300781
1.9840633573514286,static,3.7810001373291016,0.09059813186934207,1.2656656701450226,-0.03055270059102476,0.04349024099710013,0.05314949271056737,1.1636772155761719,207,0.3002295680213606,201,0.07781823090466933,1.168496121085419,-0.007932233499762072,0.043490240997099826,0.04420770736286343,688,0.13750935094001085,183.13299560546875,111.12232971191406
0.0,seed,2.6780002117156982,0.0,0.0,0.011347091679456748,0.00893355030619268,0.014441773113273586,0.0,201,0.2758790548320902,201,0.0,0.0,0.0015341683417809814,0.0073894369119972495,0.007547015991589686,689,1.0,200.0,112.0
0.2622502461242998,ambiguous,2.6760001182556152,0.0010269306863412986,0.8959431162892435,0.0015474077529278808,0.002389166157757374,0.0028465041161386795,1.0404343605041504,202,0.27760910093009805,201,0.00011280655288103958,0.7867052462100751,-0.006535469486740313,0.0016472123610641227,0.006739856821517512,689,0.7693184806488689,200.08995056152344,111.1548843383789
0.4315410890432508,ambiguous,2.6640000343322754,0.007957956385756582,1.1488356653399963,0.005787076977765076,0.009057579635953059,0.01074848867553993,0.9868728518486023,205,0.29123566231989506,201,0.01603391389252362,0.6478273333552884,0.011330761127894134,0.010750981202744482,0.015619530868728481,689,0.6495073743533002,199.24609375,110.88383483886719
0.32955314083264753,drawer,2.6620001792907715,0.009922581592361368,0.6508635114199859,0.014458594442963234,0.005730163051948782,0.015552675714101618,1.3595374822616577,206,0.2996387806033801,201,0.022277846327978246,1.4353920092008632,0.028405396876577164,0.007381214529182553,0.029348746134062957,689,0.7192450628819957,198.85513305664062,110.4725341796875
0.4120708400817327,ambiguous,2.683000087738037,0.009710833222732695,1.3149596445059442,-0.0016363197320172598,0.01058670914304753,0.010712420489547413,0.9599705934524536,207,0.3002295680213606,201,0.003069067741940046,1.2145939756498936,0.012901270119577231,0.009760880441905947,0.016177687031818804,689,0.6622773586081105,198.9434356689453,110.96636199951172
0.7024856977016188,static,2.696000099182129,0.02845187745310307,2.315499372913384,-0.016661910046840464,0.02481221566847403,0.029887544107669188,1.2544361352920532,208,0.3002295680213606,201,0.015535941063506975,1.7560451760073499,-0.002124320195245974,0.023895157809758084,0.02398939980585535,689,0.4953524756968702,199.77635192871094,110.84803771972656
1.310581961137929,static,2.7200000286102295,0.05422986228832016,3.3511654682703607,-0.039404389807406306,0.04028007758113011,0.05634882950014034,1.2472610473632812,211,0.3002295680213606,201,0.04119520947194211,2.431613861699072,-0.024866799955811814,0.0391515556992983,0.04638105274481832,689,0.2696630772799368,199.84210205078125,110.82325744628906
0.0,seed,2.876000165939331,0.0,0.0,0.013837357636591358,0.023495186454001955,0.027267127697490436,0.0,201,0.2758790548320902,201,0.0,0.0,0.00817547090534627,0.017308419140977648,0.019142092301624836,690,1.0,208.0,112.0
0.3751591425228873,ambiguous,2.869000196456909,0.0031440593014604445,1.1710692198811827,0.005065789662282113,0.007936039780792346,0.009415038624711158,1.4476886987686157,202,0.27760910093009805,201,0.0040581834349202595,1.0835414819076394,0.0011339490290445998,0.0017537824726542926,0.002088442807897931,690,0.6871798286257632,207.79837036132812,111.49929809570312
0.627942091417615,ambiguous,2.8570001125335693,0.012284503072161002,1.6431488727697445,0.008831096909579407,0.005652060875681696,0.010484944671708796,0.9672819972038269,205,0.29123566231989506,201,0.02036046057892804,1.2229178106511651,0.018525817666139144,0.01183865562150905,0.02198544261832636,690,0.5336887002962518,206.84852600097656,111.28492736816406
0.5526324320843844,ambiguous,2.877000093460083,0.006342683520959902,1.6165382154753918,0.004210149308473941,0.0154065979333881,0.015971493890075596,1.0734094381332397,207,0.3002295680213606,201,0.006437217443712839,1.5860441348128638,0.02289877576649911,0.013042134291545486,0.026352441983298506,690,0.5754330264797688,206.83132934570312,111.3942642211914
0.8819854356353833,ambiguous,2.8620002269744873,0.0012819541697783876,2.933134191359616,-0.00027399937860143365,0.01976737011918517,0.01976926900743497,1.389175295829773,208,0.3002295680213606,201,0.014197890559374038,2.422229703427535,0.018414627079423738,0.02441856104982799,0.030583731201709555,690,0.413960154546814,207.40219116210938,111.33041381835938
1.256214300046571,static,2.9030001163482666,0.042599163068202994,3.7571912251233597,-0.02835131490286709,0.040579457424690234,0.04950241834096372,1.4424898624420166,211,0.3002295680213606,201,0.029564510251824494,3.0473070587164983,-0.009662688444841918,0.039583313752497074,0.04074562891416337,690,0.28472982281441206,207.7347869873047,111.46005249023438
1.7128373528523335,static,2.9170000553131104,0.03602812853130599,6.329403694821116,-0.08127750683374912,0.026511876130449023,0.08549217913392082,1.458746314048767,213,0.3002295680213606,201,0.02298779465925893,4.840644427128921,-0.06258888037572395,0.02262337833750963,0.06655212388863921,690,0.1794194426120606,207.67849731445312,104.3994140625
0.0,seed,3.0890002250671387,0.0,0.0,-0.004623868260558706,0.025478133247953085,0.025894312724833123,0.0,201,0.2758790548320902,201,0.0,0.0,-0.028778901259878188,0.02576032865687787,0.03862408173971495,691,1.0,216.0,112.0
0.5294489805362761,drawer,3.069000244140625,0.014075484954839013,1.1867708605297127,0.0009677270370842853,0.0006295200731934009,0.0011544657382778212,1.479082465171814,206,0.2996387806033801,201,0.026430749690455446,1.6263468407023756,0.0005724198090545029,0.00039623090509825564,0.000696177684181974,691,0.5889293918463486,214.5992431640625,110.94601440429688
0.6039556109081953,ambiguous,3.069000244140625,0.013955405265918763,1.4789773168518292,-0.003299516992942559,0.0051224656878821745,0.006093149194812721,1.2410128116607666,207,0.3002295680213606,201,0.026735306230591505,1.5661241145755638,-0.0031040368029917826,0.004862767937839903,0.005769016943259153,691,0.5466450387328621,215.0634002685547,111.44388580322266
0.0,seed,3.568000078201294,0.0,0.0,0.008337064235137899,0.01338574085837851,0.015769739959443824,0.0,201,0.2758790548320902,201,0.0,0.0,-0.012066215061984447,0.010952379520215596,0.016295648593317738,692,1.0,232.0,112.0
0.5003657282232968,ambiguous,3.559000253677368,0.00024086205422024776,1.6763753109191992,-0.0017511770435885508,0.014641801477331396,0.014746151075435766,0.7932862043380737,205,0.29123566231989506,201,0.007835095452546792,1.3812969281085798,-0.006797848852906013,0.01717897696325171,0.018475064236177598,692,0.6063088748910381,231.04478454589844,111.54877471923828
0.3107555997591059,ambiguous,3.56600022315979,0.005694147583851894,0.984610565431968,-0.003947233892147971,0.0025677312645756346,0.004708916992940182,1.3839092254638672,207,0.3002295680213606,201,0.007085753380820847,0.7659647133237082,0.0,0.0,0.0,692,0.7328929732019256,231.4274444580078,110.74507904052734
0.0,seed,3.6490001678466797,0.0,0.0,0.016121146242828996,0.012030615851828788,0.02011534424157224,0.0,201,0.2758790548320902,201,0.0,0.0,0.014391100144821423,0.012030615851828895,0.018757384709829777,693,1.0,160.0,120.0
0.39847118911339124,ambiguous,3.6610002517700195,0.012527327252949583,0.8693435425545636,0.0,0.0,0.0,0.8598979115486145,202,0.27760910093009805,201,0.011613203119490212,0.8187732343721236,0.0,0.0,0.0,693,0.6713456223759142,160.0469512939453,119.44985961914062
0.7583027462244714,static,3.6730000972747803,0.028402372187028124,2.2488445837786615,-0.03042677428059272,0.008574428285447029,0.031611855585277064,1.3527934551239014,205,0.29123566231989506,201,0.020326414680261085,1.6885392702031836,-0.016800212890795436,0.008574428285447156,0.018861812574573138,693,0.46846084959650125,158.18148803710938,118.49596405029297
0.0,seed,3.4720001220703125,0.0,0.0,0.019727829615454377,0.02269330336686924,0.030069474206197183,0.0,201,0.2758790548320902,201,0.0,0.0,0.005413161620408799,0.019733383629367173,0.02046237396277478,694,1.0,168.0,120.0
0.5312672281789343,ambiguous,3.492000102996826,0.021122164681040445,0.5201272554204217,0.005114455611775978,0.02108775045102536,0.021699098490249476,1.1341898441314697,202,0.27760910093009805,201,0.02020804054758063,0.49310367219898354,-0.007470166285262028,0.017598093442826084,0.01911795692933489,694,0.5878595452856702,168.44459533691406,119.60955810546875
0.47078027717585946,ambiguous,3.4750001430511475,0.00757764658234894,1.6495368036545857,-0.0003575692090982592,0.006420858194855975,0.0064308067688078055,1.3549636602401733,204,0.28446401290015544,201,0.003067456630915455,1.3934774368905956,-0.00608727913607862,0.007943030807583322,0.010007332596189447,694,0.6245147834892614,166.8603973388672,118.56858825683594
0.42189264531109594,ambiguous,3.4800002574920654,0.012725445789509848,1.4923369720624626,0.0008754079182234276,0.002045415042479347,0.002224873416464196,0.7040010690689087,205,0.29123566231989506,201,0.0046494882827428086,1.2166925835002171,0.0019173474109827025,0.0015962312765084032,0.0024948297301631067,694,0.6558044392960568,166.95346069335938,119.29740905761719
0.4322535314937018,drawer,3.4650001525878906,2.870366023222104e-05,1.2967588075509136,0.02464828105126609,0.0008735260960167661,0.024663754917340245,0.5454005599021912,206,0.2996387806033801,201,0.012383968395849543,1.8664292665248505,0.03409333882751023,0.0027325802981047072,0.03420267164262181,694,0.6490413207777582,166.7613983154297,119.2629165649414
0.491325831195006,ambiguous,3.4800002574920654,0.011595975217409737,1.753906271549226,0.0003972462251480449,0.002868432979681333,0.0028958094416445816,0.9712504744529724,207,0.3002295680213606,201,0.0011839257472630038,1.4713005133590538,0.010433091419372754,0.006464877601259001,0.012273713332331404,694,0.6118137450663287,166.57383728027344,119.17582702636719
0.6760964399386814,static,3.4840002059936523,0.017348227638041003,2.557557660886769,-0.01256440758916735,0.011509074855349613,0.01703887150291259,1.0030066967010498,208,0.3002295680213606,201,0.0044322912484453525,2.0008631344385357,-0.002528562394942641,0.015057221561403968,0.015268056488444318,694,0.5085963450719373,167.5148162841797,118.8136978149414
1.0486184906185836,static,3.499000072479248,0.031385393177343346,3.5653452059226574,-0.03386166259956784,0.019429065360658422,0.03903973328284543,1.0340590476989746,211,0.3002295680213606,201,0.018350740360964846,2.828814194314436,-0.02382581740534314,0.022746246171483644,0.03294026851630821,694,0.3503916992085395,167.65895080566406,118.71302795410156
0.0,seed,3.1690001487731934,0.0,0.0,0.011039009246350595,0.015377475766624276,0.018929513625398058,0.0,201,0.2758790548320902,201,0.0,0.0,-0.004910232419340594,0.011728930272605886,0.012715273797743962,695,1.0,184.0,120.0
0.1719887841851577,ambiguous,3.1730000972747803,0.006157945122111208,0.41061577282756734,0.0034238302763025907,0.012775564124046375,0.013226399829452725,1.0641593933105469,202,0.27760910093009805,201,0.005243820988651393,0.3339864481736592,-0.010795365291381026,0.008580577105321067,0.013790076694301384,695,0.8419886167039656,184.49603271484375,119.37584686279297
0.3510651344145327,ambiguous,3.1690001487731934,0.005289701468596419,1.2876321841099412,-0.0005804446045654668,0.0015216894863295174,0.0016286358806605456,1.201253056526184,205,0.29123566231989506,201,0.0027862560381706203,1.0322559903765793,-0.0011730787824518305,0.006246700953253567,0.006355893849744321,695,0.7039379017792633,183.1599578857422,119.26399230957031
0.45839299103555203,ambiguous,3.1740002632141113,0.008983695681242132,1.3139556043217595,-0.00038160661215859887,0.004292455647309342,0.0043093850014312984,1.3790239095687866,207,0.3002295680213606,201,0.0037962052834306093,1.345382604023379,0.00801966491142047,0.0063483400877235,0.010228218181133307,695,0.6322989395591889,183.04190063476562,119.20352172851562
0.5671476239323981,static,3.182000160217285,0.021123854667558284,1.9760886953373227,-0.01351820361000875,0.012339045589928604,0.018302837892304847,1.489440679550171,208,0.3002295680213606,201,0.008207918277962634,1.586175284186728,-0.0051169320864296805,0.01370341796736374,0.01462759918665401,695,0.5671408326868347,184.13204956054688,118.8697509765625
0.0,seed,2.8380000591278076,0.0,0.0,0.007736752184728425,0.013644147568489088,0.01568502780484009,0.0,201,0.2758790548320902,201,0.0,0.0,0.005958675178436309,0.011617166826997063,0.013056200632971061,696,1.0,192.0,120.0
0.421190944499284,ambiguous,2.8510000705718994,0.015388092326015013,0.7281918980624862,-0.0062196526125466185,0.0035502766895947357,0.007161601999094737,0.8049964904785156,202,0.27760910093009805,201,0.014473968192555642,0.6466859224799802,-0.006267683520831162,0.0019530890420964436,0.006564938196484084,696,0.6562647792950875,192.1680145263672,119.45210266113281
1.7441334402489832,ambiguous,2.9090001583099365,0.07629940168821392,1.1597169978576898,-0.03548439471593831,0.05152473413775233,0.06256149371876099,0.9352270364761353,205,0.29123566231989506,201,0.06822344418144688,1.0939823932179713,-0.021905864234425608,0.05336617623617897,0.057687222622761096,696,0.1747963948766255,191.33551025390625,119.40585327148438
1.1505556579682281,ambiguous,2.884000062942505,0.05144009811986994,0.9520298462387254,-0.015258398908860146,0.0345730874172389,0.0377904367641067,1.4971377849578857,206,0.2996387806033801,201,0.03908483338425306,1.8223936923586088,0.006723249856137436,0.0364331079804957,0.03704825833620943,696,0.31646087650777716,190.90426635742188,118.9617919921875
1.0570995055445302,ambiguous,2.884000062942505,0.04990170582854869,1.1363833811049395,-0.020521256965842723,0.029350495338608975,0.03581303623095724,1.1455365419387817,207,0.3002295680213606,201,0.03712180486387595,1.5184612448542074,0.00205117921713542,0.03127342589618288,0.031340620661768175,696,0.34746216224052795,191.25372314453125,119.27828216552734
0.64202405431556,ambiguous,2.8360002040863037,0.006714728846890061,2.221705861650458,-0.007454368460535688,0.02431414495273395,0.02543118664018624,1.0627189874649048,208,0.3002295680213606,201,0.006201207542705589,1.869075906048826,0.015118067722442452,0.023887048977171834,0.028269189597478067,696,0.5262262349129537,191.91436767578125,119.07156372070312
0.8491157878394433,ambiguous,2.825000047683716,0.001365331214452592,3.0434699896198945,-0.012463373743861698,0.039151402532795525,0.04108732171076826,1.373002052307129,210,0.3002295680213606,201,0.014407138753638193,2.3068207181474363,0.010109062439116445,0.0383815576180937,0.039690516607736426,696,0.4277930245615686,192.53016662597656,118.92162322998047
0.9592398851939582,ambiguous,2.8310000896453857,0.0029983662796517763,3.4995995477023847,-0.016396539161048083,0.04183444345969939,0.04493291840112957,0.9705424904823303,211,0.3002295680213606,201,0.010036286536727168,2.777531417325689,0.006175897021930058,0.04133504475712829,0.041793870712094665,696,0.38318403916777766,191.744140625,119.21819305419922
0.0,seed,3.06600022315979,0.0,0.0,0.0074324038444360824,0.017711444135898466,0.019207703670294386,0.0,201,0.2758790548320902,201,0.0,0.0,-0.01001721292293466,0.01969582686509375,0.022096835760876666,697,1.0,208.0,120.0
0.5339935517601356,ambiguous,3.080000162124634,0.017808284295038668,1.0581190409700991,-0.009903179176034978,0.009222514712840597,0.013532469671911853,1.2230490446090698,202,0.27760910093009805,201,0.016894160161578853,0.9802529659935126,-0.025622749845398148,0.012075803636607966,0.028325789364283656,697,0.5862590326938969,207.88722229003906,119.57951354980469
0.5160313597936156,ambiguous,3.0480000972747803,0.011644462469352135,1.2782338621074727,0.005309188246527378,0.022668566090079584,0.023281996658735492,1.0493446588516235,205,0.29123566231989506,201,0.019720419976119175,1.0644733497686736,0.00321617896696146,0.02109984872965161,0.021343556956648677,697,0.5968846742006606,207.24984741210938,119.3542709350586
0.4748324485107825,ambiguous,3.072000026702881,0.011025497278763119,1.1599175584092738,0.0034045158035297066,0.0034414001328577945,0.004840863841394133,1.2625651359558105,206,0.2996387806033801,201,0.0013297674568537587,1.7414974011921136,0.009714624807448662,0.00585099707891915,0.011340551219716676,697,0.621989262962086,206.67681884765625,119.03121185302734
0.5417449137176344,ambiguous,3.072000026702881,0.01084312928117459,1.407137979349875,-0.0012053197572793942,0.0022138754543964034,0.0025207221673296206,0.94725501537323,207,0.3002295680213606,201,0.0019367716834981508,1.6250199090036423,0.005695576664620119,0.0014283662253142364,0.00587195228320051,697,0.5817322935924781,207.11837768554688,119.48094177246094
0.8159632199348714,static,3.079000234603882,0.025583534592915846,2.6137632871435135,-0.01661680019253922,0.016468710968087913,0.023395223649052613,1.364525556564331,208,0.3002295680213606,201,0.012667598203320196,2.2559989002045344,-0.00971590377063971,0.014905394939336729,0.01779240243412721,697,0.44221317361012136,207.7804412841797,119.37272644042969
0.0,seed,3.2810001373291016,0.0,0.0,0.008087614290888277,0.015516971374221582,0.01749816863407689,0.0,201,0.2758790548320902,201,0.0,0.0,-0.004087642303746755,0.015516971374221524,0.016046346008727043,698,1.0,216.0,120.0
0.7268713515767378,ambiguous,3.30400013923645,0.02851073867386189,1.7414585247793328,-0.00808761429088859,0.015516971374221509,0.01749816863407697,1.4707881212234497,207,0.3002295680213606,201,0.015730837709189593,1.8338809520050905,0.004087642303746636,0.015516971374221538,0.016046346008727026,698,0.48341907492268793,214.92642211914062,119.73153686523438
0.0,seed,3.436000108718872,0.0,0.0,0.015106388352401218,0.016177961021839472,0.02213434868880764,0.0,201,0.2758790548320902,201,0.0,0.0,-0.001168529228601345,0.014365937346313066,0.01441338323906945,699,1.0,176.0,136.0
0.18924136413646278,ambiguous,3.443000078201294,0.007958885639532731,0.2572585549404076,0.00870554052451063,0.013407974761907495,0.015986251062705265,0.5649750232696533,202,0.27760910093009805,201,0.007044761506072916,0.20772435170539297,-0.005839330958484391,0.011179439623258635,0.01261259911092077,699,0.8275867328294628,176.58334350585938,135.43641662597656
0.282400814222711,ambiguous,3.44100022315979,0.008616979729802576,1.1596597503437598,-0.00013506637006043557,0.0027304198715687867,0.0027337585115329794,1.275839924812317,205,0.29123566231989506,201,0.0005410222230350925,0.8462301773040986,-0.0010533764632581755,0.0034273242733910015,0.00358554788677009,699,0.753971421492221,175.23805236816406,135.0682830810547
0.40304632749442076,ambiguous,3.446000099182129,0.01206246885113682,1.2246280346424496,0.0006784151410763187,0.002784132416155118,0.0028655959963552672,1.3533661365509033,207,0.3002295680213606,201,0.0007174321135359207,1.2079411582314503,0.008754010749344012,0.003993052488191748,0.009621703195021388,699,0.6682811388156745,175.06910705566406,135.07232666015625
0.535691896664227,ambiguous,3.445000171661377,0.013844560567232378,1.9866912799146317,-0.007536330114116092,0.011641342060386925,0.013867844697568068,0.8664903044700623,208,0.3002295680213606,201,0.0009286241776367277,1.6055658176354644,0.0005392654941516013,0.013857214537715766,0.013867703559618794,699,0.585263858825717,176.11624145507812,134.85000610351562
0.8222089930589613,static,3.450000047683716,0.019077115117584142,3.137083565104945,-0.024932267759887484,0.02343154558981195,0.034214840411408626,1.1266791820526123,211,0.3002295680213606,201,0.006042462301205642,2.4246385930551364,-0.01685667215161976,0.025731197575239215,0.030761045572008594,699,0.43945793186674065,176.09632873535156,134.7364959716797
0.0,seed,3.3530001640319824,0.0,0.0,0.015512793248461818,0.015570867527887932,0.02197950568007746,0.0,201,0.2758790548320902,201,0.0,0.0,0.0010081507959499945,0.014186703075016462,0.01422247911462893,700,1.0,184.0,136.0
0.3927934759244434,ambiguous,3.367000102996826,0.015553047672282716,0.4749196518575101,0.004523304106873479,0.013064358703497427,0.013825257624250893,0.618498682975769,202,0.27760910093009805,201,0.014638923538822901,0.4279646237681935,-0.00825129224763077,0.010222414568913565,0.013137030995417036,700,0.6751681716709221,184.3828887939453,135.55792236328125
0.33279868138894886,ambiguous,3.3590002059936523,0.010004277379137783,1.32944755726449,-0.0010173783612800254,0.002159382300297389,0.0023870464278766077,1.2568904161453247,205,0.29123566231989506,201,0.0019283198723707429,0.9878656600979435,-0.00016541332598702394,0.004982884457005979,0.0049856292562008514,700,0.7169145078616592,183.080322265625,135.13243103027344
0.36707218418381454,ambiguous,3.3590002059936523,0.008377083367321347,1.046828556116911,0.0032682286844370866,0.0018576639055129195,0.003759286357757664,1.3123289346694946,207,0.3002295680213606,201,0.004402817597351394,1.0505419458014678,0.013114099421195522,0.0031060034570764236,0.013476901020055441,700,0.6927596369505438,183.20733642578125,134.9225311279297
0.6606893671970409,ambiguous,3.367000102996826,0.0204470053682968,2.1740763448239697,-0.0075637179601758565,0.016545788340623462,0.018192661740212678,0.8952755331993103,208,0.3002295680213606,201,0.00753106897870115,1.8998844266320623,0.002282152776582577,0.017934855639466528,0.01807947090221857,700,0.516494910634544,184.0296173095703,135.1511688232422
0.9604685391912701,static,3.372000217437744,0.026585520036558563,3.457103300922084,-0.02960160949052189,0.025365546337112636,0.03898289657541579,1.420320749282837,211,0.3002295680213606,201,0.013550867220180507,2.696219959383738,-0.019755738753763456,0.027574875089710595,0.03392142317061731,700,0.38271307144337485,183.7925567626953,134.7915802001953
0.0,seed,3.0430002212524414,0.0,0.0,0.015940184752380092,0.0263035171939965,0.030756535999928215,0.0,201,0.2758790548320902,201,0.0,0.0,0.001470871158962008,0.028522956890163768,0.028560856634989206,701,1.0,192.0,136.0
0.7057449611640234,ambiguous,3.063000202178955,0.021913480774633953,1.4399160778573148,0.00239657794158331,0.0037544665590411564,0.004454167146958232,0.6901981830596924,202,0.27760910093009805,201,0.02099935664117414,1.4149948915349633,-0.0103426895538272,0.006728065286425231,0.012338480040314792,701,0.4937406196304799,191.6640625,136.29638671875
0.5877259748723461,ambiguous,3.0480000972747803,0.011208902674721521,1.6962296073466099,0.007797182399629261,0.00759866397423932,0.01088741234483616,1.4430694580078125,203,0.2815773461555924,201,0.008190511433884495,1.6527087485839764,-0.0009738398702866823,0.006560754834721364,0.006632636586929796,701,0.5555892732619166,192.4556427001953,135.87188720703125
0.4652773019564684,ambiguous,3.0450000762939453,0.006199308072652343,1.3794427037780939,0.008891590483773252,0.012399932915801246,0.015258398266118835,1.1564077138900757,205,0.29123566231989506,201,0.0018766494341151407,1.3887175777542349,0.009778884378159993,0.012641366864510117,0.015982200595805192,701,0.6279609462444694,191.2281951904297,135.69186401367188
0.7995912450578424,ambiguous,3.074000120162964,0.033509518321381826,1.5639721459539455,-0.002843106593231402,0.012877656510375063,0.013187770558349925,1.2071157693862915,207,0.3002295680213606,201,0.020729617356709085,1.8267339999116587,0.007038093002620773,0.014425931329391099,0.01605123820251407,701,0.44951266709415116,190.9467010498047,135.62161254882812
1.0523287813431006,static,3.073000192642212,0.03739798167793573,2.753067867926668,-0.01181765807630605,0.017513342235921586,0.021127569634981597,1.2526381015777588,208,0.3002295680213606,201,0.024482045288340082,2.5680933550881897,-0.0019364584804538766,0.015772484956738,0.015890914169960402,701,0.34912376876876255,191.6267852783203,135.694091796875
1.2551441257625344,static,3.070000171661377,0.036116605596085094,3.9751352918617684,-0.026644112345973955,0.02570430787838357,0.03702188766407803,1.1995271444320679,211,0.3002295680213606,201,0.023081952779707038,3.343891883303758,-0.016762912750121782,0.02264943271078818,0.028177864468208316,701,0.2850347644111372,191.37294006347656,135.54949951171875
0.0,seed,3.5270001888275146,0.0,0.0,0.02026599582179667,0.029591053515616493,0.0358655968138432,0.0,201,0.2758790548320902,201,0.0,0.0,0.011913675357441561,0.028905894950554876,0.0312647792798066,702,1.0,208.0,136.0
0.6106700687316002,ambiguous,3.516000270843506,0.00731577102377301,1.7849114823483732,0.007705968280008355,0.016719080981697634,0.018409497983515426,0.1848369538784027,202,0.27760910093009805,201,0.008229895157232825,1.7248981245771566,0.0010836939136608164,0.017357723676667703,0.0173915198799316,702,0.54298690859973,207.13783264160156,135.883056640625
0.6670388127378565,ambiguous,3.5270001888275146,0.00988207122114737,2.0913708668098687,0.0014325683429418376,0.000931905892409978,0.0017090057488222676,0.7546679973602295,203,0.2815773461555924,201,0.006863679980310344,1.9337716180130806,-0.0012214607979111644,0.0019135341435661704,0.002270149642518593,702,0.5132260884167137,207.9033203125,135.5243682861328
0.8335171417962135,ambiguous,3.55400013923645,0.03250210799011466,1.658967671198019,-0.009300930038002926,0.02416066232234276,0.025889088501260493,1.072607398033142,204,0.28446401290015544,201,0.027991918038682062,1.358419258334483,-0.009068292434292819,0.02315694808246911,0.024869221382424145,702,0.43451833301952225,206.92201232910156,134.5538330078125
0.24320592398662155,ambiguous,3.5270001888275146,0.00546568889465604,0.9038824828710967,0.010179413181145704,0.0177136427258452,0.02043021270891156,0.6551653146743774,205,0.29123566231989506,201,0.0026102686121105556,0.702862819567747,0.017183700204595417,0.0170288097261894,0.02419214569673751,702,0.7841100300821001,207.56785583496094,135.11326599121094
0.8788828610846575,static,3.564000129699707,0.04061088723149897,1.5485228873521777,-0.0021325399997024503,0.03552281188159264,0.03558676566963273,0.2781095802783966,207,0.3002295680213606,201,0.02783098626682623,1.610898629892229,0.013865652725212695,0.03460838045071387,0.037282654451065475,702,0.41524649123320606,206.9599609375,135.51870727539062
1.1174178943742175,ambiguous,3.5350000858306885,0.020232724354605658,3.6885436680249364,-0.007099756578567757,0.028079900761003616,0.02896355244480082,0.1704256385564804,208,0.3002295680213606,201,0.0073167879650095635,3.3070331430236344,0.008898436146347388,0.028614637513966677,0.029966308513167433,702,0.3271232941584688,206.9010772705078,135.97283935546875
0.6529346165876797,ambiguous,3.5200002193450928,0.006811690882372545,2.546852268498317,-0.005185682402015937,0.009719566906482019,0.011016409706622127,1.468982219696045,209,0.3002295680213606,201,0.006103711883830076,1.9045607016624477,0.01081251032289921,0.010708845132245556,0.015218072924954109,702,0.4992736412214555,207.88072204589844,134.3235321044922
1.0771758505373068,static,3.5470001697540283,0.03849820798020431,3.165276101712935,-0.018817299824159917,0.022996684114552447,0.029714276920982573,1.3728737831115723,210,0.3002295680213606,201,0.025456400441018268,2.607222851546476,-0.0028191070992447695,0.02271760343132707,0.02289185161798966,702,0.33850086707174903,208.74623107910156,135.340087890625
0.0,seed,3.267000198364258,0.0,0.0,0.017643311307765742,0.02256367092666695,0.028642724723560255,0.0,201,0.2758790548320902,201,0.0,0.0,0.0034010101939392348,0.022874870220022017,0.023126317431059546,703,1.0,192.0,144.0
0.45818887133368624,ambiguous,3.264000177383423,0.001265217990893408,1.4156151283380831,0.008507092746904742,0.007915679810730132,0.011620181318311685,0.48826882243156433,202,0.27760910093009805,201,0.002179342124353667,1.3648140013540526,-0.004005162268914191,0.00687888423004871,0.007959922929950184,703,0.6324280174034391,191.45835876464844,143.8900146484375
0.641343825115602,ambiguous,3.248000144958496,0.01315866430810031,1.6516433807803506,0.012592964662947273,0.019403048551311888,0.02313138673073461,1.1429362297058105,203,0.2815773461555924,201,0.01617705554893689,1.506922704506808,0.004048954872622935,0.018166550802258017,0.018612297107330904,703,0.5265841228156452,192.20126342773438,143.3624725341797
0.8670068306506765,ambiguous,3.2940001487731934,0.03004359291320391,1.9954850738895986,-0.009957782699984749,0.017895804915491073,0.02047967943776049,1.243772268295288,204,0.28446401290015544,201,0.025533402961771756,1.7601314151955163,-0.015615125745746038,0.01906872971167811,0.024646472463062463,703,0.41965885639389505,190.57562255859375,142.91970825195312
0.5299893657387565,ambiguous,3.264000177383423,0.000646201455405393,1.7117036064342546,0.0070334436259941475,0.006706466798684642,0.009718334536426348,0.45531636476516724,205,0.29123566231989506,201,0.007429756051362091,1.489124366326583,0.008147749999972463,0.005476982434392717,0.009817492890178105,703,0.588611229090654,190.7958221435547,143.56407165527344
0.38842934498034243,ambiguous,3.2740001678466797,0.009023090747469986,0.9486465448433122,0.011836326417155296,0.010570863195541716,0.015869523362480258,1.0580015182495117,206,0.2996387806033801,201,0.0033321739881464474,1.4567075212536504,0.021353751074618486,0.011587739086624905,0.024295233732081374,703,0.67811951608249,190.6281280517578,142.7642059326172
0.3931357215719412,ambiguous,3.2740001678466797,0.008785063433758289,1.1557432936111525,0.005126072589906641,0.007988800104003772,0.009491972782236728,0.8974156975746155,207,0.3002295680213606,201,0.003994837530914452,1.1407161879185825,0.01523428466535039,0.008675751437418418,0.01753146007236128,703,0.6749371378402553,191.0874786376953,142.9729766845703
0.7835203429212199,ambiguous,3.2820000648498535,0.021904517055534978,2.6282397554853136,-0.008349094047865595,0.015943565628164427,0.017997351370679263,0.6560997366905212,208,0.3002295680213606,201,0.008988580665938883,2.2518142960753815,0.001759118027578156,0.016401387476466762,0.016495454143131413,703,0.45679510208835095,191.5931854248047,143.25999450683594
1.3288804052857741,static,3.317000150680542,0.05767755130606966,2.639116393215052,-0.026630343380042373,0.040347980792110646,0.048343921464228536,0.9890965819358826,209,0.3002295680213606,201,0.04476214853986704,2.1500644782787433,-0.01652213130459862,0.04147477208199396,0.044644569010124216,703,0.2646935210819839,191.6838836669922,142.62417602539062
1.260493082342905,static,3.2970001697540283,0.04053140802121025,3.5393106716162035,-0.018615740762437105,0.03567864761399791,0.04024315717855771,1.1002055406570435,210,0.3002295680213606,201,0.0274896004820242,3.1699993356843175,-0.008507528686993353,0.03627607449941174,0.03726032240127406,703,0.28350784224970216,192.32058715820312,143.87698364257812
1.2077845622755918,static,3.2970001697540283,0.0390033853885261,3.7491522006290383,-0.029772646571870637,0.027327490850005097,0.04041289695197107,0.6702783703804016,211,0.3002295680213606,201,0.025968732572148046,3.0553775811174524,-0.019664434496426887,0.027764873054201257,0.03402320031655127,703,0.29885811487248465,191.56393432617188,143.17422485351562
0.0,seed,3.245000123977661,0.0,0.0,0.044211967423610894,0.007816493669185453,0.044897612817908786,0.0,204,0.28446401290015544,204,0.0,0.0,0.03242090056920065,0.007832918987153064,0.033353701647302926,704,1.0,136.0,24.0
0.5714457679778325,ambiguous,3.2730002403259277,0.02561822413242343,0.7071378223287963,0.010423006730842614,0.007745454578114065,0.012985805170755434,0.6017595529556274,205,0.29123566231989506,204,0.022057050024928415,0.44979351125892103,0.005403589296172004,0.006906928798034467,0.008769517814727472,704,0.5647084108882546,135.3524932861328,24.265396118164062
0.22299070205273838,ambiguous,3.2430002689361572,0.007012786012138061,0.4133894783071256,0.04323805010985308,0.004665731248370302,0.0434890563864541,0.5061366558074951,206,0.2996387806033801,204,0.0008782256131469879,0.9901403551164526,0.0466217509586677,0.0038388726287730433,0.04677953190779034,704,0.800122288754812,135.1583251953125,23.68097686767578
0.6889309513057794,ambiguous,3.2820000648498535,0.035670371133525336,0.7659360514459872,0.0011568126404580478,0.010902255212313154,0.01096345676324456,0.44727715849876404,207,0.3002295680213606,204,0.02739612116039236,0.22316645958224413,0.005131300907252871,0.010238800579397807,0.011452654116206032,704,0.5021125650268008,135.1332244873047,24.10411262512207
0.8096179895957625,static,3.2830002307891846,0.03485028541003654,1.9454828684941197,-0.010257276773899877,0.005692484410462333,0.01173098911344404,0.2164238840341568,208,0.3002295680213606,204,0.02648796033255607,1.3974132753722224,-0.006282788507105055,0.006532350250271036,0.009063389609700524,704,0.44502803909628325,135.57167053222656,23.92185401916504
0.575004544348373,ambiguous,3.260000228881836,0.014565944682701115,2.165161660379709,0.009602804443781011,0.022428462951641772,0.024397741771702314,0.4797801971435547,209,0.3002295680213606,204,0.006203965095640029,1.6610750676397716,0.013577292710575834,0.023190473408383195,0.02687268007202824,704,0.5627023116858109,135.36956787109375,23.73387336730957
1.0682192394660885,static,3.2830002307891846,0.030478645387667314,3.3062069695186787,-0.02172032052629493,0.023781819765865738,0.032207875979969734,0.2954446077346802,210,0.3002295680213606,204,0.022034825988830775,2.745670198253158,-0.017745832259500136,0.024532867389234454,0.030278311460847335,704,0.34361987763083285,136.01548767089844,23.76099395751953
1.266043053875258,static,3.3000001907348633,0.04581327883921915,3.121632676899632,-0.03426882558044234,0.01304111183945279,0.03666637430496633,0.1562121957540512,211,0.3002295680213606,204,0.03737409171141248,2.5629391848215164,-0.03029433731364755,0.013875435776245663,0.0333207831728754,704,0.2819450588282948,135.6717529296875,24.02426528930664
0.0,seed,3.0880000591278076,0.0,0.0,0.0482182148774775,0.016504059274016457,0.05096449959031131,0.0,204,0.28446401290015544,204,0.0,0.0,0.03694961260700475,0.016504059274016165,0.04046798542462873,705,1.0,144.0,32.0
0.4343926523286007,ambiguous,3.1090002059936523,0.01891557996377724,0.8860257342520839,0.019561081891707733,0.009908466822037701,0.02192746313501674,0.5354222059249878,205,0.29123566231989506,204,0.015354405856282227,0.6100289170005576,0.015064129040974246,0.009908466822037193,0.018030687688674978,705,0.6476579011691805,143.2606658935547,32.06648254394531
1.187279461916291,static,3.1440000534057617,0.0546173599079669,1.436011247536674,-0.01956108189170693,0.009908466822037118,0.02192746313501576,0.8205962777137756,207,0.3002295680213606,204,0.046343109934833926,0.7784414525277784,-0.015064129040974619,0.00990846682203738,0.01803068768867539,705,0.3050498182549221,142.61428833007812,31.59233283996582
1.6311884759922668,static,3.1530001163482666,0.058110461983337025,3.7963996879990183,-0.04632122443717086,0.022182761516744746,0.05135884287897778,0.5231950283050537,211,0.3002295680213606,204,0.04967127485552991,3.1731345154142576,-0.04182427158643891,0.022182761516744257,0.04734284108759159,705,0.19569683152103076,142.97447204589844,31.66101837158203
0.0,seed,3.3990001678466797,0.0,0.0,0.012809019798062286,0.007006577348138129,0.014600106654493792,0.0,204,0.28446401290015544,204,0.0,0.0,0.007443734180258947,0.0048422539687507996,0.008880123988111777,706,1.0,160.0,32.0
0.1957617404952307,ambiguous,3.4070000648498535,0.005295110204546205,0.6813667320753009,0.0004507650250459538,0.00507037565838583,0.005090373112548452,0.9385437369346619,205,0.29123566231989506,204,0.001733936097051192,0.5727060113525108,0.0018571288269822513,0.00593743897331011,0.0062211019153997375,706,0.8222081102398159,159.83140563964844,31.9415225982666
1.7771008596229758,static,3.4690001010894775,0.06698249454312233,3.64605437601152,-0.09164888271817287,0.012918824663143856,0.09255492279812273,1.002841591835022,211,0.3002295680213606,204,0.058543307415315216,3.0239243864358456,-0.08124861321477114,0.012456412306202785,0.08219792793535373,706,0.16912768167249254,159.21881103515625,31.17092514038086
0.0,seed,3.640000104904175,0.0,0.0,0.07511661381198514,0.014745510046155732,0.07655021709374962,0.0,204,0.28446401290015544,204,0.0,0.0,0.05935105869078007,0.01474551004615569,0.06115536145128813,707,1.0,168.0,32.0
1.0433222507351712,static,3.6760001182556152,0.03750811194021342,2.846945057875515,0.0029821303851385096,0.011709656092777819,0.01208342449163709,1.2261645793914795,208,0.3002295680213606,204,0.029145786862732947,2.2401750720128413,0.0029821303851384853,0.011709656092777857,0.01208342449163712,707,0.3522823233296339,166.85943603515625,30.8964786529541
1.3465678633863136,static,3.6720001697540283,0.03351660452238914,4.174012793443075,-0.009602982838358426,0.010890048433561048,0.014519312458898042,1.1274199485778809,210,0.3002295680213606,204,0.025072785123552155,3.5753432675655854,-0.00960298283835845,0.010890048433560985,0.014519312458898011,707,0.26013153725282984,167.24244689941406,30.840312957763672
1.2596565796162809,static,3.6720001697540283,0.031261038533608065,3.9649326626100785,-0.004302920725480402,0.010876713028403493,0.011696923231004427,1.2465745210647583,211,0.3002295680213606,204,0.022821851405800953,3.369110374520284,-0.004302920725480427,0.010876713028403467,0.011696923231004413,707,0.28375145580304123,166.90512084960938,31.141611099243164
0.0,seed,3.510000228881836,0.0,0.0,0.011850054879054607,0.003666636015328785,0.012404354892758915,0.0,204,0.28446401290015544,204,0.0,0.0,0.008464230169184794,0.0036666360153290796,0.009224283821839306,708,1.0,184.0,24.0
0.3135276440351754,ambiguous,3.5240001678466797,0.010431149952752516,1.0297623845047874,-0.011850054879054628,0.0036666360153290813,0.012404354892759022,0.7162055969238281,205,0.29123566231989506,204,0.006869975845257503,0.7869025076364974,-0.008464230169184834,0.00366663601532873,0.009224283821839202,708,0.7308483177939653,183.2329559326172,23.893932342529297
0.0,seed,3.806000232696533,0.0,0.0,0.024488706457798423,0.007166901108672851,0.025515901228012977,0.0,204,0.28446401290015544,204,0.0,0.0,0.01524014301456548,0.006956473730721065,0.016752745621856177,709,1.0,96.0,40.0
0.2826779259744885,ambiguous,3.7970001697540283,0.010567872174072512,0.3015986167603475,0.03528536441295124,0.013280693468745643,0.03770190659324206,0.5792601108551025,205,0.29123566231989506,204,0.01412904628156797,0.38241142620630053,0.03280845038945797,0.013224901896042161,0.03537361229953005,709,0.7537625160972279,96.16300964355469,40.29404067993164
0.6391506689520504,ambiguous,3.7720000743865967,0.019358444236166505,1.2524603907289287,0.06407015699268391,0.009129530060577713,0.06471733412459257,0.6496371030807495,206,0.2996387806033801,204,0.02724945586145111,1.6915330286291594,0.06999636125267589,0.008832002058701218,0.0705513631971772,709,0.5277404601086744,95.69451141357422,39.96458435058594
0.05473918203386403,ambiguous,3.806000232696533,3.272646940111201e-05,0.1641992020382759,0.0218585688902681,0.007723889088895427,0.02318308643360832,0.6906111240386963,207,0.3002295680213606,204,0.008306976442534086,0.2923590522552951,0.028375560568240317,0.007606124413388437,0.02937729678091261,709,0.9467320404803548,95.72465515136719,40.0499267578125
0.6755049677948796,ambiguous,3.8480002880096436,0.03176170876859885,1.3963810683992217,-0.02654296431613397,0.005128731473095922,0.02703392019686908,0.2637702226638794,208,0.3002295680213606,204,0.02339938369111838,1.0133606933449493,-0.02002597263816181,0.005111138481052639,0.020667929665955966,709,0.5088993779171884,96.30506896972656,40.090389251708984
0.7200825256634222,ambiguous,3.8440001010894775,0.029162146823493273,1.8338200950334418,-0.026371979513630985,0.013354627770999924,0.02956057148245505,0.3763137757778168,209,0.3002295680213606,204,0.020800167236432188,1.4943327810129396,-0.01985498783565877,0.013657777745378121,0.024098867917317267,709,0.4867120880645902,95.91862487792969,39.969520568847656
1.3768766387494873,ambiguous,3.879000186920166,0.05168265210902634,2.953921415846171,-0.06788969654287089,0.017406998281724925,0.07008576521564897,0.3924405574798584,210,0.3002295680213606,204,0.04323883271018936,2.5584413859752058,-0.06137270486489867,0.017715123128587484,0.0638782787017228,709,0.25236555216530876,96.687255859375,39.97060012817383
1.3892070049982392,static,3.883000135421753,0.05481790252709251,2.6998996919632448,-0.06886934433602689,0.012739088609349325,0.07003763965091266,0.4112769067287445,211,0.3002295680213606,204,0.0463787153992854,2.2955986012108243,-0.06235235265805467,0.012944203354764199,0.06368177355008187,709,0.24927289843839912,96.4835433959961,40.156158447265625
0.0,seed,3.18500018119812,0.0,0.0,0.02051308650468759,0.019320657100060805,0.028179327684082992,0.0,204,0.28446401290015544,204,0.0,0.0,0.010130685120217899,0.015870678705698898,0.01882841532324292,710,1.0,120.0,40.0
0.3280693566011796,ambiguous,3.1760001182556152,0.010520106172730692,0.5883298046676891,0.024716070580542492,0.019093495205609996,0.031232126154154317,0.1793365329504013,205,0.29123566231989506,204,0.014081280280225705,0.4907478483567346,0.021105318615812437,0.016628342963825628,0.026868871647271836,710,0.7203130595071939,119.92853546142578,39.96989059448242
0.3059217521453226,drawer,3.1670000553131104,0.007916152354832562,0.6998569909851557,0.03407841199329167,0.0243739712490437,0.041897835724936126,0.9140194058418274,206,0.2996387806033801,204,0.015807163980117167,1.2053154452848522,0.03887077831204686,0.02114414911178488,0.044249434439839856,710,0.7364418720268285,119.46087646484375,39.3494987487793
0.24181143683124381,ambiguous,3.181000232696533,0.004701800923886168,0.6339585528623468,0.016828721792614115,0.017645686629591872,0.02438393187742622,0.673562228679657,207,0.3002295680213606,204,0.012976050897018698,0.3244086987905366,0.022211875529349525,0.014881768042814396,0.026736387837766117,710,0.7852042241899533,119.5544204711914,39.6743278503418
0.4932681029457386,static,3.2110002040863037,0.02058255241709439,1.7293386550916536,-0.020250637775890926,0.013480442420425977,0.02432715885961122,0.41495561599731445,208,0.3002295680213606,204,0.012220227339613476,1.161816374755111,-0.01486748403915592,0.009982351646637803,0.017907803496009456,710,0.610627026529722,119.90420532226562,39.65854263305664
0.5628024288837102,ambiguous,3.187000036239624,0.0016429154562955794,2.0660426096901414,-0.00209622211734638,0.004521680380309133,0.0049839482969754705,0.8470079302787781,209,0.3002295680213606,204,0.010004895043356221,1.5125039961784912,0.0032869316193890282,0.007896172913684194,0.008552979957496647,710,0.5696101924874103,119.57666778564453,39.28012466430664
1.2802479660466721,static,3.242000102996826,0.04526039576067342,3.2255056460682905,-0.06070291578567608,0.013895148886115354,0.06227294073231322,0.5587324500083923,210,0.3002295680213606,204,0.036816576361836884,2.6696159895546,-0.055319762048941075,0.011463287585614625,0.05649498239155374,710,0.27796518409464105,120.20360565185547,39.505191802978516
0.98369112829537,static,3.2240002155303955,0.02600302704795876,3.196959451954715,-0.04196089003339299,0.004889403913220797,0.042244793324398185,0.43237027525901794,211,0.3002295680213606,204,0.01756383992015209,2.640754904154599,-0.03657773629665798,0.006239844730509667,0.0371061511726657,710,0.3739282864158701,119.74385833740234,39.73970413208008
1.2874812641652735,static,3.252000093460083,0.05506891377297318,2.158004531973597,-0.056089589161862186,0.030011701725569256,0.06361402559822027,0.8287577629089355,212,0.3002295680213606,204,0.04668387928176454,1.6307770420021235,-0.05070643542512681,0.026887669145420037,0.057394157765369526,710,0.2759613068418629,119.76509094238281,39.187435150146484
0.0,seed,3.7330002784729004,0.0,0.0,0.001728004578355421,0.0139330221866951,0.014039768768671199,0.0,204,0.28446401290015544,204,0.0,0.0,-0.004193402639779359,0.014619943112966698,0.015209449770642293,711,1.0,160.0,40.0
0.34235034877678455,ambiguous,3.7280001640319824,0.007781800786053061,0.8451058926123157,0.0009758496422378046,0.001528760982425471,0.0018136682898595713,0.20465709269046783,205,0.29123566231989506,204,0.011342974893548075,0.8137515507235437,0.0018260918438426602,0.0011878984746125074,0.0021784660217996077,711,0.7100993786750598,160.08950805664062,39.76066970825195
0.48957122442123463,ambiguous,3.747000217437744,0.012054320540759722,1.6505555048517915,-0.027634715862298743,0.01762311507626933,0.03277577925513621,1.1275289058685303,207,0.3002295680213606,204,0.0037800705676267476,1.441091462439294,-0.017790567959228457,0.014963463803989717,0.02324671067753966,711,0.612887230130399,159.71730041503906,38.65188980102539
0.0,seed,3.8990001678466797,0.0,0.0,-0.0008394104594290195,0.0094420066429277,0.00947924571706471,0.0,204,0.28446401290015544,204,0.0,0.0,-0.0009630366417560697,0.010832600745800568,0.010875324293614597,712,1.0,168.0,40.0
0.7350321197295713,ambiguous,3.876000165939331,0.02612461641118724,1.011638424044953,0.013053430977581494,0.014364903917941993,0.019409856384275215,0.04967893660068512,205,0.29123566231989506,204,0.02968579051868314,1.0094242789290906,0.01970145421499405,0.013118371066074396,0.023669367494986528,712,0.4794900576365686,168.2375030517578,39.63581085205078
0.6713091119328656,ambiguous,3.9080002307891846,0.008460232137654788,2.582402998181784,-0.04934057611160557,0.017474643467328164,0.05234363013142456,1.176089882850647,211,0.3002295680213606,204,2.1045009847675544e-05,2.0139267172881095,-0.03369864717272755,0.017178397543199095,0.03782454445758954,712,0.5110391322663784,168.57716369628906,38.74299240112305
0.0,seed,3.704000234603882,0.0,0.0,0.02158893672764354,0.008782568259171683,0.0233069880992205,0.0,204,0.28446401290015544,204,0.0,0.0,0.010774886094754294,0.009728089599621343,0.014516676534702783,713,1.0,104.0,48.0
0.19625494165408627,ambiguous,3.700000286102295,0.005345118104703062,0.43120314426723716,0.03127034385829883,0.013824935395721289,0.03419010447062299,0.6132885813713074,205,0.29123566231989506,204,0.008906292212198075,0.6070938674967313,0.027227942645149186,0.014882338093491774,0.031029741343049092,713,0.8217568479012866,104.37919616699219,48.471439361572266
0.6438984002895384,ambiguous,3.6740002632141113,0.01697761248816665,1.4526183743306804,0.061019394646005885,0.005522511581947441,0.06126879023726317,0.6717827320098877,206,0.2996387806033801,204,0.024868624113451254,1.924365165780264,0.06538011171634149,0.007184322481323423,0.06577365352142864,713,0.5232123676329512,103.7204818725586,48.403018951416016
0.13292625950717288,ambiguous,3.7090001106262207,0.0048395957889786345,0.16515908261484874,0.016305845253528732,0.012052022519491919,0.02027638617314155,0.10762550681829453,207,0.3002295680213606,204,0.00343465418415434,0.5073233487711531,0.021257349741844525,0.013391316315948235,0.025123739186691123,713,0.8754860245264912,103.92240142822266,48.03569030761719
0.7563329073241473,static,3.748000144958496,0.035218143273944236,1.470226870647407,-0.03242703613159207,0.0048165251263803666,0.03278279406293232,0.3618358075618744,208,0.3002295680213606,204,0.026855818196463765,1.0447049767417862,-0.027475531643276273,0.006082082413613464,0.02814065680766286,713,0.4693335205155736,104.20228576660156,47.95603561401367
0.5891419160021006,ambiguous,3.7350001335144043,0.023554418372161656,1.6481893376369092,-0.01674176089233038,0.012840770058010036,0.021099097929974397,0.4715268015861511,209,0.3002295680213606,204,0.015192438785101015,1.3511056290575607,-0.011790256404014585,0.011669503651197137,0.016588775166892528,713,0.5547846296904093,104.09805297851562,48.15170669555664
1.2704776717431732,static,3.7700002193450928,0.047655104951589866,2.8408283484514087,-0.060952583430848896,0.016162129725943896,0.06305895546369948,0.5208132266998291,210,0.3002295680213606,204,0.03921128555275377,2.4245502643575687,-0.05600107894253311,0.014970892938421134,0.05796765027238462,713,0.28068148030316237,104.68024444580078,47.99317932128906
1.3362696997846306,static,3.7740001678466797,0.05072204753398113,2.877682650707601,-0.06542637371162041,0.014668957335915682,0.06705064269919812,0.38769978284835815,211,0.3002295680213606,204,0.04228286040617402,2.452335376094096,-0.060474869223304625,0.013586795281509384,0.06198234275660643,713,0.26282297103636204,104.19539642333984,48.14182662963867
0.0,seed,3.630000114440918,0.0,0.0,0.01590737880501519,0.013131879103900682,0.020627431959546246,0.0,204,0.28446401290015544,204,0.0,0.0,0.007965104493920407,0.01261747981934735,0.014921249498306388,714,1.0,112.0,56.0
0.284677138095165,ambiguous,3.621000289916992,0.010148709863888605,0.38731821818908096,0.02930366497610369,0.017882527692257025,0.03432913598819617,0.1827463060617447,205,0.29123566231989506,204,0.013709883971383618,0.5782866454453285,0.02813304008474852,0.017314178135989185,0.03303405377689563,714,0.7522504542466616,112.32767486572266,56.48009490966797
0.36293982041966555,ambiguous,3.622000217437744,0.003544744943175804,1.0558638525919775,0.028288208171142436,0.01086871369303085,0.030304317495613818,0.6152359843254089,206,0.2996387806033801,204,0.0043462666821092455,1.5359565151266488,0.03552070156327251,0.011021562171177376,0.03719133060593823,714,0.6955784567200886,111.254150390625,56.3738899230957
0.13710122686240908,ambiguous,3.625000238418579,0.005280327787259509,0.11106415487010099,0.01956016192472273,0.015303783279209941,0.024835573622898236,0.5854511857032776,207,0.3002295680213606,204,0.013554577760392483,0.4639940132341623,0.027383442734832987,0.014701428955098966,0.031080298411271728,714,0.8718782220778782,111.82170104980469,56.0810661315918
0.6069387179690677,ambiguous,3.6650002002716064,0.027557585784102834,1.5094262616450111,-0.027077239277410667,0.0021882680168036506,0.02716551865508032,0.3116333484649658,208,0.3002295680213606,204,0.019195260706622364,1.114807170481253,-0.019253958467300412,0.0028357870716302475,0.0194616701486834,714,0.544966675230029,112.10423278808594,56.14460372924805
0.611326324224206,ambiguous,3.6560001373291016,0.01984220873617204,1.9113840936069035,-0.01847729203356111,0.013982116869820819,0.02317131660167002,0.20293684303760529,209,0.3002295680213606,204,0.011480229149110954,1.619298699222063,-0.010654011223450853,0.014255584820938258,0.017796900115929794,714,0.5425355656845663,111.8366470336914,56.25783920288086
0.7713549173568263,ambiguous,3.6630001068115234,0.017386472892157556,2.632741226237749,-0.03077511649605894,0.021251208846408548,0.037399487600496245,0.5261958837509155,210,0.3002295680213606,204,0.008942653493321018,2.214736668788971,-0.022951835685948684,0.021186501027649546,0.031235470016463377,714,0.462306499230004,112.77751922607422,56.13688278198242
1.1710403791921966,ambiguous,3.688000202178955,0.041388420556415007,2.9204668326922194,-0.05695982098969781,0.016007791325911624,0.05916646508210839,0.2519558370113373,211,0.3002295680213606,204,0.03294923342860834,2.497043796154715,-0.04913654017958756,0.016324282349875225,0.05177723220739662,714,0.31003829624447377,112.0444564819336,56.33106994628906
0.0,seed,3.134000062942505,0.0,0.0,0.06213296020864675,0.010623101774830062,0.06303455429847726,0.0,204,0.28446401290015544,204,0.0,0.0,0.04636740508744171,0.0106231017748299,0.047568755983957677,715,1.0,128.0,48.0
0.20425768854371226,ambiguous,3.130000114440918,0.005350885249685078,0.46307232922021374,0.06089666565150925,0.013968128607422983,0.062478096195908654,0.2971077561378479,205,0.29123566231989506,204,0.008912059357180091,0.23432184780510973,0.051902759950043856,0.013968128607422739,0.05374946611107294,715,0.8152516798349565,127.6834487915039,48.18336868286133
0.99581964820343,static,3.177000045776367,0.038675089139866614,2.5212171585058574,-0.001817698132417498,0.0033863939847034704,0.003843395727768597,1.4850541353225708,208,0.3002295680213606,204,0.030312764062386144,1.9381183734575924,-0.001817698132417498,0.0033863939847034704,0.003843395727768597,715,0.36892031585359636,127.06342315673828,47.607933044433594
1.1477395854466115,static,3.177000045776367,0.03349246497384328,3.47025431039073,-0.007848688368344564,0.012295714443493973,0.014587203391306147,1.0093119144439697,210,0.3002295680213606,204,0.025048645575006745,2.8855563631793735,-0.007848688368344533,0.012295714443493927,0.014587203391306092,715,0.3170905319354347,127.87409210205078,47.45287322998047
1.5216134400916168,static,3.194000244140625,0.04918413835300939,3.9594702466534963,-0.02599226955096078,0.013786759839836476,0.029422318455402705,1.441343903541565,211,0.3002295680213606,204,0.040744951225202275,3.3910791042706987,-0.02599226955096078,0.013786759839836476,0.029422318455402705,715,0.21835299357603913,126.8727035522461,47.824031829833984
0.0,seed,3.7950000762939453,0.0,0.0,0.050201387642906624,0.018004495225125344,0.05333236512273705,0.0,204,0.28446401290015544,204,0.0,0.0,0.03443583252170154,0.018004495225125126,0.038858569322277305,716,1.0,136.0,56.0
0.45406428525661324,ambiguous,3.818000078201294,0.02126083355935915,0.40941733946131686,0.026709144724458716,0.02164084138089553,0.03437592802507536,0.3274005353450775,205,0.29123566231989506,204,0.017699659451864136,0.30558294668648817,0.017715239022993295,0.021640841380895327,0.027967046846509483,716,0.6350419081016923,135.8612060546875,56.13523483276367
0.4628553198069527,ambiguous,3.807000160217285,0.020909046979568746,0.9756118864793247,0.03129803473714336,0.002023618074728076,0.031363386432587265,1.2708545923233032,206,0.2996387806033801,204,0.013018035354283697,0.9873453921663402,0.030707247319163175,0.002023618074728247,0.030773853642867364,716,0.6294836997433905,134.09213256835938,56.20896530151367
0.7803427565643549,ambiguous,3.8340001106262207,0.03799826001738449,1.1236960790922914,0.004114245728489857,0.006734428913764721,0.007891739396923045,1.0461015701293945,207,0.3002295680213606,204,0.029724010044251514,0.7145848520323199,0.004114245728489841,0.006734428913764698,0.007891739396923019,716,0.4582489165598745,134.70693969726562,56.2172737121582
1.066585592785395,static,3.8450002670288086,0.04617327756941947,1.9419463113611872,-0.013833853925033703,0.0009675763665206916,0.013867650069287866,0.8802924156188965,208,0.3002295680213606,204,0.037810952491939,1.4820796937684293,-0.013833853925033685,0.0009675763665206842,0.01386765006928785,716,0.34418168987975545,135.61062622070312,55.93218231201172
1.3256215920419692,ambiguous,3.8430001735687256,0.046286286209475946,3.1271259675155054,-0.01659361994775771,0.0280223946305176,0.03256689766924513,1.0435221195220947,209,0.3002295680213606,204,0.03792430662241486,2.7794388171251274,-0.01659361994775771,0.0280223946305176,0.03256689766924513,716,0.2656377894242178,134.6069793701172,56.43107604980469
1.4802867620493927,static,3.8610002994537354,0.057391466296277116,3.0099796817852376,-0.041623238558614294,0.005081854226549685,0.04193231725635034,1.319478988647461,210,0.3002295680213606,204,0.04894764689743969,2.4988916166188795,-0.041623238558614294,0.005081854226549685,0.04193231725635034,716,0.22757241989248322,136.35708618164062,55.375160217285156
1.48044069680596,ambiguous,3.8570001125335693,0.05193571933753738,3.4222435054150604,-0.03031470512548166,0.026278113648623185,0.04011883103699384,0.5575610399246216,211,0.3002295680213606,204,0.04349653220973071,3.01382359189337,-0.03031470512548166,0.026278113648623185,0.04011883103699384,716,0.227537391283555,135.42471313476562,56.674171447753906
0.0,seed,3.7860002517700195,0.0,0.0,0.039815928654369524,0.005938252933861988,0.04025631655425475,0.0,204,0.28446401290015544,204,0.0,0.0,0.024050373533164453,0.005938252933861764,0.02477263237912465,717,1.0,144.0,48.0
0.13589096155865452,ambiguous,3.7950000762939453,0.006794880771994638,0.21831241926805467,0.03329965429476783,0.010442269295691758,0.03489853813836328,0.45891085267066956,205,0.29123566231989506,204,0.0032337066644991808,0.32768483363572515,0.024305748593302395,0.010442269295691555,0.026453929816278036,717,0.8729378110778739,144.0504913330078,48.371986389160156
0.22376653272907474,ambiguous,3.7910001277923584,0.013184024399842897,0.3559439869177975,0.025519065139451787,0.014278297084731816,0.029241963908592808,0.9309629201889038,206,0.2996387806033801,204,0.005293012774557848,0.5413439195404299,0.024928277721471583,0.014278297084731618,0.02872784011718723,717,0.7995004357656805,142.89251708984375,47.188961029052734
0.34529725434449887,ambiguous,3.809000253677368,0.021636836380368507,0.5926701950785236,0.011980175462596752,0.013916914061547112,0.01836314518569989,0.41181373596191406,207,0.3002295680213606,204,0.013362586407235533,0.2620667283053964,0.011980175462596752,0.013916914061547112,0.01836314518569989,717,0.7080098631769958,143.5066375732422,47.76655197143555
0.4835975708141651,static,3.813000202178955,0.024553351976877025,1.3185923459368885,0.0,0.0,0.0,0.455517441034317,208,0.3002295680213606,204,0.016191026899397,0.7938572851310516,0.0,0.0,0.0,717,0.61656127424478,144.260009765625,47.69097137451172
0.8122374218497547,static,3.818000078201294,0.032187837426102206,2.153804924465777,-0.015790804806866177,0.010335093617464482,0.018872299185057003,0.7015495896339417,209,0.3002295680213606,204,0.02382585783904112,1.6566274377914205,-0.015790804806866177,0.010335093617464482,0.018872299185057003,717,0.4438638437278625,143.47393798828125,47.332157135009766
0.9606553674239691,static,3.829000234603882,0.03697641774573146,2.456579613844453,-0.0264324733014761,0.0077214111239256745,0.027537171869637046,0.906053900718689,210,0.3002295680213606,204,0.028532598346894922,1.9303793778043747,-0.0264324733014761,0.0077214111239256745,0.027537171869637046,717,0.3826420326602984,144.8851318359375,47.474361419677734
0.9204946592828421,static,3.827000141143799,0.033287633560761254,2.528118259872017,-0.02076767954644311,0.015737237243439516,0.026056806208744218,0.04565611481666565,211,0.3002295680213606,204,0.02484844643295414,2.0378086276500658,-0.02076767954644311,0.015737237243439516,0.026056806208744218,717,0.39832195868978904,144.2801513671875,48.033145904541016
1.420623195483882,static,3.8520002365112305,0.05941421584285056,2.41353589798115,-0.04676177749022132,0.012077902381422253,0.048296372120275606,1.490255355834961,212,0.3002295680213606,204,0.05102918135164192,1.8751426029614389,-0.04676177749022132,0.012077902381422253,0.048296372120275606,717,0.2415634287411183,143.6042022705078,46.404563903808594
0.0,seed,3.8960001468658447,0.0,0.0,0.024075355824338767,0.008974670108037944,0.025693724167909802,0.0,204,0.28446401290015544,204,0.0,0.0,0.008309800703133696,0.00897467010803809,0.012231005325561496,718,1.0,160.0,48.0
0.41066722758233104,ambiguous,3.8930001258850098,0.004888562106704963,1.1761809700324264,0.013865102795293956,0.014322283466909965,0.019934113454843957,0.8714132905006409,207,0.3002295680213606,204,0.013162812079837938,1.0050170228763775,0.013865102795293956,0.014322283466909965,0.019934113454843957,718,0.663207592077663,159.7624969482422,47.112308502197266
0.3120979968171823,ambiguous,3.8980002403259277,0.002186769523908616,1.3313912851445757,0.00034765712730046885,0.003910578988573781,0.003926002229245107,1.3780232667922974,208,0.3002295680213606,204,0.006175555553572298,0.8137094540327998,0.00034765712730046885,0.003910578988573781,0.003926002229245107,718,0.7319097998829421,160.60304260253906,47.00871658325195
0.4404820643334857,ambiguous,3.9020001888275146,0.00942443868091214,1.8837449450418464,-0.012794146077774632,0.009646078853686898,0.016023015044334867,1.4271035194396973,209,0.3002295680213606,204,0.0010624590938510536,1.3190414823977488,-0.012794146077774632,0.009646078853686898,0.016023015044334867,718,0.643726028915579,159.89111328125,46.748291015625
0.6034050642595349,ambiguous,3.9020001888275146,0.003055812708396388,2.32557058227455,-0.013910777240197222,0.01957878362612893,0.024017462224497476,1.2003763914108276,211,0.3002295680213606,204,0.005383374419410725,1.764613978574754,-0.013910777240197222,0.01957878362612893,0.024017462224497476,718,0.546946075186645,160.61227416992188,47.300533294677734
0.0,seed,3.746000289916992,0.0,0.0,0.04152306372392193,0.011339484029733747,0.04304356768532863,0.0,204,0.28446401290015544,204,0.0,0.0,0.02575982494338775,0.011364398409331795,0.02815525052845392,719,1.0,112.0,64.0
0.27226816898849054,ambiguous,3.7370002269744873,0.009915491529803866,0.3378411365383715,0.04659674434894023,0.019694877084220155,0.05058799034635626,0.4699021279811859,205,0.29123566231989506,204,0.013476665637298879,0.25705646733156096,0.037605154988145664,0.019720880965069736,0.04246246375000992,719,0.7616330947849196,111.9093017578125,64.16703796386719
0.6370097093566678,ambiguous,3.766000270843506,0.0315347114823501,0.4936781556565355,0.013877762066952185,0.013315203071563229,0.019232444275855937,1.1551401615142822,206,0.2996387806033801,204,0.023643699857065048,0.7124038702486445,0.013289290989642858,0.013297944174724576,0.018800015273437786,719,0.5287515326545492,110.4216537475586,63.897891998291016
0.4042194454600211,static,3.7700002193450928,0.02384310490410968,0.8420430067405262,0.006396338373609117,0.011497867458060416,0.013157283179776486,0.7495794892311096,207,0.3002295680213606,204,0.015568854930976705,0.3272625002493423,0.006398654714279977,0.011513804928572641,0.013172337912679017,719,0.667495795717961,111.19074249267578,63.622318267822266
0.54988393083182,static,3.7720000743865967,0.018275872275034466,1.9718836459925564,-0.004734796075497429,0.014795878683581452,0.015535003054258015,0.1616731733083725,208,0.3002295680213606,204,0.009913547197553996,1.4725946268471166,-0.004732479734826569,0.014816428611220104,0.015553871583368748,719,0.5769933931930072,111.81608581542969,63.36414337158203
1.359433597813478,ambiguous,3.806000232696533,0.053337350721263554,2.685146946132787,-0.03829161950463125,0.02016456145383681,0.04327652554114087,0.6484917998313904,209,0.3002295680213606,204,0.04497537113420247,2.292242856476725,-0.0382893031639604,0.0201450238957602,0.04326537558536176,719,0.2568022421912597,111.02886199951172,63.787960052490234
1.2611231005773615,static,3.809000253677368,0.04691539600801686,2.8947837491116495,-0.03965374191506499,0.015955925176602534,0.042743546835843194,0.6715484261512756,210,0.3002295680213606,204,0.038471576609180325,2.447148005344394,-0.039651425574394134,0.015946949245071677,0.04273804792344415,719,0.28332330499864644,112.54884338378906,63.70450973510742
1.4226499281395257,static,3.814000129699707,0.050997425565090904,3.278155659202786,-0.048130668025487454,0.020290860108861577,0.05223294179478187,0.22141116857528687,211,0.3002295680213606,204,0.04255823843728379,2.8332622153786167,-0.04812835168481659,0.02028136375951151,0.05222711893109762,719,0.24107405266210408,111.73306274414062,63.919342041015625
0.0,seed,3.319000244140625,0.0,0.0,0.07054161318923914,0.005623202225332428,0.07076538415501762,0.0,204,0.28446401290015544,204,0.0,0.0,0.05477605806803407,0.005623202225332222,0.05506393502774407,720,1.0,128.0,64.0
0.5109592109225874,ambiguous,3.309000253677368,0.010954831956171418,1.2940892189518676,0.06894339160944044,0.02571371948027049,0.07358251569580034,0.477124959230423,205,0.29123566231989506,204,0.01451600606366732,1.1895839768761636,0.05994948590797497,0.025713719480270215,0.06523140524425729,720,0.599778144066881,128.07273864746094,63.243247985839844
1.2761594370499285,static,3.378000259399414,0.054344603911387956,2.259154920659806,-0.0061599681381583685,0.014451195936898975,0.0157093052510215,1.0566737651824951,208,0.3002295680213606,204,0.045982278833907486,1.6625026664410862,-0.006159968138158399,0.014451195936898942,0.01570930525102148,720,0.2768201776212149,127.45270538330078,63.25947189331055
1.3984501363264314,static,3.379000186920166,0.05670337476850751,2.572169548981769,-0.003864711557703151,0.023878031100647377,0.024188765257195908,1.0959948301315308,209,0.3002295680213606,204,0.04834139518144642,2.110913560196957,-0.003864711557703181,0.023878031100647384,0.024188765257195915,720,0.2468847362414335,127.0497055053711,63.806697845458984
1.205228796658421,static,3.369000196456909,0.03998511468689658,3.3355389607779107,-0.008422036081610407,0.007339846144015729,0.011171572547218683,1.164974570274353,210,0.3002295680213606,204,0.031541295288060045,2.734435629271419,-0.008422036081610436,0.0073398461440157756,0.011171572547218737,720,0.29935409016537423,128.20628356933594,62.775508880615234
0.9380022428125746,static,3.3510000705718994,0.020800284146395676,3.2280320339273243,0.012495538314205362,0.02148631382997092,0.02485558608767401,0.8606690168380737,211,0.3002295680213606,204,0.012361097018589007,2.656906532132543,0.012495538314205332,0.021486313829970967,0.024855586087674034,720,0.3913365326075139,127.69561004638672,63.496559143066406
1.786760267944599,static,3.4060001373291016,0.07534260842768381,2.341018948674731,-0.018202208991034634,0.03246403227994728,0.037218729210261335,0.6464834213256836,212,0.3002295680213606,204,0.06695757393647561,1.8745542980918115,-0.018202208991034634,0.03246403227994728,0.037218729210261335,720,0.16617249764374517,127.69161224365234,63.383262634277344
0.0,seed,3.760000228881836,0.0,0.0,0.030151567684223148,0.011763690322199358,0.03236512697044299,0.0,204,0.28446401290015544,204,0.0,0.0,0.014386012563018094,0.011763690322199176,0.018583373414423898,721,1.0,136.0,64.0
0.3317610531004551,ambiguous,3.7710001468658447,0.00959792863932929,0.7650699814453136,0.024973446118600865,0.018592414465739844,0.03113440037489903,0.5059821009635925,205,0.29123566231989506,204,0.006036754531833832,0.8863408134021108,0.01597954041713543,0.01859241446573962,0.0245157824188564,721,0.7176587847100258,136.56353759765625,64.10277557373047
0.4146825464288384,ambiguous,3.763000249862671,0.011545798131381346,0.8932028589881896,0.0348710893138085,0.006178628428802489,0.03541423893284755,0.4026947617530823,206,0.2996387806033801,204,0.003654786506096741,1.428747951318256,0.03428030189582831,0.0061786284288023715,0.03483266494729243,721,0.660549941362276,135.42698669433594,64.202880859375
0.5136145733335775,ambiguous,3.7880001068115234,0.027124059864618744,0.12874385407510494,0.00788626167743463,0.012222923320663371,0.014546235861823173,0.34666693210601807,207,0.3002295680213606,204,0.01884980989148577,0.6128218514782254,0.00788626167743463,0.012222923320663371,0.014546235861823173,721,0.598328961563555,135.92039489746094,64.15055084228516
0.45518344469738137,ambiguous,3.7900002002716064,0.02613014709523842,0.6764921806168352,-0.00042456709993890816,0.0002761868807906138,0.0005064942403141259,0.5185409188270569,208,0.3002295680213606,204,0.017767822017758395,0.2982289919361531,-0.00042456709993890816,0.0002761868807906138,0.0005064942403141259,721,0.6343315925072989,136.8787078857422,63.975311279296875
0.6338569167924867,ambiguous,3.7880001068115234,0.025949306684259543,1.6235131353500731,-0.003027343629230474,0.019955661698686126,0.02018398482168104,0.2193557471036911,209,0.3002295680213606,204,0.0175873270971989,1.3697005694883997,-0.0030273436292304586,0.019955661698686105,0.02018398482168102,721,0.5305415950245321,136.12216186523438,64.21763610839844
0.9737287866970051,static,3.811000108718872,0.04242161285468482,1.9668774708764187,-0.034366293211175264,0.003812929342122956,0.034577167889295,1.478496789932251,210,0.3002295680213606,204,0.03397779345584828,1.42804796126047,-0.03436629321117525,0.003812929342122933,0.03457716788929498,721,0.37767215039824215,137.41868591308594,63.38993453979492
0.8971248838265815,static,3.808000087738037,0.038053493951375916,1.9384675901680408,-0.023338772254492164,0.016043203522604986,0.028321064062191908,0.34629368782043457,211,0.3002295680213606,204,0.029614306823568803,1.5199776942524685,-0.02333877225449213,0.016043203522604948,0.028321064062191863,721,0.407740276768527,136.8843994140625,64.35417938232422
1.3185086371229169,ambiguous,3.830000162124634,0.06016516328733168,1.2195959197996797,-0.03620523878237865,0.017880997825289752,0.04038006189342795,1.4390697479248047,212,0.3002295680213606,204,0.05178012879612304,0.7513574105941213,-0.036205238782378635,0.01788099782528977,0.040380061893427945,721,0.26753399486235674,136.8199005126953,63.07967758178711
0.0,seed,3.866000175476074,0.0,0.0,0.016677214323523867,0.014527832520762413,0.022117581136825777,0.0,204,0.28446401290015544,204,0.0,0.0,0.0029773536507107534,0.014457745890277278,0.014761133120097188,722,1.0,144.0,64.0
0.3504569550490091,ambiguous,3.8540000915527344,0.013639738374978005,0.24267641429404654,0.031450337126838035,0.019735712487234155,0.0371298000637027,0.31853339076042175,205,0.29123566231989506,204,0.017200912482473463,0.4686180893782487,0.02452212587376456,0.018407127660336753,0.030661979813323987,722,0.7043661524991608,144.04066467285156,64.74726104736328
0.19380732121103889,ambiguous,3.8560001850128174,0.002317132685682566,0.5548425816867205,0.0276621899766985,0.010480929522179923,0.029581187230330385,0.4558858275413513,206,0.2996387806033801,204,0.010208144310967171,1.0884030589685652,0.029137097007110258,0.010786067304945844,0.03106943304774928,722,0.8238166209662691,143.20140075683594,63.98716354370117
0.5620578443676825,ambiguous,3.8960001468658447,0.028863908038644137,0.3298698938812746,-0.0051120531768377685,0.010961699933978036,0.012095121046330674,0.38154056668281555,207,0.3002295680213606,204,0.020589658065511163,0.6771649174534228,-0.0030463587284458114,0.014026112455078676,0.014353122730085295,722,0.5700348131210132,143.6679229736328,64.53744506835938
0.5683095442336052,ambiguous,3.8970000743865967,0.02837424195795535,0.9166301670703315,-0.010988802161601465,0.004628919695832674,0.011923953643707472,0.7181444764137268,208,0.3002295680213606,204,0.020011916880474434,0.8087642089500493,-0.008923107713209508,0.005257936816663215,0.010357014571273013,722,0.5664821753982465,144.7341766357422,64.4697494506836
0.5215514384470494,ambiguous,3.885000228881836,0.018509178391926007,1.6606388276363069,-0.011747952081423565,0.018798862702501744,0.022167805868306755,0.1183035671710968,209,0.3002295680213606,204,0.010147198804865365,1.367099623782941,-0.009682257633031608,0.015744219996096622,0.018483143027036488,722,0.5935989010586031,144.0558319091797,64.09938049316406
0.48788778120649395,ambiguous,3.88700008392334,0.014823161956842412,1.7687814123403132,-0.013827654098139425,0.02161304222071935,0.025657895702734263,1.3236671686172485,210,0.3002295680213606,204,0.00637934255800543,1.3832553339579892,-0.011761959649747467,0.018546321809006398,0.021961551571906615,722,0.6139189817001743,145.4784393310547,64.26837158203125
0.6663053775390777,ambiguous,3.9010002613067627,0.02728867248972211,1.7930353596394084,-0.023919797954429788,0.014993906040685703,0.028230727098990112,0.7220815420150757,211,0.3002295680213606,204,0.01884948536191544,1.413182853238196,-0.02185410350603783,0.01197556634860298,0.024920193205960645,722,0.5135970729829982,145.02484130859375,64.47102355957031
0.0,seed,2.879000186920166,0.0,0.0,0.007380447612644131,0.012971723341347066,0.014924363082136296,0.0,204,0.28446401290015544,204,0.0,0.0,0.002595674363116687,0.011462094807330729,0.011752324994297054,723,1.0,248.0,64.0
0.28859944768898305,ambiguous,2.892000198364258,0.010499755913278008,0.3598323960768149,0.006514679789384343,0.01550773940500303,0.016820553921072175,0.9474069476127625,205,0.29123566231989506,204,0.006938581805782551,0.754254607988596,0.008501555959596565,0.01327300731647744,0.015762270678979458,723,0.7493122840671125,248.04100036621094,64.98246002197266
0.35885733564000916,drawer,2.875000238418579,0.007695714168601597,0.9087751057917076,0.021874908356435407,0.008321915850799876,0.02340439913841502,0.7020980715751648,206,0.2996387806033801,204,0.015586725793886647,1.802784397666863,0.032264902810132445,0.008222279692851431,0.03329609341491535,723,0.6984739915888295,247.29078674316406,64.67613983154297
0.6950281996541737,ambiguous,2.9090001583099365,0.02666417613883798,0.754651432304326,0.001962937691379939,0.02812060483693456,0.0281890322780912,1.257609248161316,207,0.3002295680213606,204,0.018389926165705006,1.5637335123647953,0.012943719563057595,0.02639087257137201,0.029394183628831665,723,0.49906037445673107,247.85293579101562,65.21511840820312
0.47923808979290206,ambiguous,2.874000072479248,0.005704800841779267,1.5798318263205733,0.0019468555887389117,0.009835123214639061,0.010025961067675065,1.0118098258972168,208,0.3002295680213606,204,0.002657524235701203,1.4238314939429677,0.012927637460416566,0.011977692109310961,0.017623533089974205,723,0.6192550288380593,248.57369995117188,64.66010284423828
0.5269377195699454,ambiguous,2.870000123977661,0.0057382391851210635,2.15974064725741,-0.0074680077894117465,0.01725792864577369,0.01880444738580027,0.5060696005821228,209,0.3002295680213606,204,0.0026237404019395782,1.568517665092057,0.0035127740822659083,0.01924269761614431,0.019560700225181225,723,0.5904102058169577,247.9520721435547,63.78140640258789
0.8463667775336975,static,2.88700008392334,0.02800689840830195,2.7554388707858717,-0.0230601805517588,0.009329608258336352,0.024875962641347824,1.312888264656067,210,0.3002295680213606,204,0.01956307900946541,2.0722605795737734,-0.012079398680081146,0.011013873505665895,0.016346782009654233,723,0.4289706499053025,249.0856475830078,64.39588165283203
0.9211755543783574,static,2.892000198364258,0.03013151974436168,2.924642114746112,-0.025212938062070412,0.010774938584866325,0.027418817392977402,0.8427841067314148,211,0.3002295680213606,204,0.021692332616554566,2.233874400487919,-0.01423215619039276,0.012400439776396268,0.01887657745661977,723,0.39805083553536896,248.3675537109375,64.45185089111328
0.0,seed,3.9040002822875977,0.0,0.0,0.009658788860067883,0.002662678958133514,0.010019084862274518,0.0,204,0.28446401290015544,204,0.0,0.0,0.0020690886677842044,0.0026376498717312694,0.00335236107258705,724,1.0,112.0,72.0
0.13069186792626622,ambiguous,3.9000000953674316,0.004683396582819466,0.1741935248472402,0.012152404331766273,0.007220676675302845,0.014135738491214184,0.38789066672325134,205,0.29123566231989506,204,0.008244570690314923,0.20083107696303465,0.0113343535592222,0.007194845943820794,0.013425102560530684,724,0.8774875919474717,111.94510650634766,72.32084655761719
0.7180982439723752,ambiguous,3.9240002632141113,0.03160509442026482,0.9555608702818872,-0.011671128450459863,0.025205150543174834,0.027776156199359917,1.175209403038025,206,0.2996387806033801,204,0.023714082794979774,1.2156165518680757,-0.004086060939518689,0.025231194510150455,0.0255599113928532,724,0.48759408777236585,110.40436553955078,72.42975616455078
0.42607142522812613,static,3.9280002117156982,0.023978189277316098,1.0061078650493331,-0.028304538650978938,0.002828519248240006,0.02844551685911903,0.778705358505249,207,0.3002295680213606,204,0.015703939304183123,0.4966181809726514,-0.02012868372205758,0.0028369281701876845,0.0203276184002315,724,0.653017456128079,111.02156829833984,71.54609680175781
0.0,seed,3.642000198364258,0.0,0.0,0.06176741000030929,0.01664752889342007,0.0639715026898975,0.0,204,0.28446401290015544,204,0.0,0.0,0.046001854879105,0.01664752889341989,0.048921476578037644,725,1.0,120.0,72.0
0.32477516973776593,ambiguous,3.632000207901001,0.010710696889873805,0.5513761566782426,0.06505800822866209,0.028684310044893035,0.07110087255042806,0.044729672372341156,205,0.29123566231989506,204,0.014271870997369263,0.44561492410236375,0.056064102527197054,0.0286843100448928,0.0629759734734732,725,0.7226898179192215,119.91674041748047,71.95514678955078
1.4575752328913196,ambiguous,3.698000192642212,0.06601145583032553,0.29955901952541114,0.0014569309196683627,0.02740125120071423,0.027439956542774053,1.2675014734268188,206,0.2996387806033801,204,0.05812044420504048,0.3457724559128852,0.0008661435016889488,0.02740125120071383,0.027414937022180792,725,0.2327997438551983,118.45275115966797,71.5422134399414
0.30819891986139164,ambiguous,3.6470000743865967,0.00472056482013361,1.4250294905942689,0.035732345388823465,0.02770827708907511,0.0452166907925728,1.1621205806732178,207,0.3002295680213606,204,0.003553685152999364,0.8853490007596785,0.03573234538882421,0.027708277089075146,0.045216690792573414,725,0.7347689681122697,118.8821792602539,71.117431640625
1.029703692325982,static,3.689000129699707,0.04065168537040975,2.461378346307645,-0.009808368335923523,0.012519089214985272,0.015903826086382723,0.9331835508346558,208,0.3002295680213606,204,0.03228936029292928,1.9178025348548602,-0.009808368335922748,0.012519089214985514,0.01590382608638244,725,0.35711169586612024,119.37358856201172,71.04734802246094
2.0679480618194424,static,3.7330002784729004,0.08565702945928155,2.6074605082129367,-0.04035632533054339,0.02798594113922495,0.04911054770243172,0.8206450939178467,209,0.3002295680213606,204,0.07729504987222047,2.209294241263867,-0.040356325330543015,0.027985941139225014,0.04911054770243145,725,0.12644492773938967,119.08452606201172,71.86725616455078
1.6229915360693392,static,3.7200002670288086,0.06472035876825544,2.9141256245767138,-0.0323672525175833,0.014384303803612719,0.035419588245088764,0.7060599327087402,210,0.3002295680213606,204,0.05627653936941801,2.427398559417593,-0.03236725251758256,0.01438430380361314,0.03541958824508825,725,0.197307327422151,120.45555877685547,71.5730972290039
1.311606651724994,static,3.702000141143799,0.045736599445378,3.193323411262885,-0.014033971122117314,0.029629319512976968,0.03278488859609714,0.1917637288570404,211,0.3002295680213606,204,0.03729741231757089,2.7672888624458776,-0.01403397112211694,0.029629319512977207,0.0327848885960972,725,0.26938686547308,119.70503234863281,72.31890106201172
0.0,seed,3.81600022315979,0.0,0.0,0.021428368708053248,0.02125347179743958,0.030180872236117286,0.0,204,0.28446401290015544,204,0.0,0.0,0.0077208727080815085,0.020202777369405983,0.021627854466224346,726,1.0,136.0,72.0
0.23883189598173515,ambiguous,3.812000274658203,0.005126236392428041,0.6046078364273791,0.020518813552527843,0.022427802917310606,0.030397829746564582,0.1413060575723648,205,0.29123566231989506,204,0.008687410499923942,0.5563474827280324,0.013582966972295727,0.02110224797510532,0.02509585346971314,726,0.787547261104843,136.04542541503906,71.92711639404297
0.7415843709675963,drawer,3.7890002727508545,0.02776074455670141,0.7839450779196832,0.031228816500141476,0.009089249892071351,0.03252465900820526,0.5423547625541687,207,0.3002295680213606,204,0.036034994529834385,0.23846631367692167,0.03328687562137479,0.00903589691179245,0.03449149926624553,726,0.47635858860207114,135.23338317871094,71.69287109375
0.49197464686499065,ambiguous,3.815000295639038,0.004986518278658814,1.636943616219501,5.3681341376217005e-05,0.0006038280512018929,0.0006062095362415754,0.9117691516876221,208,0.3002295680213606,204,0.013348843356139284,1.0844462281948128,0.0021117404626091775,0.0013914113411552112,0.0025289273025763644,726,0.6114178669956354,136.0951690673828,71.3161392211914
0.5946353765969282,static,3.8390002250671387,0.020586570664308468,2.012893273321184,-0.022194362930187707,0.017653203492558837,0.028358867033550228,0.8441553711891174,209,0.3002295680213606,204,0.01222459107724827,1.5302671508585466,-0.02013630380895439,0.017762309026344902,0.02685089110316238,726,0.5517637151572441,135.67063903808594,71.35078430175781
0.8080548872706362,ambiguous,3.82200026512146,0.0027104543602920472,2.787476641342454,-0.015464427414291652,0.01853432784458708,0.024138554718593472,1.1957170963287354,210,0.3002295680213606,204,0.01115427375912903,2.2752415372166923,-0.013406368293058692,0.01987296117028238,0.023972177549915666,726,0.44572420740834967,136.5347900390625,71.40969848632812
0.7752143197907245,ambiguous,3.820000171661377,0.006001223998893579,2.5843625116823166,-0.011238877488755534,0.015508328267672409,0.019152561522291032,0.7861260175704956,211,0.3002295680213606,204,0.014440411126700248,2.0580717640534645,-0.009180818367522603,0.016822155633355283,0.01916435091648729,726,0.4606050536410274,136.3614501953125,71.48047637939453
0.0,seed,2.5190000534057617,0.0,0.0,0.01291045594618408,0.016468462422623134,0.020925824411566443,0.0,204,0.28446401290015544,204,0.0,0.0,0.0009705721969925651,0.015110804558893102,0.015141942570444504,727,1.0,216.0,80.0
0.32070195295148246,ambiguous,2.5310001373291016,0.010806612151659678,0.5184053059984162,0.010860384912402772,0.012011422186602536,0.016193277104723226,0.8698658347129822,205,0.29123566231989506,204,0.007245438044164665,0.9460591102083352,0.005692150582950865,0.013315064832053101,0.014480729599739273,727,0.7256394934726409,216.44009399414062,80.5828628540039
0.6840240330523962,ambiguous,2.5420000553131104,0.022360981697925553,1.1825497658049033,0.013194886617343894,0.018399771556169172,0.022641921874341258,0.47644680738449097,206,0.2996387806033801,204,0.014469970072640947,2.230330526914586,0.01642977057137686,0.020974668347248794,0.02664346211184203,727,0.5045824451314876,216.00379943847656,80.35472106933594
0.6237272006839911,ambiguous,2.5450000762939453,0.02383612435532445,0.5526445071370706,0.005258160229382097,0.010510042759817623,0.011751989100192803,0.9374534487724304,207,0.3002295680213606,204,0.015561874382191476,1.5258553341529282,0.009083831601395621,0.01310699520642601,0.01594707872633067,727,0.5359431426497023,215.91334533691406,80.94087219238281
0.644643259650049,ambiguous,2.5430002212524414,0.029701970512355125,1.108228036538314,-0.006321534480162007,0.00661273834330196,0.009148229696550754,0.8463261723518372,208,0.3002295680213606,204,0.021339645434874654,1.0856192985690134,-0.002495863108148482,0.008648221990704901,0.009001170826905155,727,0.5248497437946827,216.62689208984375,80.41875457763672
0.5257031493105473,ambiguous,2.5230000019073486,0.012165978939832733,2.016176030758212,-0.0028074183923768427,0.020317763258236567,0.020510804514879556,0.0656832754611969,209,0.3002295680213606,204,0.0038039993527725358,1.5510893425116894,0.0010182529796366807,0.01772846011991308,0.017757678264736287,727,0.5911395588240322,215.80374145507812,80.05795288085938
0.5825114835175099,static,2.5300002098083496,0.02147746144503815,2.1083936572019337,-0.011519427395456736,0.013049286028364167,0.01740635152377601,1.2863726615905762,210,0.3002295680213606,204,0.013033642046201166,1.4485596778550764,-0.00769375602344321,0.010501165646449779,0.01301800144732077,727,0.5584939553622859,217.178955078125,80.26192474365234
0.8908698834379403,static,2.5420000553131104,0.03135755791221273,2.749550526692153,-0.020559342805816123,0.014094059340355375,0.02492647358325124,0.3240836560726166,211,0.3002295680213606,204,0.022918370784405617,2.046534001980151,-0.016733671433802604,0.012145200261543894,0.020676596650499982,727,0.4102986854403178,216.06515502929688,80.47811889648438
0.0,seed,2.682000160217285,0.0,0.0,0.0035632505525156686,0.015624380038577561,0.016025542302521442,0.0,204,0.28446401290015544,204,0.0,0.0,-0.010888312359251254,0.01697259906033511,0.02016493156188515,728,1.0,232.0,72.0
0.23763939415944568,ambiguous,2.690000057220459,0.006202210575442901,0.5402528295008753,0.004135216504352746,0.01288568478260602,0.013532955621539432,1.1924842596054077,205,0.29123566231989506,204,0.002641036467947444,0.8158577156149437,-0.003544696987674569,0.014828625983066758,0.015246410242418107,728,0.7884869728414682,231.84425354003906,73.18333435058594
0.4312260979264431,drawer,2.6760001182556152,0.008057198706441948,1.143869416038569,0.0168847640512055,0.005469628379065851,0.01774857999024046,0.8207520842552185,206,0.2996387806033801,204,0.015948210331726997,1.8515741665582126,0.017607968842663056,0.00461304896102669,0.01820221930098147,728,0.6497119956317732,230.91876220703125,73.01719665527344
0.5732882418193652,ambiguous,2.704000234603882,0.019293608076342394,0.9295515265332732,0.0013368108630407351,0.02342738762849033,0.023465497104879017,1.316003441810608,207,0.3002295680213606,204,0.011019358103209864,1.7034275874958944,0.0026508030724788512,0.025453734984885824,0.025591392725091457,728,0.5636688411407278,231.78163146972656,73.36846923828125
0.5469964829785694,ambiguous,2.677000045776367,0.0030199198009412953,1.7320487706550833,-0.0007260902005260597,0.00725042040439443,0.007286686696967221,1.232406497001648,208,0.3002295680213606,204,0.005342405276539175,1.5913207068305262,0.0005879020089120572,0.0052168243930389695,0.005249846237737753,728,0.5786852939289987,232.32725524902344,72.84840393066406
0.7172204700348852,ambiguous,2.677000045776367,0.006210056637462991,2.7289938558915345,-0.012977505426071225,0.01648068944359731,0.020976862768774744,0.5132296085357666,209,0.3002295680213606,204,0.002151922949597651,2.145599852975946,-0.01166351321663311,0.01445173797913365,0.01857122158534837,728,0.48810708045638523,231.2729034423828,72.18338012695312
0.9160251203143415,ambiguous,2.6630001068115234,0.004106883215604817,3.201943301495576,-0.009994757205051054,0.03116829608920381,0.03273160327103146,1.1222655773162842,210,0.3002295680213606,204,0.0125507026144418,2.5818341201108863,-0.008680764995612938,0.029109886716517017,0.03037665527271745,728,0.40010625873507494,232.46475219726562,72.86152648925781
0.8590548000416278,ambiguous,2.6720001697540283,0.0024236192949054214,3.1723797293062006,-0.01388036315048098,0.024945841017019597,0.028547494902979625,0.9761186838150024,211,0.3002295680213606,204,0.0060155678329016915,2.537365593147683,-0.012566370941042864,0.02289684353817222,0.026118558969426803,728,0.4235622441870392,231.9500274658203,72.82764434814453
0.0,seed,2.702000141143799,0.0,0.0,0.008136575307888175,0.01987326043862527,0.021474411242275396,0.0,204,0.28446401290015544,204,0.0,0.0,-0.003325055146957233,0.01741320173392025,0.0177278195601295,729,1.0,240.0,72.0
0.16124629388399905,ambiguous,2.7060000896453857,0.0020651877079442826,0.45827140332836774,0.010460015482982084,0.016521716067900594,0.01955451420344033,1.3630112409591675,205,0.29123566231989506,204,0.0014959863995507305,0.7585519736225652,0.0057700344478763405,0.013811862328000041,0.014968661880652738,729,0.8510824288943978,239.85829162597656,73.11017608642578
0.365377254003418,drawer,2.697000026702881,0.007814674840936675,0.9262779879962497,0.020193040274672162,0.008141349409929631,0.021772469904654673,1.0412489175796509,206,0.2996387806033801,204,0.015705686466221724,1.7219407748190112,0.02390617752305123,0.006305737847792419,0.02472382764801441,729,0.6939348118053004,238.97813415527344,72.8103256225586
0.5046547184782192,ambiguous,2.697000026702881,0.004015320964067648,1.7485056254038438,0.00120961240775991,0.0008244231741798272,0.0014638428013729714,1.2635821104049683,208,0.3002295680213606,204,0.004347004113412822,1.478443425415585,0.005513537074119598,0.003615608333150725,0.006593308326359406,729,0.603713990729433,240.25514221191406,72.672119140625
0.5787247691423942,ambiguous,2.698000192642212,0.00841143993174942,2.38844005073191,-0.009700162166836107,0.0039051350385307304,0.010456731120769959,0.42473161220550537,209,0.3002295680213606,204,4.94603446883346e-05,1.736170344519285,-0.005396237500476419,0.006699403334038419,0.008602405721289428,729,0.5606128216903588,239.59848022460938,71.83717346191406
0.9027723341295412,ambiguous,2.684000015258789,0.0011712246609327792,3.3062042264792213,-0.009515764692091883,0.023660998472441575,0.025502796442510873,1.0817354917526245,210,0.3002295680213606,204,0.009615044059769318,2.6105468687424875,-0.005211840025732254,0.02642342796170401,0.026932523493003513,729,0.4054440737679905,240.408935546875,72.68730926513672
0.8891626728713521,static,2.697000026702881,0.00923990935838237,3.3869259121078943,-0.016021587165766977,0.015270306650771264,0.022133086556530207,0.8954146504402161,211,0.3002295680213606,204,0.000800722230575257,2.66681192183481,-0.011717662499407288,0.018061214303042153,0.021529307386686417,729,0.41099974995365623,239.77493286132812,72.647705078125
0.0,seed,3.6780002117156982,0.0,0.0,0.07498213647606065,0.030527174924818542,0.08095819414614591,0.0,204,0.28446401290015544,204,0.0,0.0,0.059216581354855594,0.030527174924818323,0.06662215784742105,730,1.0,128.0,88.0
0.11248745661833724,ambiguous,3.6740002632141113,0.004279253401608507,0.10428708762490485,0.07705587096309507,0.03122704965932495,0.08314286427774246,0.23239922523498535,205,0.29123566231989506,204,0.00784042750910352,0.17704028261472143,0.06806196526162964,0.031227049659324695,0.07488364137581192,730,0.8936085559113913,127.80486297607422,88.49097442626953
1.7998254455828941,static,3.759000062942505,0.07572423468457812,2.3880410241732246,-0.015741731375471395,0.01941548691918782,0.024995264331601975,0.7827847003936768,208,0.3002295680213606,204,0.06736190960709765,1.9053066919365644,-0.015741731375471395,0.01941548691918782,0.024995264331601975,730,0.16532589178240348,127.21037292480469,87.72843933105469
1.5168729500204163,static,3.741000175476074,0.05845435561731804,3.0639615216769105,-0.011370248829394409,0.0004957422699241419,0.01138105086714467,1.480955719947815,209,0.3002295680213606,204,0.05009237603025696,2.5678049773155553,-0.011370248829394409,0.0004957422699241419,0.01138105086714467,730,0.21939389882736468,126.66993713378906,87.19142150878906
1.6599811432485019,static,3.754000186920166,0.06501019419750165,3.0551078288599256,-0.012557304993508205,0.007770083587224425,0.01476685842190005,0.8542876243591309,210,0.3002295680213606,204,0.05656637479866511,2.6079141186944303,-0.012557304993508205,0.007770083587224425,0.01476685842190005,730,0.19014125086673436,128.17933654785156,87.93949127197266
1.3148640241558067,ambiguous,3.7350001335144043,0.04504088973443876,3.259022218579509,0.0027361939670086047,0.01368805146658059,0.013958850610879583,0.37208181619644165,211,0.3002295680213606,204,0.03660170260663209,2.8326808068658056,0.0027361939670086342,0.013688051466580541,0.013958850610879543,730,0.26850519816261836,127.58904266357422,88.30020141601562
0.0,seed,3.864000082015991,0.0,0.0,0.010755255635214376,0.0022231035467281685,0.010982609578706053,0.0,204,0.28446401290015544,204,0.0,0.0,0.00736943092534489,0.002223103546728515,0.007697447729144157,731,1.0,136.0,88.0
0.2799549319496314,ambiguous,3.877000093460083,0.012481452836841544,0.7411548197696624,-0.01075525563521508,0.0022231035467287653,0.010982609578706864,1.3298131227493286,205,0.29123566231989506,204,0.008920278729346087,0.5077242404882973,-0.007369430925344914,0.002223103546728421,0.0076974477291441535,731,0.7558178039230119,135.46849060058594,87.90499114990234
0.0,seed,3.683000087738037,0.0,0.0,0.041992677986545705,0.01002441830016283,0.0431726066706466,0.0,204,0.28446401290015544,204,0.0,0.0,0.026227122865340638,0.010024418300162636,0.028077587789023282,732,1.0,144.0,88.0
0.19009941091471058,ambiguous,3.69100022315979,0.0074062617280410414,0.755696153594899,0.024944802924407747,0.00869456009478895,0.026416634308318646,0.6149939298629761,205,0.29123566231989506,204,0.0038450876205460283,0.49201234076662204,0.015950897222942316,0.008694560094788703,0.018166631428494416,732,0.8268769292655176,143.25845336914062,88.12989807128906
0.6718351487364974,static,3.7160000801086426,0.03025192625344042,1.6731154477720194,-0.0018835104322450962,0.007400106884280508,0.007636045668220685,0.7244153618812561,208,0.3002295680213606,204,0.021889601175959505,1.1691951743445919,-0.0018835104322450962,0.007400106884280508,0.007636045668220685,732,0.5107703775683388,143.88467407226562,87.78726959228516
0.7578740993023337,static,3.7060000896453857,0.021475052939937456,2.597028423688572,-0.008927619852021727,0.013985962903465352,0.016592454747846125,1.4171130657196045,209,0.3002295680213606,204,0.013113073352876814,2.049908402045459,-0.008927619852021727,0.013985962903465352,0.016592454747846125,732,0.4686616969410455,143.1259765625,87.05937957763672
1.1498087495352525,static,3.7200002670288086,0.02967106159950461,3.6249978655258572,-0.030224479099768498,0.02099035923511364,0.03679829232004474,1.4868459701538086,211,0.3002295680213606,204,0.021231874471697942,3.059874779818936,-0.030224479099768498,0.02099035923511364,0.03679829232004474,732,0.31669733209949275,143.28460693359375,87.21633911132812
0.0,seed,2.377000093460083,0.0,0.0,0.009537282909816428,0.014424530695292417,0.017292392867423227,0.0,204,0.28446401290015544,204,0.0,0.0,-0.0013162896606295927,0.013799817412266605,0.013862452130939062,733,1.0,208.0,88.0
0.24525467165395806,ambiguous,2.385000228881836,0.00723895820590581,0.4965727879543741,0.010225098321684526,0.011718488560615437,0.01555235062083512,1.174649953842163,205,0.29123566231989506,204,0.0036777840984103527,0.9834282025253523,0.006143175170978111,0.01257642896878659,0.0139966126897995,733,0.7825052309625881,208.4086456298828,88.7757797241211
0.47949218959894246,drawer,2.380000114440918,0.00297784546319102,1.4210330023305588,0.022055597281563553,0.01067450222641592,0.024502946133644257,0.8604547381401062,206,0.2996387806033801,204,0.004913166162094029,2.5221678313794214,0.02637679241434201,0.011816995253313374,0.028902881428780093,733,0.6190976962452791,208.18698120117188,88.56996154785156
0.5424271535695644,ambiguous,2.3990001678466797,0.020163613590162388,0.6009004215890915,0.003321134579558966,0.01074139731427763,0.011243111275741825,1.3898217678070068,207,0.3002295680213606,204,0.011889363617029414,1.5734612193982886,0.008233117130317984,0.012650131712821444,0.015093377688021532,733,0.5813355479918535,207.8279571533203,88.99266815185547
0.45025276335249204,ambiguous,2.38700008392334,0.01447117190680336,1.1166769518585113,7.134177029085578e-05,0.002992186614108155,0.0029930369830385084,1.1053788661956787,208,0.3002295680213606,204,0.006108846829322889,1.2706825544754579,0.004983324321049872,0.0010676966660387172,0.005096420063087163,733,0.6374670029596221,208.65147399902344,88.58843231201172
0.5313109022849424,ambiguous,2.38700008392334,0.01645337416752124,1.941887106847614,-0.00845427455974338,0.010134080799524832,0.013197513098414488,0.2580087184906006,209,0.3002295680213606,204,0.008091394580460154,1.4738890651224803,-0.0035422920089843626,0.00829144642129544,0.009016424814422146,733,0.5878338716062131,207.7740936279297,88.0228500366211
0.5517134150881767,static,2.389000177383423,0.0201687497150278,2.031351083437124,-0.013051130789188362,0.00770342190612636,0.01515502305970822,1.2513436079025269,210,0.3002295680213606,204,0.011724930316191262,1.402211835840759,-0.008139148238429345,0.005880385512189154,0.010041148730055321,733,0.5759621022888756,209.13739013671875,88.30302429199219
0.7136048126184932,static,2.389000177383423,0.018262978656376383,2.6967975681048784,-0.015518959183151396,0.01614449340860884,0.022393810786664546,0.6915843486785889,211,0.3002295680213606,204,0.00982379152856927,2.010033645824998,-0.010606976632392377,0.014320616766146904,0.01782099935028801,733,0.489875102797266,208.02027893066406,88.53827667236328
0.0,seed,2.4070000648498535,0.0,0.0,0.009811330258467841,0.01536634632326058,0.018231478293520537,0.0,204,0.28446401290015544,204,0.0,0.0,-0.005788129690189505,0.015260309444772885,0.016321136285831258,734,1.0,216.0,88.0
0.25682696819370304,ambiguous,2.3980000019073486,0.00988824546938094,0.20890897053801363,0.01698675861950723,0.011190313905218149,0.020341413266897704,1.1147167682647705,205,0.29123566231989506,204,0.013449419576876398,0.6948680815130763,0.008158948090589493,0.0111115301369691,0.013785301445006797,734,0.7735020426424019,216.06234741210938,88.78694915771484
0.5340970052138247,drawer,2.3930001258850098,0.014697803395240072,1.1628385464786275,0.029054203153163927,0.011483283031036302,0.03124119892123551,0.882375180721283,206,0.2996387806033801,204,0.022588815020524677,2.2711938051927025,0.02862951090773106,0.01139365240765799,0.030813377127514318,734,0.586198385309353,215.91409301757812,88.50177001953125
0.5245143706845548,ambiguous,2.3980000019073486,0.0036340143617197285,1.549759283194446,0.007555516338110606,0.004914969837478113,0.009013476334843062,1.056532859802246,208,0.3002295680213606,204,0.011996339439200199,1.4113758159125798,0.007721611510658301,0.005023017087552193,0.009211622277502052,734,0.5918427107597294,216.24462890625,88.68294525146484
0.5229421995884687,ambiguous,2.4110000133514404,0.011536666175280708,2.0312612516906374,-0.005443131957165817,0.008004446744883235,0.009679816795517958,0.1613086313009262,209,0.3002295680213606,204,0.003174686588219622,1.5506529513380278,-0.005277036784618122,0.007990345507038477,0.009575632540363208,734,0.5927739205817907,215.75259399414062,88.04894256591797
0.5769770631552578,static,2.4130001068115234,0.01590839266961952,2.2462331611752506,-0.010246134693875558,0.009826702582476263,0.01419673764670905,1.3691679239273071,210,0.3002295680213606,204,0.0074645732707829815,1.6378945641490947,-0.010080039521327862,0.00980117633873821,0.014059525396490928,734,0.5615934647635651,217.03298950195312,88.46196746826172
0.7690299796536951,ambiguous,2.4030001163482666,0.0038942780009256772,3.0094992118849024,-0.009264839589238787,0.014023489164671589,0.016807602475248744,0.6936718225479126,211,0.3002295680213606,204,0.004544909126881436,2.2817696788326725,-0.009098744416691092,0.01413043131652846,0.016806434456820268,734,0.46346241831218254,215.77992248535156,88.5658950805664
0.0,seed,2.9050002098083496,0.0,0.0,0.006349870756423214,0.017821827459374183,0.018919259832640978,0.0,204,0.28446401290015544,204,0.0,0.0,0.0014693273925754176,0.016527550789359517,0.01659273509947745,735,1.0,232.0,88.0
0.11937621528772228,ambiguous,2.9070000648498535,0.0004311008426052254,0.356666135685744,0.008737416721773982,0.013692834978330218,0.016243034836929925,1.1197043657302856,205,0.29123566231989506,204,0.003130073264890232,0.6486491289265018,0.010628522777665853,0.012879231160665049,0.016698505673419028,735,0.8874738567161108,231.84637451171875,88.97103881835938
0.9562860915401377,ambiguous,2.934000253677368,0.03764735247397777,2.0522626632874754,-0.015982148258741665,0.01752510216800089,0.023718310837057277,1.2883079051971436,208,0.3002295680213606,204,0.0292850273964973,1.8456098269356738,-0.0050971365013843615,0.016869033846271888,0.01762228995960546,735,0.3843175590186342,232.03904724121094,89.01026916503906
0.6371683135377386,ambiguous,2.9050002098083496,0.011699865528110642,2.3591167184966877,-0.010801397985099112,0.016921413997141817,0.020074970737093745,0.8198664784431458,209,0.3002295680213606,204,0.0033378859410495565,1.8950409754446715,8.361377225819117e-05,0.020290302090997327,0.02029047437116347,735,0.528787666892204,231.68984985351562,88.19076538085938
1.5459860060745476,static,2.952000141143799,0.06076772469259195,3.0011749139778443,-0.03786119100894622,0.030947945500269834,0.04890035905086569,1.1461822986602783,211,0.3002295680213606,204,0.05232853756478484,2.4714070806255903,-0.02697617925158892,0.03013054635489882,0.040442107643625144,735,0.21310149565761968,232.19671630859375,88.93507385253906
0.0,seed,3.1740002632141113,0.0,0.0,-0.0010692540590218776,0.007937603982352031,0.00800929842267009,0.0,204,0.28446401290015544,204,0.0,0.0,-0.014550420713609164,0.010760143145697228,0.018096834625395724,736,1.0,240.0,88.0
0.6390097355441691,ambiguous,3.1510002613067627,0.024960715205716077,0.4128149057867092,0.015388271905181765,0.020783443706998497,0.02586020967721998,1.1541175842285156,205,0.29123566231989506,204,0.02852188931321109,0.8070859033562102,0.008678754670334144,0.018355986863633676,0.02030426153214489,736,0.5278148416114906,240.1818389892578,88.88597106933594
0.35977723341885703,drawer,3.177000045776367,0.00123801167533788,1.0753304766766845,0.01397350851987557,0.011152492643160905,0.017878395691750232,0.6938955187797546,206,0.2996387806033801,204,0.009129023300622485,1.9624983240956124,0.015667109568512763,0.014726003376355068,0.02150147663934282,736,0.6978317623532961,239.6464080810547,88.50443267822266
0.21377467726629792,drawer,3.177000045776367,0.0001298071998623307,0.6412501329620899,0.006253834246567161,0.003812844472778536,0.007324494914813859,1.3424811363220215,207,0.3002295680213606,204,0.008404057172995305,1.4366973373029424,0.008538222713184974,0.007292190013130998,0.0112284140593209,736,0.8075303194640578,239.86557006835938,89.03666687011719
0.5035075631488809,ambiguous,3.177000045776367,0.013616815370725899,1.417154851666155,-0.00729745494362321,0.01350947338707886,0.015354436487556382,1.3072078227996826,208,0.3002295680213606,204,0.005254490293244984,1.4582093167556436,-0.005013066477005396,0.013893762754587896,0.014770493525392074,736,0.6044069418365805,240.79010009765625,88.79551696777344
0.44793544024064225,ambiguous,3.1650002002716064,0.0051841911137673335,1.7441229295655085,-0.013497695917759931,0.014840047316248457,0.020060279146532488,0.4033224284648895,209,0.3002295680213606,204,0.003177788473293308,1.32250227503362,-0.011213307451142119,0.011651068817842693,0.016170518501023575,736,0.6389459328960639,240.33697509765625,87.85596466064453
0.0,seed,3.8390002250671387,0.0,0.0,0.02127244529181417,0.020646920550443416,0.029644767783026223,0.0,204,0.28446401290015544,204,0.0,0.0,0.012409468032014658,0.01918870258025175,0.02285172211346344,737,1.0,128.0,96.0
0.6901866997184926,ambiguous,3.81600022315979,0.02302799170143821,1.1420800602765395,0.023041398221491923,0.0238988711897572,0.03319732031574202,0.5744521617889404,205,0.29123566231989506,204,0.026589165808933668,0.947111315430514,0.02095007038143202,0.02315158902635011,0.031223413065069774,737,0.5014824336962789,127.59160614013672,95.39215087890625
0.8402382315982134,ambiguous,3.8460001945495605,0.004421756297931623,2.863254834044728,-0.01839852250905193,0.016411475915794668,0.024654455423935018,1.070414423942566,210,0.3002295680213606,204,0.012865575696768161,2.3287197091430913,-0.011495944647646403,0.017841367324603997,0.021224305203073127,737,0.4316076885908579,128.560791015625,94.99664306640625
1.2835174739970223,static,3.8930001258850098,0.04169177838940552,3.458163437619913,-0.06209559154653492,0.01838667561835344,0.06476057697248112,1.2404686212539673,211,0.3002295680213606,204,0.03325259126159885,2.93376815042355,-0.0551930136851294,0.018695616717544647,0.05827344887765109,737,0.27705244214449193,127.58158874511719,95.12962341308594
0.0,seed,3.9680001735687256,0.0,0.0,0.014279646241184383,0.0005493928746830514,0.014290210960798437,0.0,204,0.28446401290015544,204,0.0,0.0,0.010893821531314938,0.0005493928746832651,0.010907666115484728,738,1.0,136.0,96.0
0.3951159268288697,ambiguous,3.9840002059936523,0.015762087392738877,0.9990629033336071,-0.014279646241184383,0.0005493928746830514,0.014290210960798437,0.9703353047370911,205,0.29123566231989506,204,0.012200913285243864,0.7534580330801804,-0.010893821531314567,0.0005493928746830498,0.010907666115484344,738,0.6736019461848728,135.1395721435547,95.84459686279297
0.0,seed,3.7800002098083496,0.0,0.0,0.023893601113955984,0.001968736730234514,0.02397457191496468,0.0,204,0.28446401290015544,204,0.0,0.0,0.01712195169421635,0.0019687367302344875,0.017234765856606597,739,1.0,144.0,96.0
0.31646758412281184,ambiguous,3.7930002212524414,0.012670267348554809,0.9208118706699677,0.0,0.0,0.0,0.9871616363525391,205,0.29123566231989506,204,0.009109093241059796,0.6592631876092458,0.0,0.0,0.0,739,0.7287186332306432,143.24346923828125,95.86229705810547
0.8998142222561235,static,3.819000244140625,0.03613068553743659,2.3142892488652285,-0.037905773896042126,0.01043681924996732,0.039316343811630766,1.1430115699768066,208,0.3002295680213606,204,0.02776836045995612,1.717456068245408,-0.028911868194576695,0.010436819249967078,0.030737978439660908,739,0.40664519835119345,143.4881134033203,94.96231842041016
0.0,seed,3.325000047683716,0.0,0.0,0.01620197133657623,0.009519225077982033,0.01879147469669477,0.0,204,0.28446401290015544,204,0.0,0.0,0.0010875108810596082,0.00941925012254237,0.009481822229267826,740,1.0,160.0,96.0
0.5036116148690997,ambiguous,3.3490002155303955,0.02357356563823121,0.4529165601535429,-0.005414073966307747,0.007939201609618508,0.009609532720732075,0.9372076988220215,205,0.29123566231989506,204,0.02001239153073575,0.17272223234163114,-0.013756885002084733,0.008904899932271487,0.01638746861978239,740,0.6043440555263413,159.4865264892578,96.37337493896484
0.3838866643727852,ambiguous,3.3390002250671387,0.018089489943839077,0.15795564235076381,0.0063876421359428705,0.010351350435953909,0.012163569702385727,1.0778868198394775,206,0.2996387806033801,204,0.010198478318554027,0.8609705800261281,0.006447949383650744,0.011332813955942633,0.013038739333774953,740,0.681208628011782,159.01512145996094,95.79008483886719
0.493008285779971,ambiguous,3.3540000915527344,0.027968880521923367,0.7448617959058115,-0.012755563075431329,0.009061904141866793,0.01564680465934466,1.195759892463684,207,0.3002295680213606,204,0.019694630548790393,0.07548589987056666,-0.012104468409742882,0.01003192661024738,0.015721250172802827,740,0.6107862082047871,159.13629150390625,95.8905258178711
0.2686745122324327,ambiguous,3.3340001106262207,0.008662965923606158,0.6704719290598784,0.008369238099543631,0.00616144492438053,0.010392668084906171,0.7930712699890137,208,0.3002295680213606,204,0.0003006408461256882,0.8057080901568822,0.009020332765232078,0.005177511485252586,0.010400626345342948,740,0.7643920154125154,160.95872497558594,96.36592102050781
0.3722973019686421,ambiguous,3.3360002040863037,0.01194937542564034,1.6273524046871541,-0.009523722076112573,0.01525485628311291,0.017983657091967233,0.5866340398788452,209,0.3002295680213606,204,0.003587395838580143,1.0840005094097964,-0.008872627410424126,0.014284853405775793,0.016816080220690963,740,0.6891493266132894,160.00653076171875,95.46053314208984
0.3648927234200921,ambiguous,3.3340001106262207,0.007771434203347027,1.524869189138794,-0.003061786632279997,0.017947381262906136,0.018206675467468594,1.4037694931030273,210,0.3002295680213606,204,0.0006723851954899551,1.093515991438566,-0.0024106919665915503,0.01696863873482274,0.017139023784064122,740,0.6942711259151108,161.56822204589844,96.13139343261719
0.456525265469594,ambiguous,3.3440001010894775,0.016347678439770696,1.6678498636804402,-0.009867509536002557,0.015371822083325602,0.018266380555668878,1.021675944328308,211,0.3002295680213606,204,0.007908491311963584,1.2344741962398829,-0.00921641487031411,0.014410114707491456,0.01710537076314947,740,0.6334810039962907,161.0441436767578,96.3033218383789
0.0,seed,3.2720000743865967,0.0,0.0,0.02546920428296638,0.03382804052576225,0.04234402782707481,0.0,204,0.28446401290015544,204,0.0,0.0,0.011408473744380586,0.03329152154131004,0.035192025797213373,741,1.0,168.0,104.0
0.24303957687036176,ambiguous,3.2800002098083496,0.007730533398003114,0.5667241197790603,0.021665118305058694,0.025255040585647134,0.03327453119361523,0.43228253722190857,205,0.29123566231989506,204,0.004169359290507657,0.658658952571715,0.014376037186212534,0.024318602593963668,0.028250042076119142,741,0.7842404753737329,167.57321166992188,104.99516296386719
1.0106929170567716,ambiguous,3.313000202178955,0.043921815371184,0.7480000880377484,0.006668834030568992,0.014294137302457089,0.01577325928743867,0.4994886815547943,206,0.2996387806033801,204,0.03603080374589851,1.375143882948838,0.0077828711952076905,0.016501904290650262,0.01824516180413249,741,0.3639666934449527,166.9955596923828,104.47744750976562
1.4883300807778526,ambiguous,3.3400001525878906,0.06687496490206524,0.8072989361051208,-0.020336900353548945,0.02163297566856888,0.029691331264648145,0.5448004007339478,207,0.3002295680213606,204,0.05860071492893226,0.7871731349329832,-0.018632075770929672,0.023679668594643943,0.030131062913309765,741,0.22574932408455994,167.0243682861328,104.59843444824219
0.6898384705682756,ambiguous,3.2990002632141113,0.02771923305046453,1.2741518500328328,0.010124498176066482,0.009756944680398434,0.014060705274399603,0.9705878496170044,208,0.3002295680213606,204,0.01935690797298406,1.4748774284628945,0.011829322758685753,0.007858795652000674,0.01420188529840547,741,0.5016570949073111,168.7387237548828,104.98484802246094
1.9364367046556479,static,3.3520002365112305,0.08196301944773854,2.2226043412084993,-0.04304407979180233,0.02244751875031671,0.04854568882165404,0.7760500311851501,209,0.3002295680213606,204,0.07360103986067834,1.8101997098426972,-0.04133925520918306,0.023437557793799708,0.04752108097031958,741,0.14421692278730805,167.46839904785156,104.02278137207031
1.5839504557295139,ambiguous,3.3380000591278076,0.06692642163216433,2.085766924197625,-0.027336238347443833,0.0162714491145094,0.03181241869575979,1.4205254316329956,210,0.3002295680213606,204,0.058482602233327796,1.8279451218389744,-0.02563141376482456,0.016577296128199387,0.0305250080836296,741,0.20516300781773428,169.1531524658203,104.81014251708984
0.9611778057122616,ambiguous,3.309000253677368,0.03645197734937966,2.261488444841394,-0.01006834866924522,0.019619312188859372,0.02205196262670101,0.7873122692108154,211,0.3002295680213606,204,0.028012790221572992,1.9750278802479238,-0.00836352408662595,0.017411470890312898,0.019315999940768942,741,0.3824421780221298,168.59954833984375,104.94426727294922
0.0,seed,3.874000072479248,0.0,0.0,0.0002897994839610009,0.01249437329442736,0.012497733705012429,0.0,204,0.28446401290015544,204,0.0,0.0,-0.007437831422175032,0.012958706401883657,0.014941532982760325,742,1.0,184.0,104.0
0.16314194638585774,ambiguous,3.877000093460083,0.002129491987771459,0.4626335064891444,0.006576453138517931,0.0071555094929085265,0.009718593107349766,0.6265730857849121,205,0.29123566231989506,204,0.001431682119723554,0.7442383051838147,0.005620471652121505,0.009803533945204654,0.011300397311912593,742,0.8494706005746447,184.1607208251953,104.90687561035156
0.3272733863538498,ambiguous,3.873000144958496,5.92415674143254e-05,0.9818101055937594,0.01646668227647613,0.005250012584262009,0.017283352028160583,0.4546864926815033,206,0.2996387806033801,204,0.007950253192699375,1.6225186143801706,0.023913819073564574,0.009406914060556729,0.025697485768570453,742,0.7208866355157602,183.4976043701172,104.47920989990234
0.3579993933857721,ambiguous,3.88700008392334,0.011246335881160086,0.6648471200223139,0.0036500639377660547,0.006368241040491941,0.007340126749558628,0.608625590801239,207,0.3002295680213606,204,0.002972085908027111,1.2765144012366672,0.011687988152835062,0.011258388209113797,0.016228381685427704,742,0.6990734990743279,183.97052001953125,104.91665649414062
0.3137619456894977,ambiguous,3.875000238418579,0.004670016075681183,0.8736950955500322,-0.0011479808734308947,0.010286594502178273,0.010350453446009378,1.0334217548370361,208,0.3002295680213606,204,0.0036923090017992877,1.0706163180707415,0.006889943341638114,0.005420705004225382,0.008766718998223764,742,0.7306929520638283,185.02427673339844,104.61268615722656
0.3845057947455352,ambiguous,3.882000207901001,0.013699857261103787,1.277889348648733,-0.01589863483395938,0.013072644965959869,0.020583018145782762,0.6830900311470032,209,0.3002295680213606,204,0.005337877674042701,1.0818177199193222,-0.007860710618890373,0.008677163284386004,0.011708284848680117,742,0.6807870015943293,184.5535125732422,103.9897689819336
0.6200278094947899,ambiguous,3.892000198364258,0.0227486826243104,1.926449395569797,-0.03159572373481465,0.017885388702576954,0.03630670581819559,0.9499363899230957,211,0.3002295680213606,204,0.014309495496503732,1.5192517947157658,-0.023557799519745647,0.01377336396798514,0.02728874260949228,742,0.5379294778396525,184.89859008789062,104.36144256591797
0.0,seed,2.5940001010894775,0.0,0.0,-6.897480901269068e-06,0.008720401001158078,0.008720403728970441,0.0,204,0.28446401290015544,204,0.0,0.0,-0.012899668144276618,0.009659361789514993,0.01611535629184807,743,1.0,200.0,104.0
0.4080646667376446,ambiguous,2.5810000896453857,0.013403339887549937,0.6986575694595791,0.014565357893412366,0.013627017505271169,0.019946058674639378,1.245439052581787,205,0.29123566231989506,204,0.016964513995045394,1.1451425873189078,0.008444236649776624,0.012034671117653484,0.014701647577993212,743,0.664935878198076,200.412353515625,105.09091186523438
0.49708271233236223,drawer,2.5860002040863037,0.00796656364785342,1.3663176750297574,0.019167119182070914,0.005062217422905034,0.019824341173831576,0.8117769956588745,206,0.2996387806033801,204,0.01585757527313847,2.3670385674100793,0.021449116221920042,0.005901567425956573,0.022246192590745617,743,0.6083026675979001,199.8953857421875,104.79806518554688
0.29060188293593603,drawer,2.5960001945495605,0.0003637980606061575,0.8713785778900215,0.0074178421815812,0.0022909205988026335,0.007763549434431621,1.2884596586227417,207,0.3002295680213606,204,0.007910451912526817,1.7624194581935066,0.010290626639410891,0.001821145058932868,0.010450529458234577,743,0.7478133360125973,199.8930206298828,105.21598052978516
0.44431100102426196,ambiguous,2.5980000495910645,0.007965980188978428,1.191539199352104,-0.0031404372378175845,0.007796730375322542,0.00840543577633834,1.269318699836731,208,0.3002295680213606,204,0.00039634488850204264,1.5093576420534485,-0.000267652779987893,0.005444520259675002,0.0054510951990078835,743,0.641265955442991,200.77713012695312,104.86031341552734
0.45099713277803416,ambiguous,2.5940001010894775,0.005599984339513142,1.6864409204474362,-0.011438125723470331,0.014509410415571756,0.018475760083780476,0.3519738018512726,209,0.3002295680213606,204,0.0027619952475479437,1.3370395465866032,-0.008565341265640639,0.01061570398189591,0.013640316786208709,743,0.6369926685747356,200.03543090820312,104.01488494873047
0.785049549742378,static,2.618000030517578,0.02952527352199752,2.2102930715884637,-0.027190746345060995,0.01570244720983902,0.03139910086577686,0.8842820525169373,211,0.3002295680213606,204,0.021086086394190406,1.7451992903965283,-0.024317961887231305,0.01548203312789576,0.02882805265920846,743,0.4560971017318403,200.55325317382812,104.67352294921875
1.4303608772568344,ambiguous,2.6570000648498535,0.06296244003999796,1.718093469429216,-0.04287429795129813,0.04074826760900618,0.059149190509692265,1.2331093549728394,212,0.3002295680213606,204,0.054577405548789315,1.2877270373507874,-0.04000151349346844,0.043470893909499896,0.05907486520559427,743,0.1621220915142086,200.40975952148438,102.95386505126953
0.0,seed,2.4280002117156982,0.0,0.0,0.0004103533933075957,0.007224892728928748,0.007236536799597343,0.0,204,0.28446401290015544,204,0.0,0.0,-0.006732136935712427,0.00608480120667351,0.009074495768136041,744,1.0,208.0,96.0
0.1614221576255469,ambiguous,2.4260001182556152,0.0026033880582865265,0.4431589460661599,0.006312911885209223,0.005941228364438325,0.008668970581840865,1.1781309843063354,205,0.29123566231989506,204,0.006164562165781984,0.923260627116462,0.005942070975928806,0.005151964277748101,0.00786453707488038,744,0.8509327675144776,208.2408905029297,96.92898559570312
0.39277039286213006,drawer,2.430000066757202,0.0017298754344947653,1.1711467010372838,0.011602045512483204,0.009253084126971569,0.01484004804353897,0.7886592149734497,206,0.2996387806033801,204,0.00616113619078984,2.259997384646175,0.019634322886687663,0.005594834850903981,0.020415896067221655,744,0.6751837567997764,207.8927001953125,96.54312133789062
0.3237175675266819,drawer,2.4210000038146973,0.00878983780207987,0.7131220431506589,0.009646398222859396,0.009590421839653366,0.01360254350246619,1.3032993078231812,207,0.3002295680213606,204,0.017064087775212844,1.598679878304413,0.018269463015044413,0.01248354810786192,0.022127183558224905,744,0.7234545405834911,207.71759033203125,97.09644317626953
0.6324105210032186,ambiguous,2.449000120162964,0.025539395584929014,1.3505552195930277,-0.01533042497914456,0.01609121220867719,0.022224964350609458,1.0948960781097412,208,0.3002295680213606,204,0.0171770705074481,1.39277474958433,-0.006707360186959542,0.015528319146388919,0.01691500446910135,744,0.5313095233839005,208.4466552734375,96.70877075195312
0.5462741681077828,ambiguous,2.4230000972747803,0.0013928801451328354,1.9915440941739067,-0.009537499814592643,0.01762345651245825,0.020038715581590098,0.23309876024723053,209,0.3002295680213606,204,0.006969099441927806,1.5532360569548291,-0.0009144350224076277,0.021307301925768577,0.02132691507851211,744,0.5791034379199403,207.75241088867188,96.08702850341797
0.907513107767884,static,2.454000234603882,0.03249017396891052,2.62589026092049,-0.03012893735312496,0.018286459603889773,0.035244112570374374,0.8345224261283875,211,0.3002295680213606,204,0.02405098684110385,2.03922517068631,-0.021505872560939943,0.019587899475317,0.029089316947335044,744,0.4035265041643984,208.14578247070312,96.70476531982422
1.5200431430479886,static,2.494000196456909,0.06707908412829511,2.1207803896191653,-0.052400361077111636,0.0438564836139451,0.0683314641727507,1.3623905181884766,212,0.3002295680213606,204,0.058694049637086465,1.1902535159748697,-0.043777296284926624,0.041634536005772285,0.06041428852874293,744,0.20338538161128045,207.8937530517578,94.15821838378906
0.0,seed,2.7080001831054688,0.0,0.0,0.013056307573995084,0.019005019256389696,0.02305770856790641,0.0,204,0.28446401290015544,204,0.0,0.0,0.0010830010424328898,0.018671878465222627,0.018703260054812775,745,1.0,216.0,96.0
0.5068573580509019,ambiguous,2.689000129699707,0.019927329624830126,0.28010812479202607,0.026006773152084793,0.03133502941635987,0.04072144789061578,1.0295783281326294,205,0.29123566231989506,204,0.023488503732325583,0.7235603513132214,0.020805116040262202,0.030959212130484776,0.03730047813619996,745,0.6023856898239739,216.12379455566406,96.7872085571289
0.6724860877411559,ambiguous,2.7270002365112305,0.025090709410620526,1.7167966581651521,-0.003637253362184001,0.004455878812212131,0.005751909944517544,1.1057568788528442,208,0.3002295680213606,204,0.016728384333140056,1.579887450220472,0.0001549952274588429,0.004768070578455505,0.0047705891210277195,745,0.510438005395897,216.17684936523438,96.83944702148438
0.5314169617616377,ambiguous,2.7130000591278076,0.013363600623024219,2.061232468953214,-0.005476374365866066,0.014529877815686917,0.015527653574635989,0.4703015983104706,209,0.3002295680213606,204,0.005001621035963133,1.5494901378123278,-0.0016841257762232218,0.014256193004122208,0.014355323702408194,745,0.5877715295594477,215.74661254882812,95.95548248291016
1.5901902768988703,static,2.764000177383423,0.06526778024480251,2.6667322090224626,-0.03354622742897455,0.03194892421068012,0.04632583655948661,1.1525936126708984,211,0.3002295680213606,204,0.05682859311699584,2.143005004689057,-0.029753978839331705,0.03231881461491475,0.043929546263131676,745,0.2038868130925721,216.2749786376953,96.80152893066406
1.8802021371487176,static,2.7850000858306885,0.08081828557823023,2.3851549960121896,-0.048952662592025895,0.045408372981275244,0.06677037899888948,0.9196221828460693,212,0.3002295680213606,204,0.07243325108702203,1.5180419820519846,-0.045160414002383055,0.045725572018280244,0.06426733952222985,745,0.152403515717026,215.7360382080078,94.15889739990234
0.0,seed,3.1600000858306885,0.0,0.0,-0.001290721252095148,0.010671906370079483,0.010749676596175027,0.0,204,0.28446401290015544,204,0.0,0.0,-0.005626076939896984,0.010731221590029955,0.012116594346100955,746,1.0,232.0,96.0
0.19497041572052476,ambiguous,3.1590001583099365,0.0025520581176987633,0.55270746193441,0.007237964220476765,0.008121798230746394,0.010878958247822127,0.8250811696052551,205,0.29123566231989506,204,0.006113232225194221,0.9399604413343059,0.009674257952414595,0.00857771158102894,0.012929362045250919,746,0.8228590013865924,232.25816345214844,97.00286865234375
0.6892850003794104,drawer,3.142000198364258,0.021616300296337876,1.283612807337828,0.024838361782434162,0.019753880452107814,0.03173578436010765,0.46648940443992615,206,0.2996387806033801,204,0.02950731192162248,2.17289213464309,0.035677773797856804,0.020449756283998644,0.04112293855314792,746,0.5019348240046734,231.94119262695312,96.44603729248047
0.6060739891955638,ambiguous,3.186000108718872,0.023185324256947304,0.608501001195761,-0.004263660782550704,0.01694167126782524,0.01746994643997846,1.0608400106430054,207,0.3002295680213606,204,0.01491107428381433,1.4336205414061913,0.007166538650852559,0.015589642050890968,0.017157978188267742,746,0.5454882634283452,231.9057159423828,96.97034454345703
0.8447874547848971,ambiguous,3.186000108718872,0.03542038226252853,1.3686406843657788,-0.015566066542429757,0.02284679488328813,0.027645586700997895,1.0747278928756714,208,0.3002295680213606,204,0.027058057185048057,1.5181283753581305,-0.004135867109026494,0.023044945811563914,0.023413135719109572,746,0.42964866827525394,232.86184692382812,96.88711547851562
0.5674521455077873,ambiguous,3.1460001468658447,0.001468939158727256,1.8648842600577373,-0.009460202178196443,0.03076101253848226,0.03218284197588857,0.35030901432037354,209,0.3002295680213606,204,0.009830918745787898,1.534398340694056,0.001969997255206824,0.03303883445442051,0.03309751457877353,746,0.5669681523607742,232.2237091064453,96.11626434326172
1.3801422052376597,ambiguous,3.200000047683716,0.05526455112948048,2.539408752280202,-0.036242808013741176,0.035123630031479065,0.0504698971596844,1.1158312559127808,211,0.3002295680213606,204,0.046825364001673364,2.1930970782155637,-0.02481260858033791,0.03573280365759895,0.043502859696732295,746,0.25154253992557163,232.81219482421875,97.09012603759766
0.0,seed,3.389000177383423,0.0,0.0,-0.0006848546085547755,0.00044550757267587893,0.0008170084651766274,0.0,204,0.28446401290015544,204,0.0,0.0,-0.013131681819933879,0.005562576017065223,0.014261252377179612,747,1.0,240.0,96.0
0.32423555803147636,ambiguous,3.379000186920166,0.011896065695735647,0.3874643748053066,0.009756093320151043,0.008333024116296892,0.01283045781701812,1.1070371866226196,205,0.29123566231989506,204,0.01545723980323066,0.7649333445743831,0.004080915528511605,0.005597425876129491,0.006927124077827042,747,0.7230798950406122,240.18284606933594,96.81977081298828
0.3987075187001755,drawer,3.385000228881836,0.008960819343148074,0.9894658031720643,0.016221121245308792,0.002864465335037592,0.0164720956805939,0.41077104210853577,206,0.2996387806033801,204,0.016851830968433568,1.829742843255404,0.01894906173715417,0.007862436399198572,0.020515478226205766,747,0.6711869822888002,239.68731689453125,96.18840026855469
0.1757376404223319,ambiguous,3.3970000743865967,0.004793657362012205,0.38561086669565825,0.002712596625623144,0.007966870681906827,0.008416009084807873,0.8555564284324646,207,0.3002295680213606,204,0.0034805926111207697,1.2305957747742144,0.00603132453544914,0.011251957590885152,0.01276649620212957,747,0.8388380316616377,239.9071502685547,96.72461700439453
0.3868016621272286,ambiguous,3.385000228881836,0.010907288631796241,1.60090151654527,-0.01711850157468916,0.01801070642732296,0.024848111440788568,1.1431071758270264,209,0.3002295680213606,204,0.0025453090447351556,1.1445949580179755,-0.013799773664863162,0.013748794849574095,0.019479812961553968,747,0.6792257977677184,240.45150756835938,95.69710540771484
0.0,seed,3.7400002479553223,0.0,0.0,0.056194843698733996,0.013093965906156814,0.05770019411992251,0.0,204,0.28446401290015544,204,0.0,0.0,0.04042928857752893,0.013093965906156612,0.04249681538699933,748,1.0,152.0,112.0
0.33087415347547317,ambiguous,3.754000186920166,0.01414446196819874,0.8758688564439233,0.03331193395297481,0.01025417547148719,0.034854455357778945,0.5102732181549072,205,0.29123566231989506,204,0.010583287860703727,0.5960416936056823,0.024318028251509378,0.010254175471486972,0.02639156328528595,748,0.7182955583524623,151.15988159179688,112.02416229248047
0.3849182622368423,static,3.758000135421753,0.022698911219230844,0.9460451775511828,0.026526949857908173,0.006041315150549871,0.02720618601554135,0.8173916339874268,206,0.2996387806033801,204,0.014807899593945795,0.31629572241612225,0.0259361624399276,0.006041315150549836,0.02663047147270536,748,0.6805062569906586,150.07962036132812,111.15031433105469
0.9172200343148966,static,3.7830002307891846,0.04236773535406968,1.6699219018254483,0.0022943841091665968,0.006408308175609543,0.006806659394591469,0.9918392896652222,207,0.3002295680213606,204,0.034093485380936706,1.0165264404575347,0.0022943841091665968,0.006408308175609543,0.006806659394591469,748,0.39962845169081784,150.39903259277344,111.26407623291016
0.9780707671739975,static,3.7830002307891846,0.04129829820440589,2.1879301740417376,-0.002722150948913594,0.007282742141069094,0.007774859412360768,0.2895435392856598,208,0.3002295680213606,204,0.03293597312692542,1.5835794099694689,-0.002722150948913594,0.007282742141069094,0.007774859412360768,748,0.3760358602351999,151.49349975585938,111.22821044921875
1.165387210650143,static,3.7790002822875977,0.03798073088122189,3.3023389227551703,-0.01643175464808116,0.021562333148285703,0.027109717291266565,1.2265812158584595,209,0.3002295680213606,204,0.02961875129416125,2.6997222075529423,-0.01643175464808116,0.021562333148285703,0.027109717291266565,748,0.31180190563647686,150.5672149658203,110.53028869628906
1.2008403647781276,static,3.7850000858306885,0.04128075207056492,3.243408872265967,-0.018498686192398993,0.017595804646572056,0.02553064300022974,1.069804310798645,210,0.3002295680213606,204,0.03283693267172838,2.6292436947972933,-0.018498686192398993,0.017595804646572056,0.02553064300022974,748,0.3009412052289775,152.08570861816406,110.78167724609375
1.4125457824301564,static,3.7930002212524414,0.048109769475437325,3.6092547262151147,-0.026466680386570355,0.02253197905951141,0.034758815443325,0.3505541682243347,211,0.3002295680213606,204,0.039670582347630656,3.0174820344577347,-0.026466680386570355,0.02253197905951141,0.034758815443325,748,0.24352253794911627,151.30352783203125,111.07473754882812
0.0,seed,3.5950002670288086,0.0,0.0,0.032776549515968444,0.022362094551303443,0.03967827454532476,0.0,204,0.28446401290015544,204,0.0,0.0,0.01766138304802191,0.022341597429355615,0.028479315772404805,749,1.0,160.0,112.0
0.9557627178448199,ambiguous,3.636000156402588,0.04103317176346444,0.5348016274969961,0.006696430846307921,0.013747259716004106,0.01529147918870681,0.7655251622200012,205,0.29123566231989506,204,0.03747199765596898,0.568325772377725,-0.001647086201898974,0.013425865795997373,0.013526520813890695,749,0.3845187533649949,159.4955596923828,112.8749771118164
0.5061972720272173,ambiguous,3.614000082015991,0.022646335385665406,0.4593688166598636,0.023973353627177913,0.007812665518837952,0.025214270297650176,0.42588919401168823,206,0.2996387806033801,204,0.014755323760380357,1.03992714670592,0.024032954862455876,0.007402812463424704,0.02514725734129823,749,0.6027834474613806,158.89358520507812,112.18190002441406
0.6479318347493273,ambiguous,3.629000186920166,0.03314738637666759,0.8688846982379803,0.002524013669166197,0.0037747937180461137,0.004540893372007122,0.9462092518806458,207,0.3002295680213606,204,0.024873136403534613,0.5461737983439402,0.0031744023224247343,0.0033684722278478564,0.004628545695399134,749,0.523126570941016,158.88621520996094,112.2578353881836
0.6251321046828249,ambiguous,3.624000072479248,0.02856826787218747,1.35019688262204,0.004525576644055635,0.007960469736500277,0.009156960324636044,0.6337888240814209,208,0.3002295680213606,204,0.020205942794707,1.1047785461314814,0.005175965297314173,0.008382986821339772,0.009852161428121085,749,0.5351907226481385,160.2359619140625,112.3572998046875
1.090843870049936,static,3.634000062942505,0.03945581342738125,2.843848370751073,-0.026085737517647097,0.019411654013444208,0.032515811744092224,0.8633195161819458,209,0.3002295680213606,204,0.031093833840320606,2.2958798010079806,-0.025435348864388557,0.01983201028819854,0.03225314874433758,749,0.33593289035641627,158.8450469970703,111.32454681396484
0.8230459700667475,static,3.629000186920166,0.032762065219078984,2.15485905395635,-0.011659245638755783,0.015214635711720898,0.01916828497036755,1.268174409866333,210,0.3002295680213606,204,0.024318245820242446,1.6643755423163182,-0.011008856985497245,0.015627555085440642,0.019115841861545444,749,0.4390921539448823,160.92323303222656,111.95958709716797
1.0082978143840398,static,3.634000062942505,0.036456492643679006,2.6785347038573297,-0.01983388449543886,0.020799739789161567,0.028740427092777184,0.4148673117160797,211,0.3002295680213606,204,0.028017305515872337,2.175896923189366,-0.019183495842180324,0.02122171358530763,0.028607125689656066,749,0.36483947582969173,160.0543975830078,112.08404541015625
0.0,seed,3.3990001678466797,0.0,0.0,0.029218249072555814,0.034404613160627685,0.04513738456754383,0.0,204,0.28446401290015544,204,0.0,0.0,0.015507868754354993,0.03395379290152238,0.03732765791878418,750,1.0,168.0,112.0
1.1501031959136307,ambiguous,3.44700026512146,0.047953297364645486,0.8261565934660894,0.002645277748968036,0.010162443269897868,0.010501083162373198,0.8576084971427917,205,0.29123566231989506,204,0.04439212325715003,0.9053564686453462,-0.004293453149493148,0.011832195630829101,0.012587080415771718,750,0.3166040954442853,167.4340057373047,113.2127456665039
0.8435071182960102,ambiguous,3.432000160217285,0.03566775296044877,0.857928135677761,0.017025762343959513,0.008398019680212993,0.01898429134685397,0.4575209617614746,206,0.2996387806033801,204,0.027776741335164168,1.4365181627953334,0.01849014972898319,0.010017552157121076,0.02102943147640607,750,0.43019911544625367,166.91448974609375,112.59837341308594
1.0225503617153158,ambiguous,3.44700026512146,0.04695551221794858,0.8769849434147499,-0.000784271637558944,0.007029894677396897,0.007073506992770461,0.7044332027435303,207,0.3002295680213606,204,0.038681262244815606,0.9970621371827826,0.0012709031654453045,0.008741340242591614,0.00883324538845664,750,0.35967646436353506,167.05691528320312,112.80296325683594
0.8631067930166898,ambiguous,3.436000108718872,0.03771554458522708,1.442388698572217,0.0011355116302111073,0.007246259225121602,0.007334688774583732,1.034696340560913,208,0.3002295680213606,204,0.02935321950774661,1.3630903724058405,0.0031906864332153567,0.005536294435487016,0.006389916743707154,750,0.4218494454168699,168.28964233398438,112.71837615966797
1.5302549477497678,ambiguous,3.4600002765655518,0.06277000634208107,2.4941117984941807,-0.02824551584597733,0.015014242175532832,0.03198807017484652,0.3090795576572418,209,0.3002295680213606,204,0.05440802675501999,2.103285313391787,-0.026190341042973082,0.014312586993121176,0.029846006606963377,750,0.21648046907151347,167.2364501953125,112.13042449951172
0.8926415263889094,ambiguous,3.433000087738037,0.03500591257308683,2.1566300432179655,-0.008437513843435012,0.01943151901524713,0.021184323711132918,1.2795956134796143,210,0.3002295680213606,204,0.026562093174249846,1.789578326476433,-0.006382339040430761,0.017740053215099253,0.0188532156329248,750,0.40957242619246437,168.9674835205078,112.49514770507812
1.3127089782162928,static,3.451000213623047,0.051585139584121364,2.6503024746530195,-0.023122563291626583,0.01768568856977284,0.029110762844045682,0.6449379324913025,211,0.3002295680213606,204,0.043145952456314696,2.2444363275090975,-0.021067388488622333,0.01614860489388404,0.0265445342349289,750,0.2690901088819609,168.1207733154297,112.65696716308594
0.0,seed,3.1760001182556152,0.0,0.0,-0.004367176616803195,0.002840909924085349,0.005209894509404123,0.0,204,0.28446401290015544,204,0.0,0.0,-0.010984521992806506,0.007145586331596733,0.013104164507237837,751,1.0,184.0,112.0
0.2627939510627785,ambiguous,3.1690001487731934,0.007233851980350536,0.5720117918562115,0.006000893630052913,0.006184391925447159,0.008617274966411691,0.7630016207695007,205,0.29123566231989506,204,0.01079502608784555,0.9094178373626296,0.006155197673789209,0.010058757490079022,0.011792584985813793,751,0.768900312082136,184.4672088623047,112.64530944824219
0.43031362169837195,ambiguous,3.1670000553131104,0.004806323100275733,1.2395913217109713,-0.011034486842553272,0.01705371824346748,0.020312291988007086,0.17875182628631592,209,0.3002295680213606,204,0.01316830268733682,0.9305975581894724,-0.0018862770973515413,0.012779730980450323,0.012918187381388873,751,0.6503051129444509,184.45751953125,111.785400390625
0.0,seed,2.741000175476074,0.0,0.0,0.0036379444778198784,0.0075906999096864445,0.008417444097979739,0.0,204,0.28446401290015544,204,0.0,0.0,-0.009364302277920396,0.008435348982405043,0.012603383260348267,752,1.0,200.0,112.0
0.5733857324860528,ambiguous,2.7190001010894775,0.022268839232505222,0.41169956239266314,0.018840942965511615,0.019052304018714782,0.026794988715265342,1.0561392307281494,205,0.29123566231989506,204,0.025830013340000235,0.8052167611375812,0.012610345629510949,0.018023530771572715,0.021997010668942142,752,0.5636139585562221,200.05587768554688,112.9660873413086
0.6872508199995663,drawer,2.7170002460479736,0.024321880239731364,0.9609020516338355,0.02674523962234298,0.016709854098225667,0.03153612319928583,0.5977320075035095,206,0.2996387806033801,204,0.03221289186501597,1.9297360815991766,0.028917760569827186,0.015845454081630295,0.032974464232598324,752,0.50295688915563,199.6383056640625,112.45098876953125
0.23002134694483328,drawer,2.743000030517578,0.0003810419125813702,0.6894720227610074,0.009691536888769524,0.002370369440220002,0.009977200937613182,1.0216327905654907,207,0.3002295680213606,204,0.007893208060551604,1.558968088581012,0.012454845254234289,0.003838515471660817,0.01303293410299852,752,0.7945166418193832,199.8360595703125,113.02616882324219
0.4961902103747284,ambiguous,2.750000238418579,0.013186735962539942,1.1471920712083519,-0.002263475572102327,0.010824734265861436,0.011058851368565303,1.4848202466964722,208,0.3002295680213606,204,0.004824410885059471,1.4439255466136847,0.000499832793362437,0.011275186522044952,0.011286259961928249,752,0.6088458212663668,200.79501342773438,112.81139373779297
0.4747481714756802,ambiguous,2.746000051498413,0.01072683394458096,1.7183882913318778,-0.010343190445390602,0.011355368062208071,0.015359881914189135,0.7998834848403931,209,0.3002295680213606,204,0.0023648543575198744,1.4131576066141518,-0.007579882079925839,0.01045874959550449,0.0129166580603129,752,0.6220416845819722,200.05535888671875,112.09033203125
0.8592415783068702,ambiguous,2.7700002193450928,0.035034097340449044,1.8967393449495948,-0.021880354332908945,0.024308059085188752,0.032705223470000544,1.475082278251648,211,0.3002295680213606,204,0.02659491021264193,1.632838872077569,-0.01911704596744418,0.02491570566173586,0.03140467855501199,752,0.42348313935360954,200.9755859375,112.82344055175781
0.0,seed,2.933000087738037,0.0,0.0,-0.0005231876909833409,0.00341564042989926,0.0034554775221897886,0.0,204,0.28446401290015544,204,0.0,0.0,-0.013680365277345893,0.005138716202581631,0.014613651095201574,753,1.0,208.0,112.0
0.2116870891955867,ambiguous,2.927000045776367,0.006496820196463027,0.4072824939121763,0.007380260254370265,0.00589943436969115,0.009448363207695324,1.1572738885879517,205,0.29123566231989506,204,0.01005799430395804,0.8009528431758667,0.0009947320877473187,0.00365855004641766,0.003791369194438442,753,0.8092165204410132,208.1129913330078,112.92684173583984
0.3345542792548607,drawer,2.930000066757202,0.004298879451982707,0.9504667492117144,0.013242943699893003,0.0015264313236551905,0.013330624532420508,0.7285740971565247,206,0.2996387806033801,204,0.012189891077267756,1.8543406645457434,0.01526053381675493,0.0033846887709583417,0.015631379032208653,753,0.7156566571931742,207.4774169921875,112.55538177490234
0.569797554169631,ambiguous,2.9560000896453857,0.021108373161861316,0.6447705413358809,-0.003218528000881119,0.020497582393291438,0.020748730237347707,1.1110786199569702,207,0.3002295680213606,204,0.012834123188728341,1.5274824091780481,-0.0006101504660386333,0.023549872340696366,0.02355777516775094,753,0.5656340047570886,207.946044921875,112.95564270019531
0.5268813203675368,ambiguous,2.933000087738037,0.007406416101151336,1.8842626103367983,-0.013289506324545189,0.02158075186220097,0.025344424027545328,1.0606186389923096,209,0.3002295680213606,204,0.0009555634859097495,1.5790184088247285,-0.010681128789702702,0.01813087044859223,0.021043169329876404,753,0.5904435054206864,207.99635314941406,112.1932373046875
0.0,seed,3.1510002613067627,0.0,0.0,-0.008434510751492576,0.006645541544922009,0.010737979048327868,0.0,204,0.28446401290015544,204,0.0,0.0,-0.022015254085230064,0.009131590865345394,0.023833954018779562,754,1.0,216.0,112.0
0.4801534594377226,ambiguous,3.134000062942505,0.01775751424647609,0.5488157434763344,0.006651177499108877,0.013170465754174278,0.014754637586417688,1.1663892269134521,205,0.29123566231989506,204,0.02131868835397155,0.928922397255456,-0.00015791641488900436,0.012244037926479316,0.012245056240751014,754,0.6186884409405018,216.22857666015625,113.00852966308594
0.3943437861715488,drawer,3.1570000648498535,0.003581342784185537,1.152135779521525,0.0053879281303618205,0.012185828466253074,0.013323820208442019,0.8556123971939087,206,0.2996387806033801,204,0.004309668841099956,2.008425240835293,0.006981952499848813,0.014494720683343894,0.016088647811370052,754,0.6741222624872073,215.58438110351562,112.69491577148438
0.28466309411321356,drawer,3.1530001163482666,0.00020401092029143086,0.853852199908295,0.0006905841268756159,0.004217046288661885,0.004273217270044846,1.10256028175354,207,0.3002295680213606,204,0.008478260893424405,1.6142548552886056,0.0028753959143431687,0.0049719723282990735,0.005743553821249792,754,0.7522675653550165,215.85479736328125,113.19523620605469
0.0,seed,3.638000249862671,0.0,0.0,0.0,0.0,0.0,0.0,204,0.28446401290015544,204,0.0,0.0,-0.009870539179290656,0.006420924815045956,0.011775220557186383,755,1.0,232.0,112.0
0.47479868702427747,drawer,3.624000072479248,0.01694775925889802,0.6428489942249305,0.013213709148957482,0.012054897594667787,0.0178863821241516,0.7054674625396729,207,0.3002295680213606,204,0.02522200923203055,1.3891926334898432,0.019108725090871928,0.012361160920494031,0.022758331966575826,755,0.6220102625986812,232.33607482910156,112.29902648925781
0.37437310856158224,ambiguous,3.629000186920166,0.004921982094457267,1.5284767990282413,-0.015192819425394688,0.02140903325373072,0.026252018340539036,0.5858231782913208,209,0.3002295680213606,204,0.003439997492603375,1.093084222172644,-0.009297803483480242,0.015282989309974446,0.01788907241491885,755,0.6877202696336826,232.4684295654297,111.69247436523438
0.0,seed,3.629000186920166,0.0,0.0,0.0066837940975090085,0.009210770828385065,0.011380307675582657,0.0,204,0.28446401290015544,204,0.0,0.0,-0.001225533532512976,0.008912483114113929,0.00899634857587675,756,1.0,160.0,120.0
0.1496416458418445,ambiguous,3.631000280380249,0.002321432193360007,0.41378763604986163,0.010426566995430042,0.002924556199987611,0.010828957857387616,0.7953541874885559,205,0.29123566231989506,204,0.0012397419141354504,0.6738389690965364,0.009288888785147694,0.002658881650336121,0.009661941134851564,756,0.8610164699790399,159.9623565673828,120.9221420288086
0.3215876232027154,ambiguous,3.6490001678466797,0.01925931146347004,0.4624068554986325,-0.009501782708476129,0.004701854458961316,0.010601476783559468,0.7143144011497498,207,0.3002295680213606,204,0.010985061490337067,0.5019858363296308,-0.0016455552172930446,0.0049556816378249595,0.0052217461130005,756,0.7249971006762388,159.28457641601562,120.29710388183594
0.2947238822705709,ambiguous,3.644000291824341,0.014504325638827531,1.0230698964168654,-0.01189171026950548,0.008920672957173343,0.014865772066822021,0.4441157877445221,208,0.3002295680213606,204,0.006142000561347061,0.7546926790012314,-0.004035482778322394,0.009009015594601546,0.009871549181253695,756,0.7447371942218577,160.52378845214844,120.12017822265625
0.0,seed,3.4580001831054688,0.0,0.0,0.016301830241774746,0.025165393901690432,0.029984107781604572,0.0,204,0.28446401290015544,204,0.0,0.0,0.005100419372463673,0.02314333804084454,0.023698699826104484,757,1.0,168.0,120.0
0.27822015904480984,ambiguous,3.4690001010894775,0.011216392287098031,0.39829530010793573,0.012667058929728445,0.01368201649645942,0.018645427250095423,0.8818110227584839,205,0.29123566231989506,204,0.007655218179602574,0.6058215965470869,0.008237297480157009,0.011257532026719187,0.01394937622652745,757,0.757130114121217,167.78948974609375,120.91043090820312
0.48541522807787973,drawer,3.449000120162964,0.006606530500797181,1.369358011358993,0.03930806530481491,0.018507792167633538,0.043447236608648784,0.9004644155502319,206,0.2996387806033801,204,0.01449754212608223,2.060494430062994,0.043281422138728334,0.014443129416878977,0.04562768336989638,757,0.6154415950708891,167.55235290527344,120.93618774414062
0.8695685430872495,ambiguous,3.499000072479248,0.040054756103584666,0.6474423166337396,-0.00443701370142539,0.009740744102165608,0.010703699652480478,0.7770813703536987,207,0.3002295680213606,204,0.03178050613045169,1.0602319814131478,0.00012713055046860693,0.014587695553737576,0.014588249509293345,757,0.4191323477902552,167.41490173339844,120.82424926757812
0.8602732509178325,ambiguous,3.497000217437744,0.039677698646018555,1.2717269062403307,-0.015319738480001415,0.010077334830540746,0.01833704077495782,1.0571684837341309,208,0.3002295680213606,204,0.031315373568538085,1.0697941853139188,-0.010755594228107419,0.007666782554962797,0.013208420115395312,757,0.42304646868684836,168.32342529296875,120.37446594238281
0.7082576885145501,ambiguous,3.4820001125335693,0.0255034659069886,2.0873007282376954,-0.016627661027415756,0.026048807426334333,0.030903389451270413,0.374909907579422,209,0.3002295680213606,204,0.017141486319927957,1.691704382566056,-0.01206351677552176,0.01889864274065964,0.022420685413973906,757,0.49250154145621816,167.62413024902344,119.9284896850586
1.2829016395813164,static,3.51200008392334,0.05367316544709322,2.2602848186952342,-0.035808235435097854,0.01990462234498642,0.04096856985143526,1.0680747032165527,211,0.3002295680213606,204,0.04523397831928655,1.8174556616316355,-0.031244091183203856,0.016562214079464805,0.03536241181082505,757,0.27723170575507416,168.4705352783203,120.35189056396484
0.0,seed,3.194000244140625,0.0,0.0,0.0052289316948084565,0.012735743076317762,0.013767384587311719,0.0,204,0.28446401290015544,204,0.0,0.0,-0.006388236236627673,0.012934929558263565,0.014426432854042727,758,1.0,184.0,120.0
0.2158556247560322,ambiguous,3.190000057220459,0.003978930857319263,0.5747072916564886,0.012274569707150382,0.00843471206371403,0.014893267911827034,0.7741979956626892,205,0.29123566231989506,204,0.00754010496481472,0.8339347970083301,0.0074290511954538604,0.007772862027428295,0.010752124709196372,758,0.8058516385021236,183.8670654296875,121.11967468261719
0.34622976661172433,drawer,3.19700026512146,0.003682242832231175,1.0013024418437688,0.01666648640930572,0.008072365577943129,0.01851850035114975,0.35301586985588074,206,0.2996387806033801,204,0.004208768793054318,1.7932696934224468,0.020224086181094073,0.009442126020318665,0.02231966410239856,758,0.7073499430339021,183.45994567871094,120.59754180908203
0.25238493927380196,ambiguous,3.200000047683716,0.004688886924335556,0.6705326817806038,0.008448162155423997,0.0024680286292447368,0.008801284515291498,0.7087822556495667,207,0.3002295680213606,204,0.0035853630487969745,1.3310616830942092,0.012596549345192908,0.003524891819809332,0.013080440273447933,758,0.7769456036218997,183.68397521972656,120.96597290039062
0.4041255400413345,ambiguous,3.204000234603882,0.012759408005042161,1.0528351266122158,-0.0036238947450431616,0.004715206844509848,0.0059469142174462175,0.8291016221046448,208,0.3002295680213606,204,0.004397082927561691,1.166662511716272,0.0005244924447257492,0.004371205945456801,0.004402559907845806,758,0.6675603104592644,184.70452880859375,120.60637664794922
0.5306638642556846,ambiguous,3.204000234603882,0.013932199236140086,1.9417473711917979,-0.016812148620530532,0.01431659530427173,0.02208196645104557,0.32213515043258667,209,0.3002295680213606,204,0.005570219649079,1.5361993376216465,-0.012663761430761622,0.013014086335784622,0.018158670015463733,758,0.5882143455533106,183.78216552734375,119.94978332519531
0.4295279962274985,ambiguous,3.201000213623047,0.01208702989660937,1.5741694389714103,-0.011942150443458189,0.010544919653544404,0.01593142453498417,1.493606448173523,210,0.3002295680213606,204,0.003643210497772831,1.2592808138086407,-0.007793763253689278,0.009202010502757846,0.012059010861070776,758,0.6508162099441421,185.5422821044922,120.41395568847656
0.7487188583738418,ambiguous,3.2180001735687256,0.027510640735706193,2.149431764554958,-0.02530848777445507,0.014896260435532506,0.0293669564032937,0.722575306892395,211,0.3002295680213606,204,0.01907145360789997,1.73184653828546,-0.021160100584686158,0.014406345440200502,0.02559868445245617,758,0.47297210901338366,184.61241149902344,120.54032897949219
0.0,seed,2.808000087738037,0.0,0.0,0.0034695263126983274,0.014972928275879208,0.015369651719838324,0.0,204,0.28446401290015544,204,0.0,0.0,-0.008099175147475322,0.015457749596601636,0.017451036091324777,759,1.0,192.0,120.0
0.36922085361100365,ambiguous,2.819000244140625,0.011045895030257658,0.7352550512826284,0.006158418992704995,0.008453743602274117,0.01045905853232977,0.8937963843345642,205,0.29123566231989506,204,0.0074847209227622,1.1229713187382444,0.0013613669522709532,0.01078150301282028,0.010867112182828898,759,0.6912727235130223,192.22071838378906,121.23501586914062
0.44315757340789064,drawer,2.815000057220459,0.007137555712580124,1.2169362216645285,0.014573479380369996,0.011569510874648215,0.018607522218948784,0.2914735972881317,206,0.2996387806033801,204,0.0007534559127053697,2.1574555726464806,0.018179545623420827,0.013868388455109175,0.022865434118245924,759,0.6420060360380861,191.80679321289062,120.63436126708984
0.35702046204021826,ambiguous,2.819000244140625,0.009620562855416459,0.7915486883503863,0.007964528462300611,0.009372970047783032,0.01229984882603987,0.666983962059021,207,0.3002295680213606,204,0.0013463128822834847,1.7459619161590476,0.012161382123332003,0.011654493378946137,0.016844180926052728,759,0.6997581791081134,192.18238830566406,120.97877502441406
0.48521586637399705,ambiguous,2.818000078201294,0.013290910400401756,1.0607842614911793,-0.002089032379580957,0.0027707002783446013,0.003469990823526271,0.8175216913223267,208,0.3002295680213606,204,0.00492858532292173,1.4155084242727856,0.002107821281450434,0.002005921007481407,0.0029097473503365496,759,0.615564302787126,192.8643798828125,120.79071044921875
0.5079843814155469,ambiguous,2.818000078201294,0.014483255235965942,1.585946856287195,-0.009882635003601946,0.0091581059094391,0.013473580758763492,0.4045129418373108,209,0.3002295680213606,204,0.006121275648904856,1.453156684008532,-0.005685781342570554,0.006888244992542953,0.008931742750035767,759,0.6017071695029623,192.24383544921875,120.249755859375
0.5564437768637962,ambiguous,2.81600022315979,0.01412918371682892,1.6811112431281057,-0.008318099123012124,0.010884073933776392,0.013698680170591828,1.4787700176239014,210,0.3002295680213606,204,0.005685364317991937,1.6139541968438422,-0.004121245461980734,0.008688436847419264,0.009616319410745963,759,0.5732440269841408,193.6214141845703,120.89904022216797
0.6823482754718283,ambiguous,2.823000192642212,0.0195183136531476,2.115827399179695,-0.015133142483393668,0.014485171101623801,0.02094832172910306,0.8454265594482422,211,0.3002295680213606,204,0.011079126525340044,1.8708127633943297,-0.010936288822362276,0.012509922795827398,0.016616274599430766,759,0.505428711859843,192.76486206054688,120.97407531738281
0.0,seed,3.128000259399414,0.0,0.0,0.0011086444333550122,0.012051625568639217,0.012102510951297982,0.0,204,0.28446401290015544,204,0.0,0.0,-0.012053165834349261,0.014817942091163019,0.019101052705214575,760,1.0,208.0,120.0
0.46222017584268565,ambiguous,3.1100001335144043,0.018352481488923544,0.16808048398663578,0.011037991114706894,0.019822817823899618,0.022688793584672167,0.8509854078292847,205,0.29123566231989506,204,0.021913655596418558,0.5251088139570259,0.004647830266742227,0.01876438727442555,0.01933143957322032,760,0.6298836395121071,207.92469787597656,120.73148345947266
0.24459433697186073,ambiguous,3.135000228881836,0.00510906556215307,0.6257880297612431,0.0044937852560066865,0.007099332983191229,0.008402061338346083,0.7730424404144287,207,0.3002295680213606,204,0.0031651844109799043,1.368970099395202,0.007097530109507453,0.011176397413133672,0.013239591866506532,760,0.7830204367624192,207.71731567382812,120.96053314208984
0.49314514999108905,ambiguous,3.120000123977661,0.002087288107259777,1.4711296374376293,-0.0011145731542714747,0.013995121307927818,0.01403943352631572,1.375830888748169,208,0.3002295680213606,204,0.010449613184740247,1.473933075743703,0.0014891716992292917,0.009923213811690947,0.010034331303197011,760,0.6107025463511194,208.4336395263672,120.82284545898438
0.6463205613315745,ambiguous,3.128000259399414,0.007683486294538522,2.250023852332153,-0.013815933908092992,0.0194770475406721,0.02387960239732636,0.9799237847328186,209,0.3002295680213606,204,0.0006784932925221199,1.9382938181664222,-0.011212189054592226,0.015824385287828136,0.019393925676189163,760,0.5239701503148954,207.70411682128906,120.38240051269531
0.0,seed,3.3430001735687256,0.0,0.0,0.0008767583862553314,0.016781987801604524,0.01680487488323171,0.0,204,0.28446401290015544,204,0.0,0.0,-0.0026888475741986733,0.01609540264098608,0.016318452360831764,761,1.0,216.0,120.0
0.20423170915669459,ambiguous,3.3510000705718994,0.007398327748069811,0.259825938791475,0.0014633416669070554,0.010363129841620107,0.010465936601584376,1.1947118043899536,205,0.29123566231989506,204,0.0038371536405739093,0.6313382411080171,0.004669385126192657,0.009739892734304617,0.010801327137554396,761,0.815273442977992,216.06353759765625,120.7534408569336
0.6869718561327091,ambiguous,3.375000238418579,0.02979308288203697,0.6385753282215796,-0.006482064065519702,0.015946963660012924,0.017214029293668425,0.8453106880187988,207,0.3002295680213606,204,0.021518832908903995,1.2816627969783225,0.005717885095231333,0.01642010920671631,0.017387184830292637,761,0.5030972155263748,215.61317443847656,120.97087097167969
0.7504971940686811,ambiguous,3.3510000705718994,0.015526363838117785,2.269568439688365,-0.009740009401137985,0.027417729549269576,0.02909638597439803,1.3557801246643066,208,0.3002295680213606,204,0.007164038760637315,2.1864400130858055,0.002459939759613049,0.027638468009764456,0.027747724547207437,761,0.4721317532680381,215.9002227783203,121.3566665649414
0.0,seed,3.2930002212524414,0.0,0.0,0.007970851661563106,0.02143294416722108,0.02286712863229355,0.0,204,0.28446401290015544,204,0.0,0.0,-0.002601237066262851,0.021731698264407375,0.021886825802983546,762,1.0,184.0,136.0
0.9856184741479063,ambiguous,3.3330001831054688,0.04052734475404485,0.7062191110654853,-0.002570215763569598,0.02238938606423977,0.022536428674589853,1.319315791130066,205,0.29123566231989506,204,0.036966170646549834,1.0278346268816585,-0.006370655071655946,0.020499904504181248,0.021466982338525512,762,0.37320824685663345,184.09339904785156,137.21783447265625
0.4157715849849813,drawer,3.2940001487731934,0.0010977727776975144,1.2445944648363918,0.024946632916666184,0.012245101332077781,0.02778987226512108,0.8366557955741882,206,0.2996387806033801,204,0.006793238847587979,2.0580841019961404,0.02954931189206471,0.011362017413747993,0.03165844710349561,762,0.6598309685734772,183.81922912597656,136.58729553222656
0.42787952012692115,ambiguous,3.308000087738037,0.013871445562029017,0.7519190897676539,0.01177200704405941,0.007359686143736208,0.01388326798630953,1.0139001607894897,207,0.3002295680213606,204,0.005597195588896042,1.582509698218758,0.016965473437438493,0.005110249345460088,0.017718406737887195,762,0.6518899496860998,184.15496826171875,136.90077209472656
0.6533737391140063,ambiguous,3.321000099182129,0.03074718713034752,0.6840314648758807,-0.007284973563361078,0.006874634023044391,0.010016557930230789,1.0019586086273193,208,0.3002295680213606,204,0.02238486205286705,1.0116761637704246,-0.0020915071699819945,0.006151663250310992,0.006497488975543774,762,0.5202874981590458,185.044189453125,136.43626403808594
0.9828967728701123,ambiguous,3.3330001831054688,0.04348606664000254,1.379047167877186,-0.0186009103151119,0.017177746534551085,0.025319337285089394,0.5352216362953186,209,0.3002295680213606,204,0.035124087052941455,1.3248410117780742,-0.013407443921732817,0.017794092400074464,0.022279795260657088,762,0.3742254809957153,184.49966430664062,136.214599609375
0.5929054021456566,ambiguous,3.307000160217285,0.017795339190677772,1.9484782765309352,-0.014010104499666276,0.021948156961637696,0.02603852188785405,0.8017899394035339,211,0.3002295680213606,204,0.009356152062871104,1.6344517268900784,-0.008816638106287192,0.02490727516236277,0.026421685478237162,762,0.55271907842636,184.85430908203125,136.637451171875
0.0,seed,3.364000082015991,0.0,0.0,-0.01401060882795277,0.008165938953513863,0.016216649429596212,0.0,204,0.28446401290015544,204,0.0,0.0,-0.027224718143097293,0.011407438240707658,0.02951804406099175,763,1.0,200.0,136.0
0.6705766772717231,drawer,3.3440001010894775,0.02175495902889102,1.1768039801494017,0.010498093762911703,0.016465558292715274,0.019527533959660403,0.5582320690155029,206,0.2996387806033801,204,0.029645970654176068,1.9756254178065702,0.01245875215099166,0.01821388023738031,0.02206730473939834,763,0.5114135721496856,199.96669006347656,136.1525115966797
0.2618944427435227,drawer,3.364000082015991,0.0015735858118812729,0.7767688350021491,-0.0033962021854832495,0.0051978049128080725,0.006208974568823176,0.9954354763031006,207,0.3002295680213606,204,0.009847835785013803,1.5715893771979264,-0.0008447563794227344,0.008134307409911043,0.008178054192747142,763,0.7695922554672928,199.9795684814453,137.0347900390625
0.7041777220913912,ambiguous,3.3450002670288086,0.013861136179230016,1.8390375098405727,-0.006404414718690646,0.0274762054740356,0.028212734627121937,1.4604835510253906,208,0.3002295680213606,204,0.022223461256710486,2.0036121895743295,-0.0038529689126301277,0.024008131345307094,0.02431533960559077,763,0.49451503591052415,200.42247009277344,137.37832641601562
0.0,seed,3.3460001945495605,0.0,0.0,-0.014214209241238104,0.012800469394351782,0.019128401947612755,0.0,204,0.28446401290015544,204,0.0,0.0,-0.02541538883268196,0.014248233266927594,0.02913681761526466,764,1.0,192.0,144.0
0.6001351406977633,ambiguous,3.32200026512146,0.023349650293334356,0.41794136464908654,0.001419658372917501,0.005504636293200758,0.005684755985635421,1.0900490283966064,205,0.29123566231989506,204,0.026910824400830258,0.7778394224371145,-0.0030098717987867476,0.004205261871473758,0.0051714171803097396,764,0.5487372780740206,192.1099853515625,144.89903259277344
0.47260222130329127,drawer,3.332000255584717,0.015105728602497592,0.8524354258728224,0.004293513414904252,0.006425326618706639,0.00772781208370279,0.5334072709083557,206,0.2996387806033801,204,0.022996740227783086,1.679405829740108,0.008267101526684879,0.00804087749410871,0.011532592012543382,764,0.6233779883500669,191.52342224121094,144.3097686767578
0.5194888240911588,drawer,3.327000141143799,0.020246679906398946,0.35067432115786457,-0.0008964283888916336,0.0038485078917102527,0.003951530950020124,0.8916597366333008,207,0.3002295680213606,204,0.02852092987953192,1.2012801858206612,0.003667947140869551,0.004471790548503399,0.005783662069821977,764,0.5948245302392149,192.02430725097656,144.43899536132812
0.0,seed,3.2880001068115234,0.0,0.0,0.016038300622424832,0.025065292441675806,0.029757284352608576,0.0,207,0.3002295680213606,207,0.0,0.0,0.016038300622424832,0.025065292441675806,0.029757284352608576,765,1.0,136.0,24.0
0.5486861278637978,ambiguous,3.2830002307891846,0.006814562288134152,1.5647022062713474,0.0070102107000800905,0.0007328699674761791,0.007048414889090023,0.7610087394714355,208,0.3002295680213606,207,0.006814562288134152,1.5647022062713474,0.0070102107000800905,0.0007328699674761791,0.007048414889090023,765,0.5777083468611867,136.06610107421875,23.87379264831543
0.8760571754357879,ambiguous,3.26200008392334,0.02504994964449736,1.8378243115131006,0.025288638205756893,0.01614244715046813,0.030001563664371293,0.8045940399169922,209,0.3002295680213606,207,0.02504994964449736,1.8378243115131006,0.025288638205756893,0.01614244715046813,0.030001563664371293,765,0.4164215562557694,135.8578643798828,23.73051643371582
0.9637380124226638,ambiguous,3.2910001277923584,0.0032142664138117283,2.881146277705948,-0.011772853487358776,0.01293963351395877,0.01749383304797381,1.0189145803451538,210,0.3002295680213606,207,0.0032142664138117283,2.881146277705948,-0.011772853487358776,0.01293963351395877,0.01749383304797381,765,0.38146429931157344,136.5442657470703,23.71738624572754
0.897744690364414,ambiguous,3.3000001907348633,0.004106636317697365,2.675564830800158,-0.016717785700466312,0.0060939084899838195,0.017793821383025422,0.8149520754814148,211,0.3002295680213606,207,0.004106636317697365,2.675564830800158,-0.016717785700466312,0.0060939084899838195,0.017793821383025422,765,0.4074876349818517,136.22610473632812,23.94349479675293
0.0,seed,3.1540000438690186,0.0,0.0,0.018059595353049233,0.02517854159175549,0.030985608611154285,0.0,207,0.3002295680213606,207,0.0,0.0,0.018059595353049605,0.025178541591755255,0.03098560861115431,766,1.0,144.0,32.0
0.5159065775936265,ambiguous,3.1490001678466797,0.005630733144297295,1.4889912256923967,0.006481780278454178,0.005566606127665962,0.008544037649655212,0.6334280371665955,208,0.3002295680213606,207,0.005630733144297295,1.4889912256923967,0.00648178027845455,0.005566606127665727,0.00854403764965534,766,0.5969591594305659,144.1576690673828,31.51593780517578
0.6594631694633676,ambiguous,3.1510002613067627,0.0010046393255223052,1.9769541556209924,-0.0002323031717468196,0.002613034024258688,0.0026233397750838883,0.4911421537399292,209,0.3002295680213606,207,0.0010046393255223052,1.9769541556209924,-0.0002323031717468196,0.002613034024258688,0.0026233397750838883,766,0.5171288705592064,143.67979431152344,31.298139572143555
0.945092878707949,ambiguous,3.1520001888275146,0.005830482869550124,2.8013542636450217,-0.007110173256600827,0.010869334500287979,0.012988340780023911,0.9961756467819214,210,0.3002295680213606,207,0.005830482869550124,2.8013542636450217,-0.007110173256600827,0.010869334500287979,0.012988340780023911,766,0.38864347252181286,144.59559631347656,31.429454803466797
0.8086441815341311,ambiguous,3.1680002212524414,0.008463916216547851,2.341406767048791,-0.015301884874379584,0.004322603023350453,0.015900709971766833,1.0206515789031982,211,0.3002295680213606,207,0.008463916216547851,2.341406767048791,-0.015301884874379213,0.004322603023350252,0.01590070997176642,766,0.4454616220674396,144.5386962890625,31.680055618286133
0.0,seed,3.6430001258850098,0.0,0.0,0.027259037397342888,0.014698466421275688,0.030969340241069183,0.0,207,0.3002295680213606,207,0.0,0.0,0.027259037397342888,0.014698466421275688,0.030969340241069183,767,1.0,160.0,32.0
0.8027456907309729,ambiguous,3.6690001487731934,0.028311433987340706,1.1362035534068489,-0.010319571801569703,0.017594574009448978,0.02039761252553176,0.4684041738510132,208,0.3002295680213606,207,0.028311433987340706,1.1362035534068489,-0.010319571801569703,0.017594574009448978,0.02039761252553176,767,0.4480969379007703,160.51820373535156,31.602792739868164
0.6804274730378181,ambiguous,3.639000177383423,0.0018650733747511694,2.0364840680526806,0.003978470111752869,0.01536889288201901,0.01587548716887408,0.4801463186740875,209,0.3002295680213606,207,0.0018650733747511694,2.0364840680526806,0.003978470111752869,0.01536889288201901,0.01587548716887408,767,0.5064004735421295,159.69024658203125,31.260576248168945
0.8710594981384467,ambiguous,3.6650002002716064,0.02103613772059898,2.0831543296884614,-0.01468369580285573,0.002178976189843947,0.01484448920194662,0.7960795164108276,211,0.3002295680213606,207,0.02103613772059898,2.0831543296884614,-0.01468369580285573,0.002178976189843947,0.01484448920194662,767,0.4185079059222509,160.81466674804688,31.803260803222656
0.0,seed,3.741000175476074,0.0,0.0,0.023130437451663717,0.0353509597879482,0.04224579854416837,0.0,207,0.3002295680213606,207,0.0,0.0,0.023130437451663703,0.03535095978794818,0.04224579854416834,768,1.0,168.0,32.0
0.41634948437251784,ambiguous,3.7360000610351562,0.0010889138505811857,1.2463756608690149,0.010141152287282481,0.01589898207333721,0.018857905522145155,0.6751928329467773,208,0.3002295680213606,207,0.0010889138505811857,1.2463756608690149,0.010141152287282466,0.01589898207333719,0.018857905522145127,768,0.6594497628207556,168.42141723632812,31.646556854248047
0.76657659908501,ambiguous,3.7280001640319824,0.00518369955814979,2.266629484861525,0.005224554355677066,0.004385418791435692,0.006821133790778589,0.4169835150241852,209,0.3002295680213606,207,0.00518369955814979,2.266629484861525,0.005224554355677066,0.004385418791435692,0.006821133790778589,768,0.46460086395275946,167.50830078125,31.41090202331543
0.8479580353411429,ambiguous,3.7400002479553223,0.002969070760090453,2.534109103445995,-0.008735272852123006,0.0003539002087709675,0.008742438856452204,1.0607362985610962,210,0.3002295680213606,207,0.002969070760090453,2.534109103445995,-0.008735272852123006,0.0003539002087709675,0.008742438856452204,768,0.42828858982011403,168.89462280273438,31.57683563232422
0.8249084960330448,ambiguous,3.7360000610351562,0.0033286212748500077,2.46210130147928,-0.0014087640766269355,0.004131797304457441,0.004365359686064405,0.7098932862281799,211,0.3002295680213606,207,0.0033286212748500077,2.46210130147928,-0.0014087640766269355,0.004131797304457441,0.004365359686064405,768,0.43827509453993985,168.45260620117188,31.85808753967285
1.4805536354523101,ambiguous,3.7850000858306885,0.04715366617327188,2.6872556248280355,-0.04435267287461802,0.03308971857982249,0.05533614611458525,1.1228963136672974,212,0.3002295680213606,207,0.04715366617327188,2.6872556248280355,-0.04435267287461802,0.03308971857982249,0.05533614611458525,768,0.2275113695115799,167.23965454101562,30.759456634521484
0.0,seed,3.629000186920166,0.0,0.0,0.031451518608748244,0.03742888581154101,0.04888884858421001,0.0,207,0.3002295680213606,207,0.0,0.0,0.031451518608748216,0.03742888581154097,0.048888848584209964,769,1.0,184.0,24.0
0.8982468618491128,ambiguous,3.6090002059936523,0.008547206818548592,2.6173830224389003,0.014490115028301012,0.010170630956629078,0.017703253022801672,0.40779808163642883,209,0.3002295680213606,207,0.008547206818548592,2.6173830224389003,0.014490115028300983,0.010170630956629127,0.017703253022801676,769,0.40728262071462323,183.2030029296875,23.355060577392578
1.0617335116321258,ambiguous,3.636000156402588,0.01627681567989514,2.941979707389986,-0.011422173471438176,0.006966284255464602,0.01337890739707694,1.0851633548736572,210,0.3002295680213606,207,0.01627681567989514,2.941979707389986,-0.011422173471438205,0.00696628425546456,0.013378907397076943,769,0.3441685839808417,184.5503692626953,23.702713012695312
0.9606712178091625,ambiguous,3.633000135421753,0.010650567038550385,2.769103319836137,-0.004813876036699028,0.004378339700319935,0.006507169970740184,0.83878093957901,211,0.3002295680213606,207,0.010650567038550385,2.769103319836137,-0.004813876036699058,0.0043783397003198925,0.006507169970740178,769,0.38261603447082104,184.178466796875,23.86671257019043
0.0,seed,3.806000232696533,0.0,0.0,0.05461260630500438,0.012214414147852196,0.05596185022317128,0.0,207,0.3002295680213606,207,0.0,0.0,0.05461260630500438,0.012214414147852196,0.05596185022317128,770,1.0,96.0,40.0
0.44962509016826563,ambiguous,3.823000192642212,0.006825693809918043,1.247956411680272,0.02900140810059158,0.005973235416354054,0.02961015388606154,0.49884477257728577,208,0.3002295680213606,207,0.006825693809918043,1.247956411680272,0.02900140810059158,0.005973235416354054,0.02961015388606154,770,0.6378672495020794,96.67259979248047,39.67939376831055
0.9116164551742633,ambiguous,3.8440001010894775,0.029236725194871305,1.6343895615559434,0.0033828913131863704,0.006056331054191862,0.006937081481055308,0.2927488088607788,209,0.3002295680213606,207,0.029236725194871305,1.6343895615559434,0.0033828913131863704,0.006056331054191862,0.006937081481055308,770,0.40187408726896245,96.2800521850586,39.55931854248047
1.280031218158544,ambiguous,3.8620002269744873,0.03477010822054272,2.8188502763999543,-0.021731718302540115,0.008440376107194862,0.023313247933564787,1.0249526500701904,210,0.3002295680213606,207,0.03477010822054272,2.8188502763999543,-0.021731718302540115,0.008440376107194862,0.023313247933564787,770,0.2780285213453669,97.05562591552734,39.45588684082031
1.0644042635637812,ambiguous,3.8530001640319824,0.02490070749560669,2.5901454566514945,-0.008710050476540351,0.009552024959401053,0.012926954789466136,0.766507625579834,211,0.3002295680213606,207,0.02490070749560669,2.5901454566514945,-0.008710050476540351,0.009552024959401053,0.012926954789466136,770,0.34493328289531944,96.8162612915039,39.72993087768555
1.388380415536953,ambiguous,3.875000238418579,0.05028779213816259,1.7673575302501523,-0.02102885936005246,0.01507369294949567,0.025873328837251332,0.6786253452301025,212,0.3002295680213606,207,0.05028779213816259,1.7673575302501523,-0.02102885936005246,0.01507369294949567,0.025873328837251332,770,0.249479029970572,96.54219055175781,39.35776138305664
0.0,seed,3.181000232696533,0.0,0.0,0.030739703765885067,0.01562038921154264,0.03448080548268045,0.0,207,0.3002295680213606,207,0.0,0.0,0.030739703765885088,0.015620389211542575,0.03448080548268044,771,1.0,120.0,40.0
0.3421953120857144,ambiguous,3.187000036239624,0.0013156079203433535,1.0218330579872432,0.019464288242273413,0.004843226090243487,0.020057800371414563,0.4709489047527313,208,0.3002295680213606,207,0.0013156079203433535,1.0218330579872432,0.0194642882422734,0.004843226090243135,0.020057800371414466,771,0.7102068540970204,120.67134857177734,39.9503059387207
0.6571861385427689,ambiguous,3.198000192642212,0.014097895223618373,1.6640523373587486,0.0018895061112619049,0.002067552058810726,0.0028008935824819477,0.34398022294044495,209,0.3002295680213606,207,0.014097895223618373,1.6640523373587486,0.0018895061112618955,0.0020675520588111693,0.002800893582482268,771,0.5183072981187911,120.06583404541016,39.62642288208008
1.1453305115759276,ambiguous,3.2220001220703125,0.030018703685082748,2.5956161821856445,-0.025313891634345366,0.004740421288083212,0.025753925985447203,0.7668521404266357,210,0.3002295680213606,207,0.030018703685082748,2.5956161821856445,-0.025313891634345376,0.004740421288083636,0.02575392598544729,771,0.31809384325974144,120.89203643798828,39.812530517578125
0.8789741347239812,ambiguous,3.205000162124634,0.011757495959941355,2.4851090549216814,-0.007125640008839151,0.009041897609713787,0.011512196051150149,0.37572237849235535,211,0.3002295680213606,207,0.011757495959941355,2.4851090549216814,-0.007125640008839159,0.00904189760971362,0.011512196051150024,771,0.4152083444207301,120.5177230834961,40.00485610961914
1.5959986129795638,ambiguous,3.252000093460083,0.059822982944913505,1.6715903823275704,-0.04257550191764829,0.030094383729183143,0.05213775307374682,0.7592439651489258,212,0.3002295680213606,207,0.059822982944913505,1.6715903823275704,-0.042575501917648306,0.030094383729183438,0.052137753073747004,771,0.20270377942332246,120.37088012695312,39.286373138427734
0.0,seed,3.760000228881836,0.0,0.0,0.012144603051519237,0.019835094256793327,0.023257737367483662,0.0,207,0.3002295680213606,207,0.0,0.0,0.012144603051519237,0.019835094256793327,0.023257737367483662,772,1.0,160.0,40.0
0.32421184933398167,ambiguous,3.752000093460083,0.005789121875173109,0.870347080913988,0.004962029771805487,0.006584201382683716,0.008244601100357626,0.8723845481872559,208,0.3002295680213606,207,0.005789121875173109,0.870347080913988,0.004962029771805487,0.006584201382683716,0.008244601100357626,772,0.7230970385263323,160.8245849609375,39.47308349609375
0.5326317516499954,ambiguous,3.752000093460083,0.0023865180452808943,1.587838857111024,-0.003226968589131851,0.006004915689021972,0.006817062322401478,0.5921337604522705,209,0.3002295680213606,207,0.0023865180452808943,1.587838857111024,-0.003226968589131851,0.006004915689021972,0.006817062322401478,772,0.5870579441645895,160.17034912109375,39.27055358886719
0.7647728027098604,ambiguous,3.7680001258850098,0.007016367329920392,2.233155060396087,-0.018251212345704697,0.01069819342435298,0.02115556887991606,0.8680904507637024,211,0.3002295680213606,207,0.007016367329920392,2.233155060396087,-0.018251212345704697,0.01069819342435298,0.02115556887991606,772,0.4654396655932954,160.68930053710938,39.97041320800781
0.0,seed,3.9160001277923584,0.0,0.0,0.019145514824804317,0.017067150117271983,0.025648359616792238,0.0,207,0.3002295680213606,207,0.0,0.0,0.019145514824804276,0.017067150117271838,0.025648359616792113,773,1.0,168.0,40.0
0.3531746953729116,ambiguous,3.9250001907348633,0.012918245796546657,0.4288184292078245,0.003021714098616241,0.01925520987154642,0.01949086615035553,0.6118775010108948,208,0.3002295680213606,207,0.012918245796546657,0.4288184292078245,0.003021714098616201,0.01925520987154639,0.01949086615035549,773,0.7024544671126127,169.26268005371094,39.56442642211914
0.47077455340967705,ambiguous,3.9130001068115234,0.004732679483572255,1.3669922956394847,0.0034210928591665492,0.004194879837642797,0.00541302994664748,0.2650296688079834,209,0.3002295680213606,207,0.004732679483572255,1.3669922956394847,0.00342109285916651,0.004194879837643007,0.005413029946647618,773,0.6245183580760896,168.4655303955078,39.463653564453125
0.6282809725573247,ambiguous,3.9070003032684326,0.004930791810854096,1.8482082789723757,-0.0005988002767870456,0.01659845477989023,0.016609252326686506,1.2808878421783447,210,0.3002295680213606,207,0.004930791810854096,1.8482082789723757,-0.0005988002767870542,0.016598454779889978,0.016609252326686252,773,0.5335081282988027,169.59429931640625,39.480735778808594
0.6296008615333566,ambiguous,3.9250001907348633,0.010793709282925779,1.7065284360706134,-0.008443124943972858,0.003885274897415341,0.009294176663267298,0.8079141974449158,211,0.3002295680213606,207,0.010793709282925779,1.7065284360706134,-0.008443124943972867,0.0038852748974154533,0.009294176663267354,773,0.5328044213113463,169.24078369140625,39.9179801940918
1.2166587159651032,ambiguous,3.957000255584717,0.04402184774065665,1.556119713786001,-0.03496385926099351,0.025724391401999988,0.04340755426680767,1.2884767055511475,212,0.3002295680213606,207,0.04402184774065665,1.556119713786001,-0.03496385926099355,0.025724391402000182,0.04340755426680782,773,0.29621826460560674,168.43385314941406,38.56134796142578
0.0,seed,3.7090001106262207,0.0,0.0,0.05164362954258061,0.014438806825126868,0.05362409546896465,0.0,207,0.3002295680213606,207,0.0,0.0,0.05164362954258061,0.014438806825126868,0.05362409546896465,774,1.0,104.0,48.0
0.9161220332169,ambiguous,3.748000144958496,0.030400172644951873,1.5346195531687978,0.0016263938439108094,0.002797722966222599,0.003236110432485325,0.4364183247089386,208,0.3002295680213606,207,0.030400172644951873,1.5346195531687978,0.0016263938439108094,0.002797722966222599,0.003236110432485325,774,0.40006524364231766,104.29745483398438,47.78367233276367
0.7540532399353016,ambiguous,3.7350001335144043,0.018749471385067107,1.7719873133160187,0.01660981191334269,0.010804916686961817,0.0198149457836454,0.3598122298717499,209,0.3002295680213606,207,0.018749471385067107,1.7719873133160187,0.01660981191334269,0.010804916686961817,0.0198149457836454,774,0.47045362549971087,104.13446044921875,47.977020263671875
1.4831832373513123,ambiguous,3.7700002193450928,0.04284968330670935,3.0774106393093756,-0.029914856188567533,0.014239884175060889,0.03313114731037588,0.7759444117546082,210,0.3002295680213606,207,0.04284968330670935,3.0774106393093756,-0.029914856188567533,0.014239884175060889,0.03313114731037588,774,0.22691091556068,104.61595153808594,47.715389251708984
1.5256103520364903,ambiguous,3.7740001678466797,0.04591181138383149,3.0150416876231105,-0.03164483720848025,0.01311666622638588,0.03425554925622457,0.36294010281562805,211,0.3002295680213606,207,0.04591181138383149,3.0150416876231105,-0.03164483720848025,0.01311666622638588,0.03425554925622457,774,0.21748798674404368,104.20903778076172,48.03196716308594
0.0,seed,3.625000238418579,0.0,0.0,0.04677980167780729,0.01739333945347792,0.04990869766242046,0.0,207,0.3002295680213606,207,0.0,0.0,0.04677980167780729,0.01739333945347792,0.04990869766242046,775,1.0,112.0,56.0
0.9411128179662356,ambiguous,3.6650002002716064,0.03288118485644009,1.3746438589573293,-0.002741199177113765,0.01311657635747563,0.013399953293578968,0.5231263041496277,208,0.3002295680213606,207,0.03288118485644009,1.3746438589573293,-0.002741199177113765,0.01311657635747563,0.013399953293578968,775,0.3901125137017691,112.46116638183594,55.60250473022461
0.8951409731633556,ambiguous,3.6560001373291016,0.025175096355903648,1.9095687866758668,0.005303173249630319,0.00674135519826796,0.008577267421784694,0.046345751732587814,209,0.3002295680213606,207,0.025175096355903648,1.9095687866758668,0.005303173249630319,0.00674135519826796,0.008577267421784694,775,0.40764996938218917,111.97299194335938,55.898033142089844
1.0746633031292403,ambiguous,3.6630001068115234,0.022744748113347146,2.7357203572228554,-0.007899945263413088,0.012835095693769784,0.01507145701759291,0.8121033310890198,210,0.3002295680213606,207,0.022744748113347146,2.7357203572228554,-0.007899945263413088,0.012835095693769784,0.01507145701759291,775,0.3407783858293214,112.85702514648438,55.75428771972656
1.473772088234999,ambiguous,3.688000202178955,0.04674178949448393,2.69417265289273,-0.02861858294668323,0.009583912297610398,0.030180700204012426,0.5108674168586731,211,0.3002295680213606,207,0.04674178949448393,2.69417265289273,-0.02861858294668323,0.009583912297610398,0.030180700204012426,775,0.22903330549622483,112.44012451171875,56.125675201416016
0.0,seed,3.239000082015991,0.0,0.0,0.020447927748870776,0.022821821485846355,0.030642344641931,0.0,207,0.3002295680213606,207,0.0,0.0,0.020447927748870776,0.022821821485846355,0.030642344641931,776,1.0,128.0,56.0
0.4149113896471666,ambiguous,3.250000238418579,0.007234246170304992,1.1202600655806518,0.006775518094491158,0.009086856761773517,0.01133484059251678,1.0334713459014893,208,0.3002295680213606,207,0.007234246170304992,1.1202600655806518,0.006775518094491158,0.009086856761773517,0.01133484059251678,776,0.6603955685302266,128.63917541503906,56.2391242980957
0.6990458653149778,ambiguous,3.253000259399414,0.011800677953653249,1.9012288382498457,-0.0005486696476178166,0.006171643919119274,0.00619598475196792,0.7043635249137878,209,0.3002295680213606,207,0.011800677953653249,1.9012288382498457,-0.0005486696476178166,0.006171643919119274,0.00619598475196792,776,0.497057561541942,128.00875854492188,56.20719909667969
0.8287738519662124,ambiguous,3.259000062942505,0.009712602376656942,2.377217386275729,-0.010250043127338761,0.005353070988228369,0.011563682506767332,1.0136423110961914,211,0.3002295680213606,207,0.009712602376656942,2.377217386275729,-0.010250043127338761,0.005353070988228369,0.011563682506767332,776,0.4365834945438385,128.59315490722656,56.299217224121094
1.715590430088637,ambiguous,3.312000274658203,0.06264055314027361,2.1018232358201705,-0.050136335836123744,0.034610363790957006,0.060922323107502833,1.1085853576660156,212,0.3002295680213606,207,0.06264055314027361,2.1018232358201705,-0.05013633583612377,0.03461036379095697,0.060922323107502833,776,0.1798384567520525,128.1052703857422,55.66353225708008
0.0,seed,3.827000141143799,0.0,0.0,0.02158301075023452,0.02132513096094652,0.03034118592847449,0.0,207,0.3002295680213606,207,0.0,0.0,0.021583010750234548,0.021325130960946563,0.030341185928474543,777,1.0,136.0,56.0
0.3858727004047426,ambiguous,3.8380002975463867,0.008191692941952766,0.981132308202169,0.0034167286782187025,0.009759013457888653,0.010339844221834968,0.9345624446868896,208,0.3002295680213606,207,0.008191692941952766,0.981132308202169,0.0034167286782187025,0.009759013457888653,0.010339844221834968,777,0.679857065701246,136.7377166748047,55.87655258178711
0.7059023237729929,ambiguous,3.8360002040863037,0.00833727425351416,2.0232865016465182,-0.0034167286782187025,0.009759013457888653,0.010339844221834968,0.4877465069293976,209,0.3002295680213606,207,0.00833727425351416,2.0232865016465182,-0.0034167286782187025,0.009759013457888653,0.010339844221834968,777,0.49366292943134715,135.84140014648438,55.895904541015625
0.9290918262879421,ambiguous,3.8560001850128174,0.019938850624063864,2.352156918957886,-0.019097000220159074,0.009869851224588912,0.021496729532751606,0.7106724381446838,211,0.3002295680213606,207,0.019938850624063864,2.352156918957886,-0.019097000220159074,0.009869851224588912,0.021496729532751606,777,0.39491219643852726,136.67251586914062,56.41606140136719
0.0,seed,3.809000253677368,0.0,0.0,0.024341570471488036,0.02306414231483272,0.03353306895792981,0.0,207,0.3002295680213606,207,0.0,0.0,0.024341570471488078,0.02306414231483276,0.03353306895792987,778,1.0,144.0,48.0
0.3062510969189528,ambiguous,3.81000018119812,5.266412564708389e-05,0.9187448004109053,0.01365039015814603,0.009223232838214381,0.016474257963790845,0.7002869844436646,208,0.3002295680213606,207,5.266412564708389e-05,0.9187448004109053,0.013650390158146068,0.009223232838214438,0.016474257963790907,778,0.7362017382573177,144.77267456054688,47.791236877441406
0.56155298745766,ambiguous,3.81000018119812,0.002612161775108035,1.6732286919590051,0.002242062804230425,0.0003671364037603186,0.002271923140662918,0.5384923219680786,209,0.3002295680213606,207,0.002612161775108035,1.6732286919590051,0.0022420628042304643,0.0003671364037601941,0.0022719231406629365,778,0.5703226717929764,144.09991455078125,47.31770706176758
0.7173519352317924,ambiguous,3.823000192642212,0.009379374452938016,2.033838230902296,-0.010474593289491688,0.0010064038382813299,0.010522830097743272,1.459334373474121,210,0.3002295680213606,207,0.009379374452938016,2.033838230902296,-0.010474593289491648,0.0010064038382816966,0.010522830097743269,778,0.48804274104301,145.41372680664062,47.53425598144531
0.7438627490311587,ambiguous,3.823000192642212,0.007680651317238496,2.1559577519910085,-0.0064414659498937665,0.006772712902230356,0.009346770759983275,0.722029447555542,211,0.3002295680213606,207,0.007680651317238496,2.1559577519910085,-0.006441465949893727,0.006772712902230109,0.00934677075998307,778,0.47527449909524594,144.80494689941406,48.10433578491211
1.152451889990757,ambiguous,3.8520002365112305,0.03786654837637471,1.9717399981425223,-0.03715882756556996,0.023042242875449443,0.04372325951686313,1.3865302801132202,212,0.3002295680213606,207,0.03786654837637471,1.9717399981425223,-0.037158827565569916,0.023042242875449332,0.04372325951686304,778,0.3158613618489519,144.1781005859375,46.300106048583984
0.0,seed,3.9140002727508545,0.0,0.0,0.01700880399421597,0.02628709320985347,0.03130991348977479,0.0,207,0.3002295680213606,207,0.0,0.0,0.01700880399421597,0.02628709320985347,0.03130991348977479,779,1.0,160.0,48.0
0.3270235724204708,ambiguous,3.9190001487731934,0.007122992398900685,0.8228633001581062,0.001192514999956095,0.018585674074064015,0.018623892525797485,0.8563598990440369,208,0.3002295680213606,207,0.007122992398900685,0.8228633001581062,0.001192514999956095,0.018585674074064015,0.018623892525797485,779,0.7210667455377585,160.87002563476562,47.6695671081543
0.5505416546274198,ambiguous,3.9020001888275146,0.006609379211131028,1.575481869163713,0.005680246751193077,0.0036950805480659554,0.006776342923076939,0.6934389472007751,209,0.3002295680213606,207,0.006609379211131028,1.575481869163713,0.005680246751193077,0.0036950805480659554,0.006776342923076939,779,0.5766373874662022,160.22604370117188,47.3952751159668
0.7179448674014366,ambiguous,3.9010002613067627,0.011961350451362929,1.9581145983224009,0.0024399566724255016,0.012244688457752026,0.012485422859908247,1.4114391803741455,210,0.3002295680213606,207,0.011961350451362929,1.9581145983224009,0.0024399566724255016,0.012244688457752026,0.012485422859908247,779,0.48775188066636804,161.4620819091797,47.629329681396484
0.6552680042212538,ambiguous,3.9190001487731934,0.004006031190830317,1.942707854518205,-0.008525806742276302,0.003775154919106148,0.009324225183354132,0.9177552461624146,211,0.3002295680213606,207,0.004006031190830317,1.942707854518205,-0.008525806742276302,0.003775154919106148,0.009324225183354132,779,0.5193028066689767,161.00502014160156,47.95064163208008
0.0,seed,3.746000289916992,0.0,0.0,0.035709573418332564,0.013504656811304822,0.038177865174868084,0.0,207,0.3002295680213606,207,0.0,0.0,0.035709573418332564,0.013504656811304822,0.038177865174868084,780,1.0,112.0,64.0
0.39893215745298877,ambiguous,3.759000062942505,0.005470006170235742,1.124284818918129,0.013976154928289382,0.0065100160266993575,0.015417951071638217,0.8041799068450928,208,0.3002295680213606,207,0.005470006170235742,1.124284818918129,0.013976154928289382,0.0065100160266993575,0.015417951071638217,780,0.6710278252719182,112.76750183105469,63.534690856933594
1.0161632468491248,ambiguous,3.7830002307891846,0.03054348870155721,2.0113927386572192,-0.014673857669808277,0.013702823467885945,0.020077088182947168,0.24456466734409332,209,0.3002295680213606,207,0.03054348870155721,2.0113927386572192,-0.014673857669808277,0.013702823467885945,0.020077088182947168,780,0.3619811114440251,111.88597106933594,63.6644287109375
1.052716195278473,ambiguous,3.7860002517700195,0.0232137554610774,2.634902512532781,-0.019700836464228853,0.013271663420173704,0.023754157685101484,0.8938329815864563,211,0.3002295680213606,207,0.0232137554610774,2.634902512532781,-0.019700836464228853,0.013271663420173704,0.023754157685101484,780,0.3489880819226702,112.54512023925781,63.86695098876953
0.0,seed,3.3420002460479736,0.0,0.0,0.01437674346268367,0.016534267336505846,0.02191056249727199,0.0,207,0.3002295680213606,207,0.0,0.0,0.01437674346268367,0.016534267336505846,0.02191056249727199,781,1.0,128.0,64.0
0.2818365169748144,ambiguous,3.3490002155303955,0.0029605250772073433,0.8158338765230346,0.004220697699055084,0.006545041822631276,0.007787930503465052,0.7563555240631104,208,0.3002295680213606,207,0.0029605250772073433,0.8158338765230346,0.004220697699055084,0.006545041822631276,0.007787930503465052,781,0.7543846849920699,128.91094970703125,63.95828628540039
0.5397777772254854,ambiguous,3.3510000705718994,0.006341641420084088,1.547909267249105,-0.0005810920138807475,0.008201993503662136,0.008222552241409711,0.12316204607486725,209,0.3002295680213606,207,0.006341641420084088,1.547909267249105,-0.0005810920138807775,0.008201993503662153,0.00822255224140973,781,0.5828770023685699,128.3526153564453,64.03015899658203
0.6509951645805224,ambiguous,3.3580002784729004,0.005403459234368135,1.9104756274202188,-0.011325607472124325,0.005266768959182449,0.012490325851716045,0.881317675113678,211,0.3002295680213606,207,0.005403459234368135,1.9104756274202188,-0.011325607472124325,0.005266768959182449,0.012490325851716045,781,0.5215255189806401,129.08413696289062,63.96247863769531
1.6829925253887892,ambiguous,3.4180002212524414,0.06499824772567919,1.3144698162972521,-0.04852648430888872,0.04406987719536279,0.06555130628290469,0.7796952724456787,212,0.3002295680213606,207,0.06499824772567919,1.3144698162972521,-0.04852648430888872,0.04406987719536279,0.06555130628290469,781,0.18575213377109634,129.0143585205078,63.65319061279297
0.0,seed,3.7880001068115234,0.0,0.0,0.011967365562380818,0.02063778636828505,0.02385657277746807,0.0,207,0.3002295680213606,207,0.0,0.0,0.011967365562380856,0.02063778636828514,0.023856572777468166,782,1.0,136.0,64.0
0.2641603638847113,ambiguous,3.7900002002716064,0.0009745058489203373,0.7891035634506035,0.005918048337268431,0.006934045884081242,0.009116155354357978,1.3017936944961548,208,0.3002295680213606,207,0.0009745058489203373,0.7891035634506035,0.00591804833726847,0.00693404588408134,0.009116155354358078,782,0.7678503943108282,136.96429443359375,64.02452850341797
0.5831485074210395,ambiguous,3.7880001068115234,0.0011270485700625166,1.747402227284985,-0.0026247576404466563,0.00907032695350889,0.009442467035400916,0.9171077609062195,209,0.3002295680213606,207,0.0011270485700625166,1.747402227284985,-0.0026247576404466026,0.009070326953508779,0.009442467035400793,782,0.558138294656956,136.123779296875,63.81630325317383
0.6846010185580154,ambiguous,3.808000087738037,0.010940039764345322,1.882785661590388,-0.018463445286775015,0.0038025810624250636,0.018850953148158003,1.3219785690307617,211,0.3002295680213606,207,0.010940039764345322,1.882785661590388,-0.018463445286774946,0.003802581062424719,0.018850953148157868,782,0.5042913923489499,137.12179565429688,64.11007690429688
0.0,seed,3.871000289916992,0.0,0.0,0.02738244063241469,0.014134048257615833,0.030815083565298475,0.0,207,0.3002295680213606,207,0.0,0.0,0.027382440632414733,0.014134048257616197,0.030815083565298676,783,1.0,144.0,64.0
0.6692392453910884,ambiguous,3.8970000743865967,0.02454842904923904,0.8007264256449468,0.00041824301125553123,0.008838147021806813,0.008848037635291609,1.2630481719970703,208,0.3002295680213606,207,0.02454842904923904,0.8007264256449468,0.00041824301125557026,0.008838147021806693,0.00884803763529149,783,0.5120980105581192,144.9449462890625,63.98290252685547
0.6305080624661582,ambiguous,3.885000228881836,0.014700140728769462,1.5369886884365183,-0.0005191501358223246,0.008599657279681096,0.00861531323815312,0.9102625846862793,209,0.3002295680213606,207,0.014700140728769462,1.5369886884365183,-0.0005191501358222856,0.008599657279681162,0.008615313238153182,783,0.5323212798296693,144.29928588867188,63.561614990234375
0.8124168076256062,ambiguous,3.9010002613067627,0.023481079899693835,1.68486894497742,-0.011476417888197666,0.004770728607547021,0.01242851636324348,1.3570427894592285,211,0.3002295680213606,207,0.023481079899693835,1.68486894497742,-0.011476417888197626,0.0047707286075470015,0.012428516363243434,783,0.44378354026742717,145.29873657226562,64.01065063476562
0.0,seed,2.939000129699707,0.0,0.0,0.015551588303803668,0.012183358286859331,0.019755660401945235,0.0,207,0.3002295680213606,207,0.0,0.0,0.015551588303803668,0.012183358286859331,0.019755660401945235,784,1.0,248.0,64.0
0.5815589033751186,ambiguous,2.934000253677368,0.009373809969136282,1.5967584539718325,-0.00276138680544669,0.0021762335331333097,0.0035158568628470875,1.110897421836853,208,0.3002295680213606,207,0.009373809969136282,1.5967584539718325,-0.00276138680544669,0.0021762335331333097,0.0035158568628470875,784,0.5590262190854878,248.49478149414062,63.27558517456055
1.0542132383622513,ambiguous,2.9210002422332764,0.0029889495038402103,3.154684966015018,-0.014112551102442151,0.022108649277591874,0.026228924329804393,1.1948809623718262,211,0.3002295680213606,207,0.0029889495038402103,3.154684966015018,-0.014112551102442151,0.022108649277591874,0.026228924329804393,784,0.3484664795433137,248.309814453125,63.1480827331543
0.0,seed,3.9040002822875977,0.0,0.0,0.0002487175289163559,0.010673826787457177,0.01067672415574312,0.0,207,0.3002295680213606,207,0.0,0.0,0.0002487175289163559,0.010673826787457177,0.01067672415574312,785,1.0,112.0,72.0
0.4795246640867936,ambiguous,3.8980002403259277,0.014024813990775709,0.9813681593348484,-0.0002487175289156108,0.010673826787457607,0.010676724155743533,1.022422432899475,208,0.3002295680213606,207,0.014024813990775709,0.9813681593348484,-0.0002487175289156108,0.010673826787457607,0.010676724155743533,785,0.6190774440915083,112.85096740722656,71.85867309570312
0.0,seed,3.642000198364258,0.0,0.0,0.030855408203843297,0.030463814756477452,0.04336012251992346,0.0,207,0.3002295680213606,207,0.0,0.0,0.030855408203842926,0.030463814756477647,0.043360122519923334,786,1.0,120.0,72.0
0.45098999410403184,ambiguous,3.6540002822875977,0.005969500539942274,1.2767463546533058,0.01222426686846147,0.017525360963434794,0.021367521554219823,0.7508834004402161,208,0.3002295680213606,207,0.005969500539942274,1.2767463546533058,0.01222426686846147,0.017525360963434794,0.021367521554219823,786,0.6369972158739693,120.50729370117188,71.99665832519531
0.8487093225217793,ambiguous,3.6690001487731934,0.021986913013045672,1.9399756939457233,0.0,0.0,0.0,0.6221116781234741,209,0.3002295680213606,207,0.021986913013045672,1.9399756939457233,0.0,0.0,0.0,786,0.42796694293268994,120.0980224609375,72.302490234375
1.1969133089939012,ambiguous,3.69100022315979,0.03507679473709402,2.443873385107501,-0.022048852901346973,0.0021124297902822306,0.022149814308117993,1.2359745502471924,211,0.3002295680213606,207,0.03507679473709402,2.443873385107501,-0.022048852901346973,0.0021124297902822306,0.022149814308117993,786,0.3021253416928696,120.67969512939453,72.56260681152344
1.9187540190285366,ambiguous,3.7280001640319824,0.07189792412871165,2.014243211728,-0.03886846405498852,0.034500525558381255,0.05197156685918227,1.2153962850570679,212,0.3002295680213606,207,0.07189792412871165,2.014243211728,-0.03886846405498852,0.034500525558381255,0.05197156685918227,786,0.14678850305628918,120.64855194091797,72.29344177246094
0.0,seed,3.8540000915527344,0.0,0.0,0.004361154158687039,0.024146567753592137,0.02453724515659101,0.0,207,0.3002295680213606,207,0.0,0.0,0.004361154158687015,0.024146567753592175,0.02453724515659104,787,1.0,136.0,72.0
0.3488547813351892,ambiguous,3.8510000705718994,0.006212301536376863,0.9371302165455228,0.0012852752850188221,0.00562885914668169,0.005773732575333077,1.0968061685562134,208,0.3002295680213606,207,0.006212301536376863,0.9371302165455228,0.0012852752850187827,0.0056288591466818454,0.0057737325753332205,787,0.7054955739566866,136.84120178222656,72.07035064697266
0.8857583860495167,ambiguous,3.826000213623047,0.02960751322723798,1.4595235674424283,0.014541432503731754,0.01705498314020454,0.02241262387970778,1.030921220779419,209,0.3002295680213606,207,0.02960751322723798,1.4595235674424283,0.014541432503731359,0.01705498314020411,0.0224126238797072,787,0.41240129526375396,136.42247009277344,71.70765686035156
0.6896285754590021,ambiguous,3.8510000705718994,0.01224351378311761,1.8539364151505275,-0.005515024334752233,0.01174292326583103,0.0129735014641424,1.310274600982666,211,0.3002295680213606,207,0.01224351378311761,1.8539364151505275,-0.005515024334752615,0.011742923265830709,0.012973501464142272,787,0.5017624013293295,137.17478942871094,72.21466064453125
0.0,seed,2.5820000171661377,0.0,0.0,0.013386925828304846,0.01053452528699414,0.017034846819236574,0.0,207,0.3002295680213606,207,0.0,0.0,0.013386925828304846,0.01053452528699414,0.017034846819236574,788,1.0,208.0,80.0
0.4698954680611259,ambiguous,2.579000234603882,0.00404969314362269,1.3765775227910333,-0.00016519725852626743,0.0018582013064972506,0.0018655300130774322,0.9908372163772583,208,0.3002295680213606,207,0.00404969314362269,1.3765775227910333,-0.00016519725852626743,0.0018582013064972506,0.0018655300130774322,788,0.625067604396401,208.4010467529297,79.4324951171875
0.8340203530663293,ambiguous,2.572000026702881,0.0011465798855585518,2.5005828647325195,-0.008600306381482086,0.012638549914282734,0.01528719116748324,1.4278963804244995,210,0.3002295680213606,207,0.0011465798855585518,2.5005828647325195,-0.008600306381482086,0.012638549914282734,0.01528719116748324,788,0.43429973350275797,208.93077087402344,79.22674560546875
0.0,seed,2.565000057220459,0.0,0.0,0.007965154151838603,0.020028120584141173,0.021553869601430065,0.0,207,0.3002295680213606,207,0.0,0.0,0.007965154151838563,0.020028120584141215,0.021553869601430093,789,1.0,216.0,80.0
0.47914761134114886,ambiguous,2.568000078201294,0.011046264956831031,1.174682754052119,-0.007183182420801759,0.018839630591126786,0.02016258392420564,0.9709122180938721,208,0.3002295680213606,207,0.011046264956831031,1.174682754052119,-0.007183182420801798,0.018839630591126977,0.020162583924205828,789,0.6193110606091046,216.6455535888672,79.4510726928711
0.7754338842909756,ambiguous,2.5410001277923584,0.013428268496515017,2.096995090439594,-0.00013021573859116602,0.01287132019838699,0.01287197886060965,0.8705235123634338,209,0.3002295680213606,207,0.013428268496515017,2.096995090439594,-0.00013021573859120592,0.012871320198386918,0.012871978860609581,789,0.4605039322243545,215.8339080810547,79.04510498046875
1.014127676325106,ambiguous,2.5420000553131104,0.012200059599856594,2.9015274106747175,-0.007645015365204637,0.019527039943200448,0.02097025390589157,0.6131899952888489,211,0.3002295680213606,207,0.012200059599856594,2.9015274106747175,-0.007645015365204677,0.019527039943200403,0.020970253905891544,789,0.3627186999767842,216.0994415283203,79.52139282226562
0.0,seed,2.7310001850128174,0.0,0.0,0.006381118053911403,0.039158970073765516,0.03967547863423978,0.0,207,0.3002295680213606,207,0.0,0.0,0.006381118053911403,0.039158970073765516,0.03967547863423978,790,1.0,232.0,72.0
0.821852997080641,ambiguous,2.704000234603882,0.01603958866751931,2.152172475265008,0.0,0.0,0.0,1.2574899196624756,208,0.3002295680213606,207,0.01603958866751931,2.152172475265008,0.0,0.0,0.0,790,0.4396162916018207,231.8232879638672,71.71173858642578
1.2725941966991516,ambiguous,2.695000171661377,0.020506162611784617,3.4943005293310665,-0.010218261551618734,0.01789054874743019,0.02060302413776836,1.3950393199920654,211,0.3002295680213606,207,0.020506162611784617,3.4943005293310665,-0.010218261551618734,0.01789054874743019,0.02060302413776836,790,0.280104033473781,231.71871948242188,71.52825927734375
0.0,seed,2.7380001544952393,0.0,0.0,0.023989151957090792,0.03232712220821155,0.040255710674201715,0.0,207,0.3002295680213606,207,0.0,0.0,0.023989151957090792,0.03232712220821155,0.040255710674201715,791,1.0,240.0,72.0
0.7628760195480909,ambiguous,2.7290000915527344,0.003106176510430103,2.2767403278421754,0.004574890484678056,0.00980312124864637,0.01081807788668855,1.1453814506530762,208,0.3002295680213606,207,0.003106176510430103,2.2767403278421754,0.004574890484678056,0.00980312124864637,0.01081807788668855,791,0.46632334151968147,239.73452758789062,71.43592834472656
1.321563961197827,ambiguous,2.7160000801086426,0.001943754249589702,3.962010785706392,-0.006674370125329283,0.013092098780252403,0.014695246409699107,1.1092628240585327,210,0.3002295680213606,207,0.001943754249589702,3.962010785706392,-0.006674370125329283,0.013092098780252403,0.014695246409699107,791,0.26671783925184106,239.88650512695312,71.40653228759766
1.3093703927718363,ambiguous,2.7250001430511475,0.004440102571646953,3.9139702739921662,-0.010423997408762646,0.006219258788224799,0.012138323683804192,0.8780301809310913,211,0.3002295680213606,207,0.004440102571646953,3.9139702739921662,-0.010423997408762646,0.006219258788224799,0.012138323683804192,791,0.26998999053276057,239.3973388671875,71.31685638427734
0.0,seed,3.936000108718872,0.0,0.0,0.0,0.0,0.0,0.0,207,0.3002295680213606,207,0.0,0.0,0.0,0.0,0.0,792,1.0,120.0,88.0
0.0,seed,3.874000072479248,0.0,0.0,0.021675422886856536,0.018148489015107756,0.028269977199416894,0.0,207,0.3002295680213606,207,0.0,0.0,0.021675422886856498,0.018148489015107547,0.02826997719941673,793,1.0,136.0,88.0
0.7127639509385728,ambiguous,3.9040002822875977,0.02638442196866464,0.81025758748528,0.004942717999606565,0.023018673362833062,0.023543359671220145,1.2434300184249878,208,0.3002295680213606,207,0.02638442196866464,0.81025758748528,0.004942717999606558,0.02301867336283339,0.023543359671220468,793,0.49028719323040154,137.38768005371094,88.53430938720703
0.6778242607275293,ambiguous,3.8930001258850098,0.016437775297545087,1.6171375905459042,-0.012065904666324644,0.0011380718707958732,0.012119458032434109,1.135443925857544,209,0.3002295680213606,207,0.016437775297545087,1.6171375905459042,-0.012065904666325027,0.0011380718707957864,0.012119458032434482,793,0.5077204588443543,136.29405212402344,87.26847839355469
0.539692122500721,ambiguous,3.884000301361084,0.001717395479207351,1.6139447459947283,0.0005888110348005494,0.010241262911822648,0.010258175493906166,1.2847825288772583,210,0.3002295680213606,207,0.001717395479207351,1.6139447459947283,0.0005888110348005252,0.010241262911822325,0.010258175493905843,793,0.5829276950704066,137.8095245361328,87.77069854736328
0.5250010379114186,ambiguous,3.883000135421753,0.00041496880822577964,1.5746955859050105,0.011667379487102556,0.011355802767557809,0.016281339029445188,1.0907663106918335,211,0.3002295680213606,207,0.00041496880822577964,1.5746955859050105,0.011667379487102518,0.01135580276755784,0.01628133902944518,793,0.5915547503850663,137.5907745361328,88.61335754394531
1.7212862647583795,ambiguous,3.952000141143799,0.0670223858212049,1.1823436537874352,-0.043671077019005335,0.04094822465147689,0.059865850617089836,1.3882662057876587,212,0.3002295680213606,207,0.0670223858212049,1.1823436537874352,-0.04367107701900575,0.04094822465147734,0.059865850617090446,793,0.17883596950293884,137.2236785888672,87.0247573852539
0.0,seed,2.4060001373291016,0.0,0.0,0.014493353507085787,0.010396195366879272,0.017836428285609142,0.0,207,0.3002295680213606,207,0.0,0.0,0.014493353507085756,0.010396195366879227,0.017836428285609093,794,1.0,208.0,88.0
0.4202591736950128,ambiguous,2.4100000858306885,0.010417906070536276,0.9894761967281874,0.00043964876376584566,0.010315269305724024,0.010324634225244642,0.900959312915802,208,0.3002295680213606,207,0.010417906070536276,0.9894761967281874,0.00043964876376581617,0.01031526930572398,0.010324634225244596,794,0.6568765526283099,208.789794921875,87.33186340332031
0.6796109902975639,ambiguous,2.3940000534057617,0.003561524408221217,2.021259463200697,-0.0002825625935559883,0.010937139553239212,0.010940788967268618,0.7867229580879211,209,0.3002295680213606,207,0.003561524408221217,2.021259463200697,-0.00028256259355601866,0.010937139553239253,0.010940788967268661,794,0.506814109628817,207.84645080566406,86.71183013916016
0.9659896677837041,ambiguous,2.4080002307891846,0.010268975232134103,2.7937533311110445,-0.013478472924705255,0.007412009000272604,0.015382038545073754,0.3786464333534241,211,0.3002295680213606,207,0.010268975232134103,2.7937533311110445,-0.013478472924705285,0.007412009000272645,0.015382038545073801,794,0.38060633945442357,208.11334228515625,87.28057861328125
0.0,seed,2.434000015258789,0.0,0.0,0.015851996464722816,0.008661340644261556,0.018063903611166714,0.0,207,0.3002295680213606,207,0.0,0.0,0.015851996464722816,0.008661340644261556,0.018063903611166714,795,1.0,216.0,88.0
0.4301455444159406,ambiguous,2.42900013923645,0.0024905884082162544,1.2768455886266374,0.004377572705957706,0.0012055343706059523,0.0045405347608688295,0.8221184015274048,208,0.3002295680213606,207,0.0024905884082162544,1.2768455886266374,0.004377572705957706,0.0012055343706059523,0.0045405347608688295,795,0.6504144236466514,216.5399627685547,87.3719711303711
0.6521173522256547,ambiguous,2.434000015258789,0.00969981929353736,1.8160608026917051,-0.0057294839442588235,0.0020422975573847315,0.006082595299740012,1.2005729675292969,209,0.3002295680213606,207,0.00969981929353736,1.8160608026917051,-0.0057294839442588235,0.0020422975573847315,0.006082595299740012,795,0.5209415913609265,216.15966796875,86.4574203491211
1.0082644862652432,ambiguous,2.432000160217285,0.00808267735351098,2.9634264047919325,-0.012643256708385323,0.011608856497301551,0.017164425110357498,0.6514400243759155,211,0.3002295680213606,207,0.00808267735351098,2.9634264047919325,-0.012643256708385323,0.011608856497301551,0.017164425110357498,795,0.36485163544571125,216.02560424804688,87.16743469238281
0.0,seed,2.7820000648498535,0.0,0.0,0.024951390644606868,0.025738267051154742,0.03584731908938705,0.0,207,0.3002295680213606,207,0.0,0.0,0.024951390644606868,0.025738267051154742,0.03584731908938705,796,1.0,232.0,88.0
1.0494721904271678,ambiguous,2.805000066757202,0.03389385960240521,1.8575689054150795,-0.00461934121744291,0.007236635965293092,0.00858529052375867,0.9416889548301697,208,0.3002295680213606,207,0.03389385960240521,1.8575689054150795,-0.00461934121744291,0.007236635965293092,0.00858529052375867,796,0.35012249835695286,232.1248016357422,87.65680694580078
1.9101628760149658,ambiguous,2.8380000591278076,0.06982183399094044,2.327257418765301,-0.0288539988443364,0.024871146883207906,0.03809366347038663,1.4817105531692505,209,0.3002295680213606,207,0.06982183399094044,2.327257418765301,-0.0288539988443364,0.024871146883207906,0.03809366347038663,796,0.14805626981627495,231.78977966308594,86.75599670410156
0.0,seed,3.1520001888275146,0.0,0.0,0.019179027496738707,0.020590499342743956,0.028139007781089204,0.0,207,0.3002295680213606,207,0.0,0.0,0.019179027496738825,0.02059049934274414,0.02813900778108942,797,1.0,240.0,88.0
0.5442929337799228,ambiguous,3.134000062942505,0.004313071188684958,1.6005166822146257,0.008202409721214327,0.004846646681417611,0.009527303358724737,1.161782145500183,208,0.3002295680213606,207,0.004313071188684958,1.6005166822146257,0.008202409721214447,0.004846646681417429,0.009527303358724747,797,0.5802519148558188,240.4828338623047,87.6203384399414
0.738769038792965,ambiguous,3.1440000534057617,0.009243652229211197,2.1050863426127204,-0.006497534631870897,0.0038538610023952824,0.0075544821740569906,1.1576831340789795,209,0.3002295680213606,207,0.009243652229211197,2.1050863426127204,-0.006497534631870777,0.00385386100239546,0.0075544821740569775,797,0.47770158586787076,240.15109252929688,86.67904663085938
1.1224152580635298,ambiguous,3.1470000743865967,0.015330730077776966,3.164852781294506,-0.012292157104496784,0.015344126786745188,0.019660604088616963,1.0875859260559082,211,0.3002295680213606,207,0.015330730077776966,3.164852781294506,-0.012292157104496665,0.015344126786745096,0.019660604088616813,797,0.32549269562433764,240.30435180664062,87.95390319824219
0.0,seed,3.8440001010894775,0.0,0.0,0.020956277166265698,0.015931848471148674,0.026324690850549247,0.0,207,0.3002295680213606,207,0.0,0.0,0.020956277166265698,0.015931848471148674,0.026324690850549247,798,1.0,128.0,96.0
0.2902364197054292,ambiguous,3.8490002155303955,0.00035187460296803863,0.8703092268812455,0.00884550886659384,0.0064480082530331655,0.010946224807675662,1.2081565856933594,208,0.3002295680213606,207,0.00035187460296803863,0.8703092268812455,0.00884550886659384,0.0064480082530331655,0.010946224807675662,798,0.7480866842365126,128.9643096923828,95.64128112792969
0.6917714005302231,ambiguous,3.864000082015991,0.015156551719667455,1.736302989875269,-0.014779910175646817,0.0029051115784391084,0.015062716158892769,0.8010918498039246,209,0.3002295680213606,207,0.015156551719667455,1.736302989875269,-0.014779910175646817,0.0029051115784391084,0.015062716158892769,798,0.5006883634246113,128.2423553466797,95.1340103149414
0.6821062410000892,ambiguous,3.8680002689361572,0.01190385253116677,1.8412898264546145,-0.010373209053331587,0.008559102754345835,0.01344848340979647,1.4802484512329102,211,0.3002295680213606,207,0.01190385253116677,1.8412898264546145,-0.010373209053331557,0.0085591027543458,0.013448483409796423,798,0.5055480445173726,129.24575805664062,95.9849853515625
0.0,seed,3.7700002193450928,0.0,0.0,0.009865816242401501,0.012704568388169822,0.016085409166649047,0.0,207,0.3002295680213606,207,0.0,0.0,0.009865816242401494,0.01270456838816981,0.016085409166649033,799,1.0,144.0,96.0
0.39696654902048434,ambiguous,3.7860002517700195,0.013817627409725475,0.5867525595852664,-0.0012849495521986493,0.01587142635931084,0.015923356117060323,1.352717638015747,208,0.3002295680213606,207,0.013817627409725475,0.5867525595852664,-0.001284949552198657,0.015871426359310832,0.015923356117060316,799,0.6723565162405407,145.3143310546875,96.15451049804688
0.5332026363507375,ambiguous,3.758000135421753,0.013183737324957256,1.2574016789700162,0.005534263475942969,0.014228693432412481,0.015267081876204583,0.6793270111083984,209,0.3002295680213606,207,0.013183737324957256,1.2574016789700162,0.0055342634759429615,0.014228693432412494,0.015267081876204592,799,0.586722897411449,144.64785766601562,95.46343231201172
0.4874354651783759,ambiguous,3.7770001888275146,0.00032343554288249976,1.4621051809213108,-0.0074054579944406096,0.008873661098660895,0.01155779690950278,1.22977614402771,211,0.3002295680213606,207,0.00032343554288249976,1.4621051809213108,-0.007405457994440617,0.008873661098660907,0.011557796909502793,799,0.6141995122007352,145.5458526611328,95.92684173583984
0.0,seed,3.3340001106262207,0.0,0.0,0.003002763240645269,0.006411362187597784,0.007079700006351195,0.0,207,0.3002295680213606,207,0.0,0.0,0.003002763240645269,0.006411362187597784,0.007079700006351195,800,1.0,160.0,96.0
0.2825272142035563,ambiguous,3.3310000896453857,0.0009575580104481674,0.8445335877477722,-0.003002763240645269,0.006411362187597784,0.007079700006351195,1.123193621635437,209,0.3002295680213606,207,0.0009575580104481674,0.8445335877477722,-0.003002763240645269,0.006411362187597784,0.007079700006351195,800,0.7538761255418164,161.0294647216797,95.48637390136719
0.0,seed,3.258000135421753,0.0,0.0,0.01723829090130257,0.013485824170340919,0.021886665500968447,0.0,207,0.3002295680213606,207,0.0,0.0,0.017238290901302612,0.013485824170341363,0.02188666550096875,801,1.0,168.0,104.0
1.066060038426133,ambiguous,3.2920000553131104,0.0371280407019281,1.5730040969318821,-0.017238290901302612,0.013485824170341363,0.02188666550096875,1.202561855316162,209,0.3002295680213606,207,0.0371280407019281,1.5730040969318821,-0.01723829090130257,0.013485824170340919,0.021886665500968447,801,0.34436262360834025,168.3529052734375,103.6764144897461
0.0,seed,3.8990001678466797,0.0,0.0,0.013329741124447023,0.016471057618636816,0.021189094778239773,0.0,207,0.3002295680213606,207,0.0,0.0,0.013329741124446924,0.016471057618636733,0.021189094778239645,802,1.0,184.0,104.0
0.37688365095696336,ambiguous,3.882000207901001,0.01148699302035805,0.7322207000440389,0.013598462725373963,0.004401846992985522,0.014293160792597301,1.271952509880066,208,0.3002295680213606,207,0.01148699302035805,0.7322207000440389,0.013598462725373864,0.004401846992985297,0.014293160792597138,802,0.6859958842176587,185.110595703125,103.83316040039062
0.45635128832857125,ambiguous,3.894000291824341,0.0025747023968838434,1.355367050027187,-0.004587567926492399,0.0036577917775104697,0.005867300926985506,1.286671757698059,209,0.3002295680213606,207,0.0025747023968838434,1.355367050027187,-0.004587567926492498,0.0036577917775108535,0.005867300926985822,802,0.6335912247979301,184.62303161621094,103.18144226074219
0.6808731216339878,ambiguous,3.892000198364258,0.0003600098700649035,2.0424408999768366,-0.012338506909914516,0.013934007253188378,0.018611698227134318,1.3780627250671387,211,0.3002295680213606,207,0.0003600098700649035,2.0424408999768366,-0.012338506909914617,0.013934007253188467,0.018611698227134446,802,0.50617484716077,185.0101776123047,103.6051254272461
0.0,seed,2.5840001106262207,0.0,0.0,0.009703521815474899,0.013720679197540251,0.016805218631877752,0.0,207,0.3002295680213606,207,0.0,0.0,0.009703521815474968,0.013720679197540256,0.016805218631877793,803,1.0,200.0,104.0
0.4807787923513957,ambiguous,2.5920000076293945,0.013611997742613458,1.018870826090657,-0.0054171989036056285,0.016044072662090136,0.01693393963458162,1.061164140701294,208,0.3002295680213606,207,0.013611997742613458,1.018870826090657,-0.005417198903605559,0.01604407266208991,0.01693393963458138,803,0.6183016756362133,200.75218200683594,103.58749389648438
0.6335542867906467,ambiguous,2.570000171661377,0.006748519674787623,1.8320323813095238,-0.003791070245624505,0.008709320440830316,0.009498656544392171,1.2084288597106934,209,0.3002295680213606,207,0.006748519674787623,1.8320323813095238,-0.0037910702456244363,0.008709320440830524,0.009498656544392334,803,0.5307021771256658,200.07716369628906,102.72542572021484
0.7957586341153575,ambiguous,2.573000192642212,0.0038252424505218485,2.3699743743377453,-0.008159376752155716,0.012225501946906648,0.014698242304351818,0.964068591594696,211,0.3002295680213606,207,0.0038252424505218485,2.3699743743377453,-0.008159376752155644,0.012225501946906643,0.014698242304351775,803,0.45123877990737776,200.53973388671875,103.48466491699219
0.0,seed,2.4000000953674316,0.0,0.0,0.01961846371786771,0.015247373041208356,0.024846861035290935,0.0,207,0.3002295680213606,207,0.0,0.0,0.01961846371786771,0.015247373041208356,0.024846861035290935,804,1.0,208.0,96.0
0.4557955688749439,ambiguous,2.3970000743865967,0.0032802913152849555,1.3450723606716946,0.007693121125530364,0.005103434432210171,0.009231963802785945,0.8739356398582458,208,0.3002295680213606,207,0.0032802913152849555,1.3450723606716946,0.007693121125530364,0.005103434432210171,0.009231963802785945,804,0.6339434216194466,208.4303436279297,95.48201751708984
0.7188949841131252,ambiguous,2.3970000743865967,0.005121674873175053,2.1222010967797003,0.0,0.0,0.0,0.9757000803947449,209,0.3002295680213606,207,0.005121674873175053,2.1222010967797003,0.0,0.0,0.0,804,0.4872904222221532,207.74839782714844,94.83025360107422
0.8622397347387745,ambiguous,2.4000000953674316,0.010067285393242642,2.4740697582168987,-0.005216874469033465,0.00256254033861979,0.005812262228487873,1.3340175151824951,210,0.3002295680213606,207,0.010067285393242642,2.4740697582168987,-0.005216874469033465,0.00256254033861979,0.005812262228487873,804,0.42221537208750204,208.8933563232422,95.31072998046875
0.9680613241706613,ambiguous,2.3970000743865967,0.005200078931533625,2.877877677849725,-0.005203682157144425,0.007494168513062988,0.009123643444083507,0.5981008410453796,211,0.3002295680213606,207,0.005200078931533625,2.877877677849725,-0.005203682157144425,0.007494168513062988,0.009123643444083507,804,0.37981867007223696,208.02609252929688,95.43241119384766
0.0,seed,2.5820000171661377,0.0,0.0,0.004189529027044877,0.006563294419617537,0.0077864617835724514,0.0,207,0.3002295680213606,207,0.0,0.0,0.004189529027044877,0.006563294419617537,0.0077864617835724514,805,1.0,216.0,96.0
0.8073628415533367,ambiguous,2.6000001430511475,0.025843274663056803,1.452486425554423,-0.019367270662277378,0.01961896070651224,0.02756800304899833,0.7974774241447449,208,0.3002295680213606,207,0.025843274663056803,1.452486425554423,-0.019367270662277378,0.01961896070651224,0.02756800304899833,805,0.44603277569654937,216.3934783935547,95.59638977050781
0.9234509249040664,ambiguous,2.5440001487731934,0.027986762567223433,1.8080440542236662,0.0015111549180978623,0.03546249069557906,0.03549467334010165,1.4008780717849731,209,0.3002295680213606,207,0.027986762567223433,1.8080440542236662,0.0015111549180978623,0.03546249069557906,0.03549467334010165,805,0.3971461520318664,216.18194580078125,94.63368225097656
0.0,seed,3.13700008392334,0.0,0.0,0.028981237457353683,0.026600409176196407,0.03933819890260094,0.0,207,0.3002295680213606,207,0.0,0.0,0.028981237457353683,0.026600409176196407,0.03933819890260094,806,1.0,232.0,96.0
1.0933523191675103,ambiguous,3.1650002002716064,0.04018300166200017,1.2946947584330535,0.003243681219273294,0.014941209857526807,0.015289251775640379,0.7839406132698059,208,0.3002295680213606,207,0.04018300166200017,1.2946947584330535,0.003243681219273294,0.014941209857526807,0.015289251775640379,806,0.33509127580898074,232.78465270996094,95.85986328125
0.7587952536082898,ambiguous,3.1040000915527344,0.017715028018070456,1.8484269413829897,0.0202584197490984,0.05172510577937124,0.055550788820842176,0.9828645586967468,209,0.3002295680213606,207,0.017715028018070456,1.8484269413829897,0.0202584197490984,0.05172510577937124,0.055550788820842176,806,0.4682301859754759,232.3382568359375,95.02375030517578
1.2309401406675793,ambiguous,3.1510002613067627,0.03451997366210158,2.6332512028819868,-0.00505439597080057,0.00779673785974134,0.009291718887437836,1.3372997045516968,210,0.3002295680213606,207,0.03451997366210158,2.6332512028819868,-0.00505439597080057,0.00779673785974134,0.009291718887437836,806,0.292017910674792,233.2148895263672,96.11321258544922
1.7508318892144605,ambiguous,3.1780002117156982,0.05899034745382448,2.830987829724102,-0.016470215407039673,0.017957920132730915,0.024367086223999565,0.7316669821739197,211,0.3002295680213606,207,0.05899034745382448,2.830987829724102,-0.016470215407039673,0.017957920132730915,0.024367086223999565,806,0.17362944289369509,232.59765625,96.25424194335938
0.0,seed,3.371000051498413,0.0,0.0,0.017946585583709797,0.012048148629509406,0.021615684571906803,0.0,207,0.3002295680213606,207,0.0,0.0,0.017946585583709797,0.012048148629509406,0.021615684571906803,807,1.0,240.0,96.0
0.5911212562593243,ambiguous,3.375000238418579,0.018499649403400653,1.1044164855887664,0.0,0.0,0.0,1.4300955533981323,208,0.3002295680213606,207,0.018499649403400653,1.1044164855887664,0.0,0.0,0.0,807,0.5537060901210398,240.98924255371094,95.5193099975586
1.2150227454761737,ambiguous,3.384000062942505,0.03485167973400927,2.5405068016311527,-0.017148774368753544,0.016051910518146414,0.023489237825714947,1.3152612447738647,211,0.3002295680213606,207,0.03485167973400927,2.5405068016311527,-0.017148774368753544,0.016051910518146414,0.023489237825714947,807,0.2967032655602365,240.9777374267578,95.96495056152344
0.0,seed,3.755000114440918,0.0,0.0,0.019689015738690436,0.00986193930509106,0.02202078989536251,0.0,207,0.3002295680213606,207,0.0,0.0,0.019689015738690436,0.00986193930509106,0.02202078989536251,808,1.0,152.0,112.0
0.8039660811102115,ambiguous,3.7700002193450928,0.01468048193365945,2.145919976031511,-0.019689015738690436,0.00986193930509106,0.02202078989536251,0.8354818820953369,209,0.3002295680213606,207,0.01468048193365945,2.145919976031511,-0.019689015738690436,0.00986193930509106,0.02202078989536251,808,0.44755041826027564,151.85618591308594,110.83692932128906
0.0,seed,3.5900001525878906,0.0,0.0,0.01998659270390766,0.022005762001157007,0.029727385508373595,0.0,207,0.3002295680213606,207,0.0,0.0,0.01998659270390766,0.022005762001157007,0.029727385508373595,809,1.0,160.0,112.0
0.6387283412367294,ambiguous,3.5900001525878906,0.0013696843656001434,1.9134294726344137,-0.0025411136080455725,0.003980895383618747,0.004722794344909742,0.9060521125793457,209,0.3002295680213606,207,0.0013696843656001434,1.9134294726344137,-0.0025411136080455725,0.003980895383618747,0.004722794344909742,809,0.5279633866021795,160.00877380371094,111.27320098876953
0.8238469944730996,ambiguous,3.614000082015991,0.02238444617897839,1.8138448210393014,-0.011460706058985467,0.016929846028960034,0.0204442527360322,1.4443827867507935,211,0.3002295680213606,207,0.02238444617897839,1.8138448210393014,-0.011460706058985467,0.016929846028960034,0.0204442527360322,809,0.4387405712448956,161.17701721191406,112.07046508789062
0.0,seed,3.3990001678466797,0.0,0.0,0.015833050255772335,0.011488842043357232,0.019562182186530858,0.0,207,0.3002295680213606,207,0.0,0.0,0.015833050255772335,0.011488842043357232,0.019562182186530858,810,1.0,168.0,112.0
0.8622732123305413,ambiguous,3.4190001487731934,0.022875300537537058,1.9360241092857313,-0.015833050255772706,0.011488842043357055,0.019562182186531052,1.0144110918045044,209,0.3002295680213606,207,0.022875300537537058,1.9360241092857313,-0.015833050255772706,0.011488842043357055,0.019562182186531052,810,0.42220123757023376,167.98513793945312,111.50613403320312
0.0,seed,3.6720001697540283,0.0,0.0,0.0,0.0,0.0,0.0,207,0.3002295680213606,207,0.0,0.0,0.0,0.0,0.0,811,1.0,184.0,112.0
0.0,seed,3.756000280380249,0.0,0.0,0.0,0.0,0.0,0.0,207,0.3002295680213606,207,0.0,0.0,0.0,0.0,0.0,812,1.0,192.0,112.0
0.0,seed,2.9190001487731934,0.0,0.0,0.01738727188063437,0.02668635099778526,0.031850879941189895,0.0,207,0.3002295680213606,207,0.0,0.0,0.01738727188063433,0.02668635099778519,0.03185087994118982,813,1.0,208.0,112.0
0.7144306390369572,ambiguous,2.9000000953674316,0.01155915303877375,1.9601330019223728,0.012389173755108613,0.007606027762842176,0.014537650589534679,1.3726637363433838,208,0.3002295680213606,207,0.01155915303877375,1.9601330019223728,0.012389173755108574,0.007606027762842014,0.014537650589534561,813,0.4894707179944371,208.024658203125,112.27520751953125
0.9211114251128618,ambiguous,2.9120001792907715,0.0023046197192346796,2.757923206323586,-0.004172328623885954,0.006898789268233448,0.008062358185617347,1.2784632444381714,209,0.3002295680213606,207,0.0023046197192346796,2.757923206323586,-0.004172328623885993,0.006898789268233673,0.00806235818561756,813,0.39807498688399134,207.2740936279297,111.56209564208984
0.9865601140447376,ambiguous,2.9240000247955322,0.015391885568091901,2.7252684606422246,-0.006209689392673559,0.014919590476224969,0.016160272965879793,1.4948360919952393,211,0.3002295680213606,207,0.015391885568091901,2.7252684606422246,-0.006209689392673598,0.014919590476225405,0.016160272965880212,813,0.3728564511125297,208.4492950439453,112.46763610839844
0.0,seed,3.132000207901001,0.0,0.0,0.004268148798830169,0.01643609099660866,0.016981230268085873,0.0,207,0.3002295680213606,207,0.0,0.0,0.00426814879883015,0.016436090996608657,0.01698123026808586,814,1.0,216.0,112.0
0.6906889915135321,ambiguous,3.117000102996826,0.005706618511977624,2.027382706471527,-0.004268148798829836,0.01643609099660899,0.016981230268086102,1.4513309001922607,208,0.3002295680213606,207,0.005706618511977624,2.027382706471527,-0.004268148798829857,0.016436090996608994,0.016981230268086116,814,0.5012306064351548,216.0400390625,112.31486511230469
0.0,seed,3.624000072479248,0.0,0.0,0.00972959256733715,0.016412321515921195,0.019079551070933305,0.0,207,0.3002295680213606,207,0.0,0.0,0.00972959256733715,0.016412321515921195,0.019079551070933305,815,1.0,232.0,112.0
0.6678774951306445,ambiguous,3.5990002155303955,0.008128357616717707,1.9086378062183014,-0.009729592567336777,0.016412321515921428,0.019079551070933315,1.2189887762069702,209,0.3002295680213606,207,0.008128357616717707,1.9086378062183014,-0.009729592567336777,0.016412321515921428,0.019079551070933315,815,0.5127958351809654,232.3618621826172,110.84870147705078
0.0,seed,3.644000291824341,0.0,0.0,0.00687185537347844,0.010590603104006937,0.012624708724584734,0.0,207,0.3002295680213606,207,0.0,0.0,0.00687185537347844,0.010590603104006937,0.012624708724584734,816,1.0,160.0,120.0
0.23122985771163976,ambiguous,3.644000291824341,0.000298999222933638,0.6933270122135442,0.00023638960976618044,0.00015377477195483634,0.00028200483700668855,1.2982680797576904,208,0.3002295680213606,207,0.000298999222933638,0.6933270122135442,0.00023638960976618044,0.00015377477195483634,0.00028200483700668855,816,0.793557039864776,161.10977172851562,119.846435546875
0.7878926306078433,ambiguous,3.6610002517700195,0.017953472182067998,1.9426484196101206,-0.027734062065400793,0.010525690071849779,0.029664260485239475,0.8305376172065735,209,0.3002295680213606,207,0.017953472182067998,1.9426484196101206,-0.027734062065400793,0.010525690071849779,0.029664260485239475,816,0.45480222238468054,160.01441955566406,119.13231658935547
0.0,seed,3.4670002460479736,0.0,0.0,0.015133599920627077,0.009973568118691024,0.01812451123687957,0.0,207,0.3002295680213606,207,0.0,0.0,0.015133599920627077,0.009973568118691024,0.01812451123687957,817,1.0,168.0,120.0
0.3734702681759301,ambiguous,3.4720001220703125,0.006676823467970383,1.0022764242096014,-9.154789924835424e-05,0.0010297654301770463,0.0010338268032143993,1.4954451322555542,208,0.3002295680213606,207,0.006676823467970383,1.0022764242096014,-9.154789924835424e-05,0.0010297654301770463,0.0010338268032143993,817,0.6883414516390451,168.786865234375,119.63790893554688
0.6836081945390009,ambiguous,3.4690001010894775,0.0045208827014824315,2.0226011922805456,-0.010838092439458378,0.014216870134995088,0.01787690253264139,1.083754539489746,209,0.3002295680213606,207,0.0045208827014824315,2.0226011922805456,-0.010838092439458378,0.014216870134995088,0.01787690253264139,817,0.5047923135780237,167.92039489746094,119.11164855957031
0.0,seed,3.184000253677368,0.0,0.0,0.019135861282816514,0.013331280100435569,0.023321754139675376,0.0,207,0.3002295680213606,207,0.0,0.0,0.019135861282816552,0.013331280100435806,0.023321754139675542,818,1.0,184.0,120.0
0.4152946279469601,ambiguous,3.192000150680542,0.012100935696220283,0.8535473188064082,0.005467878573795546,0.007548347985029124,0.009320689534624874,1.2957602739334106,208,0.3002295680213606,207,0.012100935696220283,0.8535473188064082,0.005467878573795585,0.007548347985029001,0.009320689534624798,818,0.6601457546615953,184.94822692871094,119.76707458496094
0.6860104315096321,ambiguous,3.187000036239624,0.008284213791243111,1.962003872251093,-0.00559106916403775,0.007736566363801516,0.009545392265305748,1.1325925588607788,209,0.3002295680213606,207,0.008284213791243111,1.962003872251093,-0.005591069164037711,0.007736566363801637,0.009545392265305822,818,0.5035811381674791,183.9774932861328,119.10086822509766
0.9229426681510753,ambiguous,3.202000141143799,0.022868415563607414,2.173645232622282,-0.015018288063097834,0.007538579710649702,0.016804141168176558,1.2523757219314575,211,0.3002295680213606,207,0.022868415563607414,2.173645232622282,-0.015018288063097794,0.007538579710649271,0.01680414116817633,818,0.3973480555506281,184.7943572998047,119.66390228271484
0.0,seed,2.808000087738037,0.0,0.0,0.01319804577150429,0.01506368291124108,0.020027554894123716,0.0,207,0.3002295680213606,207,0.0,0.0,0.013198045771504319,0.015063682911241116,0.02002755489412376,819,1.0,192.0,120.0
0.4040036524105802,ambiguous,2.811000108718872,0.007709717605990374,1.0651863647510875,0.0029091783304146883,0.004284520252898458,0.005178844693138757,0.7669222354888916,208,0.3002295680213606,207,0.007709717605990374,1.0651863647510875,0.0029091783304147183,0.004284520252898504,0.005178844693138811,819,0.6676416827629298,192.7633514404297,119.93278503417969
0.6537299253535019,ambiguous,2.812000036239624,0.009915642549956694,1.8147218856742562,-0.006355812220522672,0.0020563893021450434,0.006680201040726388,0.9503197073936462,209,0.3002295680213606,207,0.009915642549956694,1.8147218856742562,-0.006355812220522642,0.0020563893021449966,0.006680201040726344,819,0.5201022119117847,192.0980224609375,119.31825256347656
0.8398490131489117,ambiguous,2.811000108718872,0.008957977922421367,2.4283198072752374,-0.007627123168038418,0.011646218324405298,0.013921472949373645,0.7025357484817505,211,0.3002295680213606,207,0.008957977922421367,2.4283198072752374,-0.0076271231680383874,0.011646218324405254,0.013921472949373593,819,0.4317757109627003,192.55348205566406,120.22736358642578
0.0,seed,3.114000082015991,0.0,0.0,0.012284800894109141,0.02231359485441455,0.02547180496813801,0.0,207,0.3002295680213606,207,0.0,0.0,0.01228480089410918,0.02231359485441474,0.025471804968138195,820,1.0,208.0,120.0
0.6219879962959812,ambiguous,3.1040000915527344,0.0021888510170242625,1.8587285562902292,0.003147838948510411,0.007164292553694178,0.00782534202707313,1.3429110050201416,208,0.3002295680213606,207,0.0021888510170242625,1.8587285562902292,0.00314783894851045,0.007164292553694302,0.007825342027073258,820,0.5368760683542001,208.16116333007812,120.29844665527344
0.9493865123655297,ambiguous,3.1070001125335693,0.0025884205649804315,2.8415357982981546,-0.008964649456744191,0.01621976450133359,0.01853228804980716,1.1429601907730103,209,0.3002295680213606,207,0.0025884205649804315,2.8415357982981546,-0.008964649456744151,0.01621976450133355,0.018532288049807104,820,0.38697835708331246,207.28187561035156,119.8266830444336
1.4766613335195742,ambiguous,3.1510002613067627,0.048192721580169184,2.561343333169711,-0.023725492129559978,0.03705861340890841,0.04400272496767375,1.4747209548950195,211,0.3002295680213606,207,0.048192721580169184,2.561343333169711,-0.02372549212955994,0.03705861340890802,0.0440027249676734,820,0.22839896482061953,208.71270751953125,120.62398529052734
0.0,seed,3.329000234603882,0.0,0.0,0.011518070743897478,0.017108132537302437,0.020624115801055165,0.0,207,0.3002295680213606,207,0.0,0.0,0.011518070743897518,0.017108132537302784,0.020624115801055474,821,1.0,216.0,120.0
0.9991937458742869,ambiguous,3.3390002250671387,0.02187603980522912,2.5087022521363065,-0.01151807074389789,0.017108132537302607,0.020624115801055536,1.4450604915618896,209,0.3002295680213606,207,0.02187603980522912,2.5087022521363065,-0.01151807074389785,0.01710813253730226,0.020624115801055228,821,0.36817616509001994,215.822509765625,120.11412811279297
0.0,seed,3.313000202178955,0.0,0.0,0.01442331597728428,0.016346144071429827,0.021799735543912555,0.0,207,0.3002295680213606,207,0.0,0.0,0.014423315977284249,0.016346144071429796,0.021799735543912513,822,1.0,184.0,136.0
0.4534825540879407,ambiguous,3.321000099182129,0.011952232367999471,1.0233541113681852,0.002913311772591561,0.003397056218495793,0.0044751956868880624,1.0098427534103394,208,0.3002295680213606,207,0.011952232367999471,1.0233541113681852,0.002913311772591531,0.00339705621849575,0.004475195686888011,822,0.6354114392465195,184.88470458984375,136.08013916015625
0.917453058988106,ambiguous,3.3370001316070557,0.02871291302167256,1.7140754240114981,-0.0158242420533438,0.011035171564578535,0.01929200995289234,0.7617281079292297,209,0.3002295680213606,207,0.02871291302167256,1.7140754240114981,-0.01582424205334383,0.011035171564578514,0.019292009952892354,822,0.39953533925062673,184.27610778808594,135.3605194091797
0.8462632596883284,ambiguous,3.31600022315979,0.008047068697178084,2.466009914327927,-0.012332641555178842,0.017925044725010855,0.021757786563025284,0.7679396271705627,211,0.3002295680213606,207,0.008047068697178084,2.466009914327927,-0.012332641555178872,0.017925044725010903,0.021757786563025336,822,0.4290150583211994,184.5467529296875,135.99974060058594
0.0,seed,3.0970001220703125,0.0,0.0,0.021077468247093455,0.023618638894925457,0.03165595948563427,0.0,207,0.3002295680213606,207,0.0,0.0,0.021077468247093455,0.023618638894925457,0.03165595948563427,823,1.0,192.0,136.0
0.7154155860493312,ambiguous,3.073000192642212,0.019071059959290704,1.6001664529119082,0.020745709831496702,0.019598299687003665,0.02853905792128162,1.452172875404358,208,0.3002295680213606,207,0.019071059959290704,1.6001664529119082,0.020745709831496702,0.019598299687003665,0.02853905792128162,823,0.488988852617991,192.34494018554688,136.25035095214844
0.9434740031684649,ambiguous,3.1120002269744873,0.020833076616511015,2.3600725983594404,-0.005755339059423098,0.011579038282495133,0.012930508699831148,1.3278783559799194,209,0.3002295680213606,207,0.020833076616511015,2.3600725983594404,-0.005755339059423098,0.011579038282495133,0.012930508699831148,823,0.3892731474782322,191.68296813964844,135.7440643310547
1.2539399392737378,ambiguous,3.117000102996826,0.026710388991356027,3.1840478783085513,-0.012553208290363833,0.02017628838990021,0.02376269453520962,0.9013271331787109,211,0.3002295680213606,207,0.026710388991356027,3.1840478783085513,-0.012553208290363833,0.02017628838990021,0.02376269453520962,823,0.2853782061657376,191.93597412109375,136.62274169921875
0.0,seed,3.327000141143799,0.0,0.0,0.015161815573528416,0.025351163494121635,0.02953916285190517,0.0,207,0.3002295680213606,207,0.0,0.0,0.015161815573528475,0.025351163494121726,0.02953916285190528,824,1.0,192.0,144.0
0.6590132786985395,ambiguous,3.307000160217285,0.014839303608110477,1.634023798298861,0.009055920963953357,0.007428581602368094,0.01171296414783259,1.0586793422698975,208,0.3002295680213606,207,0.014839303608110477,1.634023798298861,0.009055920963953416,0.007428581602368007,0.011712964147832579,824,0.5173615127297216,192.27633666992188,144.07113647460938
0.5635691831529629,ambiguous,3.317000150680542,0.004092813444647625,1.6626084798144478,-0.0005191779406565113,0.001589607878869144,0.0016722436851808397,1.0506236553192139,209,0.3002295680213606,207,0.004092813444647625,1.6626084798144478,-0.0005191779406564516,0.0015896078788692318,0.0016722436851809045,824,0.5691738802413766,192.369873046875,143.2024688720703
1.114045039761721,ambiguous,3.32200026512146,0.0023294338302530804,3.3375656445949735,-0.013388712717419296,0.024112600165537738,0.027580339283132027,0.864812433719635,211,0.3002295680213606,207,0.0023294338302530804,3.3375656445949735,-0.013388712717419237,0.02411260016553766,0.027580339283131933,824,0.3282285745210834,191.767822265625,144.3994140625
0.0,seed,3.2830002307891846,0.0,0.0,-0.00220093935167978,0.004732026742202067,0.005218832352038924,0.0,210,0.3002295680213606,210,0.0,0.0,-0.00220093935167981,0.004732026742202106,0.005218832352038971,825,1.0,136.0,24.0
0.39529301095476055,ambiguous,3.3000001907348633,0.01538021789962185,0.2751529179165234,-0.013666571999537958,0.008904206999519583,0.01631134858032433,0.3812456727027893,211,0.3002295680213606,210,0.01538021789962185,0.2751529179165234,-0.013666571999537958,0.008904206999519583,0.01631134858032433,825,0.673482672534081,135.74685668945312,24.280105590820312
0.601344522655299,ambiguous,3.2830002307891846,0.00038266818280341397,1.8038052605036896,0.019616422884728767,0.015623776245917502,0.025078006917915275,0.9460505247116089,212,0.3002295680213606,210,0.00038266818280341397,1.8038052605036896,0.019616422884728736,0.015623776245917452,0.025078006917915223,825,0.5480742422482568,136.1604461669922,23.569091796875
0.0,seed,3.1490001678466797,0.0,0.0,0.0023292230833802732,0.004166912720603787,0.004773724101085143,0.0,210,0.3002295680213606,210,0.0,0.0,0.00232922308338066,0.004166912720603992,0.0047737241010855115,826,1.0,144.0,32.0
0.20424707472393927,ambiguous,3.1580002307891846,0.007350984450591902,0.26738331677543153,-0.0023292230833810473,0.004166912720604198,0.00477372410108588,0.337276428937912,211,0.3002295680213606,210,0.007350984450591902,0.26738331677543153,-0.00232922308338066,0.004166912720603992,0.0047737241010855115,826,0.8152609159353239,143.74879455566406,32.151519775390625
0.0,seed,3.7320001125335693,0.0,0.0,-1.9396022461168534e-05,0.0012287573552760749,0.0012289104295400736,0.0,210,0.3002295680213606,210,0.0,0.0,-1.9396022461168534e-05,0.0012287573552760749,0.0012289104295400736,827,1.0,168.0,32.0
0.05537638726475887,ambiguous,3.7360000610351562,0.0017720049545308925,0.09968144074880496,1.9396022461913055e-05,0.001228757355275678,0.0012289104295396885,0.5806931257247925,211,0.3002295680213606,210,0.0017720049545308925,0.09968144074880496,1.9396022461913055e-05,0.001228757355275678,0.0012289104295396885,827,0.9461289700321325,167.57562255859375,32.211334228515625
0.0,seed,3.616000175476074,0.0,0.0,0.004736354016889547,0.007471827504440572,0.008846539189390412,0.0,210,0.3002295680213606,210,0.0,0.0,0.004736354016889547,0.007471827504440572,0.008846539189390412,828,1.0,184.0,24.0
0.367385520271804,ambiguous,3.633000135421753,0.014443817475146226,0.20307598020734072,-0.004736354016889547,0.007471827504440572,0.008846539189390412,0.243310809135437,211,0.3002295680213606,210,0.014443817475146226,0.20307598020734072,-0.004736354016889547,0.007471827504440572,0.008846539189390412,828,0.6925423566872962,183.65969848632812,24.146663665771484
0.0,seed,3.9080002307891846,0.0,0.0,-0.006258860186580964,0.009805097869134107,0.011632423438753703,0.0,210,0.3002295680213606,210,0.0,0.0,-0.006258860186580964,0.009805097869134107,0.011632423438753703,829,1.0,96.0,40.0
0.6573001852005114,ambiguous,3.883000135421753,0.025797002670088442,0.38083687538570055,0.022808294612331987,0.018558683312097674,0.029404813031231214,0.3179861307144165,211,0.3002295680213606,210,0.025797002670088442,0.38083687538570055,0.022808294612331987,0.018558683312097674,0.029404813031231214,829,0.5182486227346981,95.8731918334961,40.11241912841797
0.5683244956095551,ambiguous,3.9210002422332764,0.015950283252015307,1.2148537779518558,-0.005372985313344726,0.01518025989893194,0.016103082368805647,0.25027960538864136,212,0.3002295680213606,210,0.015950283252015307,1.2148537779518558,-0.005372985313344785,0.015180259898931858,0.01610308236880559,829,0.5664737733025258,95.6968765258789,39.70354461669922
0.0,seed,3.242000102996826,0.0,0.0,-0.0020569460224221588,0.003222400958023779,0.003822943221319264,0.0,210,0.3002295680213606,210,0.0,0.0,-0.0020569460224221588,0.003222400958023779,0.003822943221319264,830,1.0,120.0,40.0
0.48340406497300265,ambiguous,3.2240002155303955,0.019210132870297603,0.1653061788328237,0.0184969870225783,0.013161489944484947,0.022701615503576137,0.5892390012741089,211,0.3002295680213606,210,0.019210132870297603,0.1653061788328237,0.0184969870225783,0.013161489944484947,0.022701615503576137,830,0.6166794177720553,119.6659927368164,40.29874801635742
0.6579027724673668,ambiguous,3.264000177383423,0.022077296189201512,1.0741788061875406,-0.009238566547264182,0.021348269240149088,0.023261550064390044,0.7219151854515076,212,0.3002295680213606,210,0.022077296189201512,1.0741788061875406,-0.009238566547264555,0.021348269240149265,0.023261550064390357,830,0.5179363650428379,119.53636932373047,39.682559967041016
0.0,seed,3.751000165939331,0.0,0.0,0.002750263987105605,0.00269977273473065,0.0038539233020345683,0.0,210,0.3002295680213606,210,0.0,0.0,0.002750263987105605,0.00269977273473065,0.0038539233020345683,831,1.0,160.0,40.0
0.17511965253436468,ambiguous,3.760000228881836,0.0069975504871719885,0.023872572512809054,-0.002750263987105605,0.00269977273473065,0.0038539233020345683,0.8903485536575317,211,0.3002295680213606,210,0.0069975504871719885,0.023872572512809054,-0.002750263987105605,0.00269977273473065,0.0038539233020345683,831,0.8393565836180817,159.52110290527344,40.1903190612793
0.0,seed,3.894000291824341,0.0,0.0,0.003949896009910898,0.008661751368225973,0.009519853741212338,0.0,210,0.3002295680213606,210,0.0,0.0,0.003949896009910898,0.008661751368225973,0.009519853741212338,832,1.0,168.0,40.0
0.41384040863849403,ambiguous,3.9120001792907715,0.015801185983107757,0.37005288539531817,-0.003949896009910154,0.008661751368225544,0.009519853741211639,0.8600552678108215,211,0.3002295680213606,210,0.015801185983107757,0.37005288539531817,-0.003949896009910154,0.008661751368225544,0.009519853741211639,832,0.6611064497257793,167.8747100830078,40.20418167114258
0.0,seed,3.7960002422332764,0.0,0.0,-0.003964767500213435,0.006211184178758782,0.007368730571354343,0.0,210,0.3002295680213606,210,0.0,0.0,-0.003964767500213435,0.006211184178758782,0.007368730571354343,833,1.0,104.0,48.0
0.576954189651278,ambiguous,3.7740001678466797,0.022869883463389584,0.23201864891044044,0.01988873890132898,0.016206436151937193,0.02565561357348628,0.3907001316547394,211,0.3002295680213606,210,0.022869883463389584,0.23201864891044044,0.01988873890132898,0.016206436151937193,0.02565561357348628,833,0.5616055740852474,103.74822235107422,48.15011215209961
0.7221800596029011,ambiguous,3.818000078201294,0.02369559006270805,1.2391794811610073,-0.008108920760308542,0.02235426526680336,0.02377956626003876,0.22243382036685944,212,0.3002295680213606,210,0.02369559006270805,1.2391794811610073,-0.008108920760308542,0.02235426526680336,0.02377956626003876,833,0.4856921470759417,103.70420837402344,47.96086883544922
0.0,seed,3.7100002765655518,0.0,0.0,-0.0010272463001464473,0.0016092787198277406,0.001909191703118096,0.0,210,0.3002295680213606,210,0.0,0.0,-0.0010272463001464473,0.0016092787198277406,0.001909191703118096,834,1.0,112.0,56.0
0.5737392657740523,ambiguous,3.688000202178955,0.02293871368767686,0.052937808456818246,0.019684614525690262,0.015703251865890503,0.025180869091209094,0.517349362373352,211,0.3002295680213606,210,0.02293871368767686,0.052937808456818246,0.019684614525690262,0.015703251865890503,0.025180869091209094,834,0.5634146031494665,111.51863861083984,56.19682312011719
1.4081190754416,ambiguous,3.765000104904175,0.055554758146604044,0.6961186978593683,-0.04229585602996602,0.039148841218809065,0.05763307389063277,0.506802499294281,212,0.3002295680213606,210,0.055554758146604044,0.6961186978593683,-0.04229585602996602,0.039148841218809065,0.05763307389063277,834,0.24460266796539343,111.1306381225586,55.882625579833984
0.0,seed,3.3620002269744873,0.0,0.0,0.0030758823121354714,0.002000904784167111,0.003669423926641713,0.0,210,0.3002295680213606,210,0.0,0.0,0.0030758823121350993,0.0020009047841668686,0.0036694239266412687,835,1.0,120.0,48.0
0.08110477928400266,ambiguous,3.364000082015991,0.0008531229881700853,0.2347506891769429,-0.0009019066380542484,0.002389219504231904,0.002553782571631435,0.8784641027450562,211,0.3002295680213606,210,0.0008531229881700853,0.2347506891769429,-0.0009019066380542484,0.002389219504231904,0.002553782571631435,835,0.9220967399443634,119.41714477539062,48.02513122558594
0.9159488581502964,ambiguous,3.3970000743865967,0.03488979767101563,0.838665398503296,-0.018910451844228415,0.029117706567737805,0.03471953376296639,0.9164897799491882,212,0.3002295680213606,210,0.03488979767101563,0.838665398503296,-0.018910451844228415,0.029117706567737805,0.03471953376296639,835,0.4001366774676953,119.43412780761719,47.49482345581055
0.0,seed,3.8590002059936523,0.0,0.0,-0.00041600946040325866,0.0019220841820227319,0.0019665887912644585,0.0,210,0.3002295680213606,210,0.0,0.0,-0.0004160094604032736,0.001922084182022738,0.0019665887912644676,836,1.0,136.0,56.0
0.09655672877484198,ambiguous,3.8630001544952393,0.0025984847485451823,0.21430848101606312,0.00041600946040254395,0.0019220841820227757,0.0019665887912643505,0.6392083764076233,211,0.3002295680213606,210,0.0025984847485451823,0.21430848101606312,0.00041600946040254395,0.0019220841820227757,0.0019665887912643505,836,0.9079583887717447,135.6207275390625,56.39919662475586
0.0,seed,3.8310000896453857,0.0,0.0,-0.0025035685112679306,0.00392207742996,0.004653014792284027,0.0,210,0.3002295680213606,210,0.0,0.0,-0.0025035685112679306,0.00392207742996,0.004653014792284027,837,1.0,144.0,48.0
0.16735962156224438,ambiguous,3.827000141143799,0.005635000705492388,0.2710558079368675,0.0062818614626623005,0.004216106451568034,0.007565536137448247,0.8112572431564331,211,0.3002295680213606,210,0.005635000705492388,0.2710558079368675,0.0062818614626623005,0.004216106451568034,0.007565536137448247,837,0.8458953544229411,143.79421997070312,48.26601791381836
0.5915339820659515,ambiguous,3.8540000915527344,0.02268727816648841,0.5039382356041665,-0.022430665580045615,0.017830218833771554,0.028653995568227914,1.4676522016525269,212,0.3002295680213606,210,0.02268727816648841,0.5039382356041665,-0.022430665580045615,0.017830218833771554,0.028653995568227914,837,0.553477476522393,142.96119689941406,46.723243713378906
0.0,seed,3.883000135421753,0.0,0.0,0.004502724056310135,0.008066097562606712,0.009237773206610126,0.0,210,0.3002295680213606,210,0.0,0.0,0.004502724056310135,0.008066097562606712,0.009237773206610126,838,1.0,160.0,48.0
0.4140663210050536,ambiguous,3.9010002613067627,0.01604512885964482,0.3080967591946986,-0.004502724056310135,0.008066097562606712,0.009237773206610126,0.7531599998474121,211,0.3002295680213606,210,0.01604512885964482,0.3080967591946986,-0.004502724056310135,0.008066097562606712,0.009237773206610126,838,0.6609571144721493,159.83480834960938,48.19763946533203
0.0,seed,3.8370001316070557,0.0,0.0,0.014685414711432324,0.0022314694046963726,0.01485398468259776,0.0,210,0.3002295680213606,210,0.0,0.0,0.014685414711432324,0.0022314694046963726,0.01485398468259776,839,1.0,112.0,64.0
0.27065281823314513,ambiguous,3.8420002460479736,0.004145421552514961,0.7500757348512099,-0.0011541921183893665,0.005011304627486784,0.005142502651007834,0.7266552448272705,211,0.3002295680213606,210,0.004145421552514961,0.7500757348512099,-0.0011541921183893665,0.005011304627486784,0.005142502651007834,839,0.7628811270290198,111.10548400878906,63.64401626586914
1.0080461067808297,ambiguous,3.877000093460083,0.04029546673099116,0.1093685777728567,-0.02301802674573422,0.024064099385659343,0.03330030682306435,0.6104298233985901,212,0.3002295680213606,210,0.04029546673099116,0.1093685777728567,-0.02301802674573422,0.024064099385659343,0.03330030682306435,839,0.36493123325178795,110.661376953125,63.404083251953125
0.0,seed,3.384000062942505,0.0,0.0,0.020768170457767725,0.013262782389858532,0.024641799871024796,0.0,210,0.3002295680213606,210,0.0,0.0,0.020768170457767725,0.013262782389858532,0.024641799871024796,840,1.0,128.0,64.0
0.4748517998792195,ambiguous,3.4020001888275146,0.016864702801464126,0.6553668502180128,-0.002124324420576717,0.0033279556067100325,0.0039481695460164,0.9492613673210144,211,0.3002295680213606,210,0.016864702801464126,0.6553668502180128,-0.002124324420576747,0.0033279556067100794,0.003948169546016456,840,0.6219764111350572,127.3573989868164,63.58512878417969
1.4505977028393369,ambiguous,3.443000078201294,0.057615294680605444,0.5155492124634775,-0.025554743001565842,0.032376987152232486,0.0412469900348123,1.1533968448638916,212,0.3002295680213606,210,0.057615294680605444,0.5155492124634775,-0.025554743001565842,0.032376987152232486,0.0412469900348123,840,0.23442937210947776,127.27100372314453,63.06425476074219
0.0,seed,3.81600022315979,0.0,0.0,-0.002180962206667057,0.001525256813136307,0.002661391458040091,0.0,210,0.3002295680213606,210,0.0,0.0,-0.0021809622066670717,0.0015252568131363302,0.002661391458040116,841,1.0,136.0,64.0
0.09214799771931381,ambiguous,3.81600022315979,0.0013128990603306079,0.25831269166629695,0.0021809622066670865,0.001525256813136353,0.0026613914580401418,0.7627758383750916,211,0.3002295680213606,210,0.0013128990603306079,0.25831269166629695,0.0021809622066670865,0.001525256813136353,0.0026613914580401418,841,0.9119701700517583,135.82643127441406,64.21288299560547
0.0,seed,3.8430001735687256,0.0,0.0,0.01109468634032271,0.014192904587385712,0.018014733015417624,0.0,210,0.3002295680213606,210,0.0,0.0,0.01109468634032271,0.014192904587385712,0.018014733015417624,842,1.0,144.0,64.0
0.4432852765182196,ambiguous,3.8620002269744873,0.01753086011943772,0.1994475731476643,0.0,0.0,0.0,0.752353847026825,211,0.3002295680213606,210,0.01753086011943772,0.1994475731476643,0.0,0.0,0.0,842,0.6419240551051556,143.69540405273438,64.3305892944336
1.2909471749815304,ambiguous,3.8960001468658447,0.051626836152173006,0.08011891157203148,-0.03078273123639172,0.02322395048667538,0.03856071081527772,1.468064546585083,212,0.3002295680213606,210,0.051626836152173006,0.08011891157203148,-0.03078273123639172,0.02322395048667538,0.03856071081527772,842,0.2750093901197365,142.84117126464844,63.08559799194336
0.0,seed,2.88700008392334,0.0,0.0,0.0007505703509722249,0.0009462211875534093,0.0012077625542852176,0.0,210,0.3002295680213606,210,0.0,0.0,0.0007505703509721857,0.0009462211875529669,0.0012077625542848466,843,1.0,248.0,64.0
0.076335133606738,ambiguous,2.892000198364258,0.00216182622204375,0.16172531542495025,-0.0007505703509725579,0.0009462211875529347,0.0012077625542850526,0.43809235095977783,211,0.3002295680213606,210,0.00216182622204375,0.16172531542495025,-0.0007505703509725972,0.000946221187553377,0.0012077625542854236,843,0.9265056513429463,247.3169708251953,64.10139465332031
0.0,seed,3.7200002670288086,0.0,0.0,0.021974034688961627,0.01287675721176301,0.02546898264168358,0.0,210,0.3002295680213606,210,0.0,0.0,0.02197403468896157,0.012876757211763075,0.02546898264168356,844,1.0,120.0,72.0
1.1319625690466864,ambiguous,3.766000270843506,0.045075285348574745,0.32137708372429447,-0.021974034688960822,0.012876757211762815,0.025468982641682788,0.7726944088935852,211,0.3002295680213606,210,0.045075285348574745,0.32137708372429447,-0.021974034688961253,0.012876757211762882,0.025468982641683194,844,0.32239990305529453,119.2935791015625,72.08051300048828
0.0,seed,3.7790002822875977,0.0,0.0,0.026306943498706912,0.02750792743567701,0.03806233503150627,0.0,210,0.3002295680213606,210,0.0,0.0,0.026306943498706912,0.02750792743567701,0.03806233503150627,845,1.0,136.0,72.0
0.8985842155930591,ambiguous,3.81600022315979,0.03577327181098955,0.26195055308761184,0.0,0.0,0.0,0.6223494410514832,211,0.3002295680213606,210,0.03577327181098955,0.26195055308761184,0.0,0.0,0.0,845,0.40714568239092114,135.84629821777344,72.17889404296875
1.0286983021670961,ambiguous,3.820000171661377,0.039402506062656606,0.88929518402704,0.004660941614885631,0.011222137150806572,0.012151573518227411,1.389451503753662,212,0.3002295680213606,210,0.039402506062656606,0.88929518402704,0.004660941614885273,0.011222137150806827,0.012151573518227512,845,0.3574719783467073,135.73316955566406,71.20403289794922
0.0,seed,3.5910000801086426,0.0,0.0,0.005891355930073106,0.003214414424482554,0.006711224537081818,0.0,210,0.3002295680213606,210,0.0,0.0,0.005891355930073153,0.0032144144244829406,0.006711224537082045,846,1.0,144.0,80.0
0.30305027984873545,ambiguous,3.6040000915527344,0.011722509475677434,0.23148075353308223,-0.005891355930073161,0.003214414424482935,0.006711224537082048,0.5448994636535645,211,0.3002295680213606,210,0.011722509475677434,0.23148075353308223,-0.005891355930073114,0.003214414424482548,0.006711224537081822,846,0.7385619606532379,143.36444091796875,80.15110778808594
0.0,seed,2.5320000648498535,0.0,0.0,0.004056613742738944,0.0045276299192571,0.0060791074791889076,0.0,210,0.3002295680213606,210,0.0,0.0,0.004056613742738944,0.0045276299192571,0.0060791074791889076,847,1.0,216.0,80.0
0.37848129948731374,ambiguous,2.5430002212524414,0.008910912054170161,0.9179233940506438,-0.004056613742738944,0.0045276299192571,0.0060791074791889076,1.0315232276916504,211,0.3002295680213606,210,0.008910912054170161,0.9179233940506438,-0.004056613742738944,0.0045276299192571,0.0060791074791889076,847,0.6849007789310241,214.69723510742188,80.47711944580078
0.0,seed,2.69100022315979,0.0,0.0,0.00026668948637528723,0.000932950207292572,0.0009703192111003306,0.0,210,0.3002295680213606,210,0.0,0.0,0.0002666894863752275,0.0009329502072926609,0.0009703192111003994,848,1.0,232.0,72.0
0.04069137337382346,ambiguous,2.695000171661377,0.001564534939631823,0.033665812495125506,-0.00026668948637565955,0.0009329502072927828,0.0009703192111006353,0.4173661172389984,211,0.3002295680213606,210,0.001564534939631823,0.033665812495125506,-0.0002666894863757193,0.0009329502072926939,0.0009703192111005664,848,0.9601254044906352,231.515380859375,72.03153991699219
0.0,seed,2.698000192642212,0.0,0.0,0.002337170345126212,0.0029547896805804464,0.003767379364837323,0.0,210,0.3002295680213606,210,0.0,0.0,0.002337170345126152,0.0029547896805805357,0.003767379364837356,849,1.0,240.0,72.0
0.16680885303218673,ambiguous,2.7070000171661377,0.006452645148114389,0.12736051441527976,-0.00233717034512578,0.002954789680580322,0.0037673793648369575,0.15378427505493164,211,0.3002295680213606,210,0.006452645148114389,0.12736051441527976,-0.00233717034512578,0.002954789680580322,0.0037673793648369575,849,0.8463613752869118,239.38816833496094,71.92071533203125
0.0,seed,3.754000186920166,0.0,0.0,0.023352692206611576,0.019329430803510975,0.030314602561875292,0.0,210,0.3002295680213606,210,0.0,0.0,0.023352692206611576,0.019329430803510975,0.030314602561875292,850,1.0,128.0,88.0
0.7214533668901142,ambiguous,3.7830002307891846,0.028089511988852678,0.49619885041866785,-0.0022592628674302042,0.003539349476882128,0.004198959802576674,0.2788476347923279,211,0.3002295680213606,210,0.028089511988852678,0.49619885041866785,-0.0022592628674302042,0.003539349476882128,0.004198959802576674,850,0.4860423851787975,127.15873718261719,88.38372802734375
1.744604507066393,ambiguous,3.826000213623047,0.06971467094767814,0.23354369426888716,-0.032313959448776824,0.028753935515066324,0.04325483536972237,0.6937323212623596,212,0.3002295680213606,210,0.06971467094767814,0.23354369426888716,-0.032313959448776824,0.028753935515066324,0.04325483536972237,850,0.17468570637589337,126.82946014404297,87.42665100097656
0.0,seed,3.945000171661377,0.0,0.0,-0.00727783946887412,0.004008964248751635,0.008308955510921374,0.0,210,0.3002295680213606,210,0.0,0.0,-0.007277839468874477,0.004008964248751493,0.008308955510921619,851,1.0,136.0,88.0
0.27661896508275374,ambiguous,3.945000171661377,0.0010667493388591964,0.8259912072693801,0.007277839468874834,0.00400896424875135,0.008308955510921862,0.8611281514167786,211,0.3002295680213606,210,0.0010667493388591964,0.8259912072693801,0.007277839468874477,0.004008964248751493,0.008308955510921619,851,0.7583433973801328,136.25762939453125,88.7032470703125
0.0,seed,3.7260000705718994,0.0,0.0,0.006760441090378638,0.008231873762941254,0.010652103519281086,0.0,210,0.3002295680213606,210,0.0,0.0,0.006760441090378638,0.008231873762941254,0.010652103519281086,852,1.0,144.0,88.0
0.5351880589426988,ambiguous,3.748000144958496,0.020791358810481775,0.38243685000444033,-0.006760441090378638,0.008231873762941254,0.010652103519281086,0.7795187830924988,211,0.3002295680213606,210,0.020791358810481775,0.38243685000444033,-0.006760441090378638,0.008231873762941254,0.010652103519281086,852,0.5855591601531075,143.45904541015625,88.51490783691406
0.0,seed,2.392000198364258,0.0,0.0,0.0036841821108651238,0.002571211691047523,0.0044926971171221925,0.0,210,0.3002295680213606,210,0.0,0.0,0.0036841821108651238,0.002571211691047523,0.0044926971171221925,853,1.0,208.0,88.0
0.2734098079599553,ambiguous,2.3990001678466797,0.00512218421339794,0.7247030221207111,-0.0036841821108651238,0.002571211691047523,0.0044926971171221925,1.1595364809036255,211,0.3002295680213606,210,0.00512218421339794,0.7247030221207111,-0.0036841821108651238,0.002571211691047523,0.0044926971171221925,853,0.7607809496475071,206.8124542236328,88.16539764404297
0.0,seed,2.4110000133514404,0.0,0.0,0.004161689975547296,0.002538040393364096,0.0048745576713091245,0.0,210,0.3002295680213606,210,0.0,0.0,0.004161689975547296,0.002538040393364096,0.0048745576713091245,854,1.0,216.0,88.0
0.29863266467006133,ambiguous,2.4190001487731934,0.006018502939070025,0.7738748875084734,-0.004161689975547296,0.002538040393364096,0.0048745576713091245,1.0707956552505493,211,0.3002295680213606,210,0.006018502939070025,0.7738748875084734,-0.004161689975547296,0.002538040393364096,0.0048745576713091245,854,0.7418318604427212,214.75230407714844,88.1253433227539
0.0,seed,2.7960002422332764,0.0,0.0,0.0022535322943209144,0.004266018873331502,0.004824658001264738,0.0,210,0.3002295680213606,210,0.0,0.0,0.0022535322943209144,0.004266018873331502,0.004824658001264738,855,1.0,232.0,88.0
0.2843066698585793,ambiguous,2.80400013923645,0.0056284043146686,0.7411332758903175,-0.0022535322943209144,0.004266018873331502,0.004824658001264738,0.4332234263420105,211,0.3002295680213606,210,0.0056284043146686,0.7411332758903175,-0.0022535322943209144,0.004266018873331502,0.004824658001264738,855,0.7525358292596,230.91317749023438,88.43412017822266
0.0,seed,3.116000175476074,0.0,0.0,0.005249377605334062,0.010497546008835089,0.01173688363455105,0.0,210,0.3002295680213606,210,0.0,0.0,0.005249377605334102,0.010497546008835474,0.011736883634551411,856,1.0,240.0,88.0
0.6372646863246049,ambiguous,3.142000198364258,0.02334015226708086,0.7685481717292674,-0.005249377605334473,0.010497546008835562,0.01173688363455166,0.6391687393188477,211,0.3002295680213606,210,0.02334015226708086,0.7685481717292674,-0.005249377605334434,0.010497546008835179,0.011736883634551299,856,0.5287367086066205,239.00279235839844,88.55899047851562
0.0,seed,3.9250001907348633,0.0,0.0,0.012465370717849124,0.0016247021658376563,0.012570804439696291,0.0,210,0.3002295680213606,210,0.0,0.0,0.012465370717849134,0.00162470216583746,0.012570804439696274,857,1.0,128.0,96.0
0.4321936344350806,ambiguous,3.937000274658203,0.011176722583749132,0.9891672990066405,-0.012465370717848732,0.0016247021658376299,0.012570804439695897,1.0066814422607422,211,0.3002295680213606,210,0.011176722583749132,0.9891672990066405,-0.012465370717848721,0.0016247021658378263,0.012570804439695913,857,0.6490836795642821,126.8307113647461,95.615966796875
0.0,seed,3.8430001735687256,0.0,0.0,-0.0014363752479825927,0.0022502180051036853,0.002669579540584971,0.0,210,0.3002295680213606,210,0.0,0.0,-0.0014363752479825927,0.0022502180051036853,0.002669579540584971,858,1.0,144.0,96.0
0.4213484422864789,ambiguous,3.828000068664551,0.01613322853126009,0.3656905930834034,0.01591278550789424,0.011037505184805714,0.019366033753065233,0.7843521237373352,211,0.3002295680213606,210,0.01613322853126009,0.3656905930834034,0.01591278550789424,0.011037505184805714,0.019366033753065233,858,0.6561614271836127,143.81422424316406,96.4785385131836
0.4810473071398039,ambiguous,3.8630001544952393,0.016459943878008865,0.7474481572190161,-0.006822972219239514,0.019226203474729916,0.02040097669123297,1.1969008445739746,212,0.3002295680213606,210,0.016459943878008865,0.7474481572190161,-0.006822972219239514,0.019226203474729916,0.02040097669123297,858,0.6181356747804472,143.7772216796875,94.95226287841797
0.0,seed,3.373000144958496,0.0,0.0,-0.006557057855213345,0.003886181165463528,0.007622165818677688,0.0,210,0.3002295680213606,210,0.0,0.0,-0.006557057855213345,0.003886181165463528,0.007622165818677688,859,1.0,160.0,96.0
0.29355754448610605,ambiguous,3.372000217437744,0.0023792128665314216,0.8624054205163009,0.006557057855213345,0.003886181165463528,0.007622165818677688,0.5043640732765198,211,0.3002295680213606,210,0.0023792128665314216,0.8624054205163009,0.006557057855213345,0.003886181165463528,0.007622165818677688,859,0.7456063160972909,159.99705505371094,96.90835571289062
0.0,seed,3.3410000801086426,0.0,0.0,0.013736623794903044,0.021839724198035985,0.02580055011678966,0.0,210,0.3002295680213606,210,0.0,0.0,0.013736623794903084,0.02183972419803637,0.025800550116790007,860,1.0,168.0,104.0
1.3116440030033798,ambiguous,3.3940000534057617,0.05156430757710906,0.7262934675854826,-0.013736623794902713,0.021839724198036276,0.025800550116789733,0.5358041524887085,211,0.3002295680213606,210,0.05156430757710906,0.7262934675854826,-0.013736623794902673,0.02183972419803589,0.025800550116789386,860,0.26937683582940636,167.43710327148438,104.81500244140625
0.0,seed,3.874000072479248,0.0,0.0,0.005947326068227824,0.004610496121985627,0.007525115404607873,0.0,210,0.3002295680213606,210,0.0,0.0,0.005947326068227862,0.004610496121986063,0.007525115404608172,861,1.0,184.0,104.0
0.3544956250745755,ambiguous,3.888000249862671,0.012175703735994414,0.5450785957299109,-0.005947326068227862,0.004610496121986063,0.007525115404608172,0.6204636096954346,211,0.3002295680213606,210,0.012175703735994414,0.5450785957299109,-0.005947326068227824,0.004610496121985627,0.007525115404607873,861,0.7015271867138783,183.10427856445312,104.21221160888672
0.0,seed,2.442000150680542,0.0,0.0,0.00013677908128317275,0.003928742222737526,0.003931122482166801,0.0,210,0.3002295680213606,210,0.0,0.0,0.00013677908128317275,0.003928742222737526,0.003931122482166801,862,1.0,208.0,96.0
0.18249434841846662,ambiguous,2.440000057220459,0.0038440848263689986,0.4654214503923558,-0.00013677908128317275,0.003928742222737526,0.003931122482166801,0.7755852341651917,211,0.3002295680213606,210,0.0038440848263689986,0.4654214503923558,-0.00013677908128317275,0.003928742222737526,0.003931122482166801,862,0.8331893527525841,207.10684204101562,96.19474029541016
0.0,seed,2.619000196456909,0.0,0.0,0.001422809721865458,0.006013846995419367,0.006179865952344713,0.0,210,0.3002295680213606,210,0.0,0.0,0.0014228097218654185,0.006013846995419374,0.006179865952344709,863,1.0,216.0,96.0
0.2825337695436366,ambiguous,2.617000102996826,0.004014296932454364,0.7923278782609969,-0.0014228097218650464,0.006013846995419614,0.006179865952344856,0.8507999777793884,211,0.3002295680213606,210,0.004014296932454364,0.7923278782609969,-0.0014228097218650859,0.006013846995419608,0.006179865952344861,863,0.753871183643633,214.7781524658203,96.2113037109375
0.0,seed,3.1000001430511475,0.0,0.0,-0.0033616528346752097,0.00940335202011717,0.009986177396537755,0.0,210,0.3002295680213606,210,0.0,0.0,-0.0033616528346752488,0.009403352020117254,0.009986177396537847,864,1.0,232.0,96.0
0.39738672088987403,ambiguous,3.0880000591278076,0.014459401309675712,0.49517975866223973,0.003361652834675621,0.009403352020117484,0.009986177396538187,0.7230645418167114,211,0.3002295680213606,210,0.014459401309675712,0.49517975866223973,0.003361652834675582,0.009403352020117401,0.009986177396538096,864,0.6720740702882928,231.22091674804688,96.36998748779297
0.0,seed,3.321000099182129,0.0,0.0,-3.1450630049730465e-05,0.0028256644704519793,0.002825839493266592,0.0,210,0.3002295680213606,210,0.0,0.0,-3.1450630049730465e-05,0.0028256644704519793,0.002825839493266592,865,1.0,240.0,96.0
0.1424949462582075,ambiguous,3.327000141143799,0.003299653345054665,0.34856836671025704,3.145063004935815e-05,0.0028256644704518913,0.0028258394932665,0.6384760141372681,211,0.3002295680213606,210,0.003299653345054665,0.34856836671025704,3.145063004935815e-05,0.0028256644704518913,0.0028258394932665,865,0.8671919368453141,239.3995361328125,96.30072021484375
0.0,seed,3.6540002822875977,0.0,0.0,0.008849835899255292,0.006774371114272832,0.011145030257367714,0.0,210,0.3002295680213606,210,0.0,0.0,0.00884983589925533,0.0067743711142732735,0.011145030257368013,866,1.0,160.0,112.0
0.5189699467750887,ambiguous,3.6740002632141113,0.018743903216173585,0.669115101947663,-0.00884983589925533,0.0067743711142732735,0.011145030257368013,0.7495902180671692,211,0.3002295680213606,210,0.018743903216173585,0.669115101947663,-0.008849835899255292,0.006774371114272832,0.011145030257367714,866,0.5951332512822447,159.0024871826172,112.26237487792969
0.0,seed,3.454000234603882,0.0,0.0,0.009543147461090848,0.009029713562689577,0.013138013186488466,0.0,210,0.3002295680213606,210,0.0,0.0,0.009543147461090888,0.009029713562690018,0.013138013186488795,867,1.0,168.0,112.0
0.6429776041342696,ambiguous,3.4790000915527344,0.023622953050052686,0.7627481868127394,-0.009543147461090888,0.009029713562690018,0.013138013186488795,0.512434184551239,211,0.3002295680213606,210,0.023622953050052686,0.7627481868127394,-0.009543147461090848,0.009029713562689577,0.013138013186488466,867,0.52572469114354,166.9384002685547,112.3855972290039
0.0,seed,3.132000207901001,0.0,0.0,0.015790656222236965,0.02737438018191435,0.03160223907056042,0.0,210,0.3002295680213606,210,0.0,0.0,0.015790656222236927,0.027374380181914026,0.031602239070560124,868,1.0,184.0,112.0
1.5630846667950327,ambiguous,3.196000099182129,0.06241322090264134,0.27824633558579204,-0.015790656222236927,0.027374380181914026,0.031602239070560124,0.9225809574127197,211,0.3002295680213606,210,0.06241322090264134,0.27824633558579204,-0.015790656222236965,0.02737438018191435,0.03160223907056042,868,0.20948887015247036,183.68887329101562,112.3532943725586
0.0,seed,2.7120001316070557,0.0,0.0,0.000879829393950789,0.006794508828132152,0.0068512371129618305,0.0,210,0.3002295680213606,210,0.0,0.0,0.000879829393950789,0.006794508828132152,0.0068512371129618305,869,1.0,200.0,112.0
0.31140621539567653,ambiguous,2.7090001106262207,0.004716899700755839,0.8646461997295222,-0.000879829393950789,0.006794508828132152,0.0068512371129618305,0.8201064467430115,211,0.3002295680213606,210,0.004716899700755839,0.8646461997295222,-0.000879829393950789,0.006794508828132152,0.0068512371129618305,869,0.7324162966570492,198.8025360107422,112.37311553955078
0.0,seed,2.8950002193450928,0.0,0.0,0.019730728930989417,0.012835117181616782,0.02353809459608014,0.0,210,0.3002295680213606,210,0.0,0.0,0.019730728930989417,0.012835117181616782,0.02353809459608014,870,1.0,208.0,112.0
1.0103849400269678,ambiguous,2.93500018119812,0.038114934028927294,1.0080629646177215,-0.0020328699514481027,0.030160819170413945,0.030229250292885364,0.48548004031181335,211,0.3002295680213606,210,0.038114934028927294,1.0080629646177215,-0.0020328699514481027,0.030160819170413945,0.030229250292885364,870,0.36407858708113494,206.74037170410156,112.55245208740234
1.7125741222238826,ambiguous,2.934000253677368,0.016297980802615353,4.990195899399593,-0.041799349310770374,0.03858234756314119,0.05688394453874333,1.3763314485549927,213,0.3002295680213606,210,0.016297980802615353,4.990195899399593,-0.041799349310770374,0.03858234756314119,0.05688394453874333,870,0.18039372386516042,207.352783203125,105.517333984375
0.0,seed,3.1030001640319824,0.0,0.0,0.005764395576900011,0.013742425404263132,0.014902433101971002,0.0,210,0.3002295680213606,210,0.0,0.0,0.00576439557690005,0.013742425404263571,0.014902433101971424,871,1.0,216.0,112.0
0.8035782495978199,ambiguous,3.132000207901001,0.026923075801462026,1.3169470260233969,-0.00576439557690005,0.013742425404263571,0.014902433101971424,0.3814138174057007,211,0.3002295680213606,210,0.026923075801462026,1.3169470260233969,-0.005764395576900011,0.013742425404263132,0.014902433101971002,871,0.44772402607897643,214.74533081054688,113.0160903930664
0.0,seed,3.559000253677368,0.0,0.0,-0.0007277640761674292,0.00606139819616755,0.006104931501914092,0.0,210,0.3002295680213606,210,0.0,0.0,-0.0007277640761673095,0.006061398196167718,0.0061049315019142455,872,1.0,232.0,112.0
0.21620725380420278,ambiguous,3.559000253677368,0.00252859866407551,0.6202781645001656,0.0007277640761676816,0.0060613981961679525,0.006104931501914523,0.38665273785591125,211,0.3002295680213606,210,0.00252859866407551,0.6202781645001656,0.0007277640761678013,0.006061398196167784,0.006104931501914369,872,0.8055683274706237,231.19854736328125,112.456298828125
0.0,seed,3.5420000553131104,0.0,0.0,0.005869335376113814,0.006168358472572058,0.00851456070525383,0.0,210,0.3002295680213606,210,0.0,0.0,0.005869335376113854,0.006168358472572194,0.008514560705253955,873,1.0,168.0,120.0
0.32880987176764903,ambiguous,3.5470001697540283,0.0036895261874607677,0.9468223124361572,-0.005869335376114226,0.006168358472571955,0.008514560705254038,0.7281896471977234,211,0.3002295680213606,210,0.0036895261874607677,0.9468223124361572,-0.0058693353761141865,0.00616835847257182,0.008514560705253913,873,0.7197798542096935,166.7240753173828,120.17240905761719
0.0,seed,3.2090001106262207,0.0,0.0,0.003803223663184253,0.007887762521147005,0.008756786386695522,0.0,210,0.3002295680213606,210,0.0,0.0,0.003803223663184292,0.007887762521147448,0.008756786386695938,874,1.0,184.0,120.0
0.44657143055310117,ambiguous,3.2260000705718994,0.015467557623395578,0.670133831663655,-0.003803223663184292,0.007887762521147448,0.008756786386695938,0.942528486251831,211,0.3002295680213606,210,0.015467557623395578,0.670133831663655,-0.003803223663184253,0.007887762521147005,0.008756786386695522,874,0.63981805599531,183.22560119628906,120.59302520751953
0.0,seed,2.8620002269744873,0.0,0.0,0.02724402967272042,0.044511042922981116,0.05218687665399739,0.0,210,0.3002295680213606,210,0.0,0.0,0.02724402967272042,0.044511042922981116,0.05218687665399739,875,1.0,192.0,120.0
1.4292220923807262,ambiguous,2.9200000762939453,0.056417028212631504,0.6930916766218136,-0.003911450021467172,0.0028280084699773087,0.004826704173315259,0.9452486038208008,211,0.3002295680213606,210,0.056417028212631504,0.6930916766218136,-0.003911450021467172,0.0028280084699773087,0.004826704173315259,875,0.23949515490423953,191.03173828125,120.40272521972656
1.3424803343185077,ambiguous,2.9230000972747803,0.05331806279984885,0.47900108631282484,0.0047865743665178,0.00749862254827483,0.008896102196338629,1.3049219846725464,212,0.3002295680213606,210,0.05331806279984885,0.47900108631282484,0.0047865743665178,0.00749862254827483,0.008896102196338629,875,0.21432806082272002,191.23179626464844,119.10587310791016
0.0,seed,3.0850000381469727,0.0,0.0,0.00602863326799033,0.010836155657684777,0.012400269695353145,0.0,210,0.3002295680213606,210,0.0,0.0,0.006028633267990291,0.010836155657684334,0.01240026969535274,876,1.0,208.0,120.0
0.661367843419275,ambiguous,3.1090002059936523,0.022120589270219426,1.088227539136112,-0.006028633267990291,0.010836155657684334,0.01240026969535274,0.352325975894928,211,0.3002295680213606,210,0.022120589270219426,1.088227539136112,-0.00602863326799033,0.010836155657684777,0.012400269695353145,876,0.5161448460879812,206.78367614746094,120.71271514892578
0.0,seed,3.2860002517700195,0.0,0.0,0.009523205253013478,0.023359438696162475,0.025226074099843523,0.0,210,0.3002295680213606,210,0.0,0.0,0.009523205253013518,0.0233594386961629,0.025226074099843933,877,1.0,216.0,120.0
1.3150043966140592,ambiguous,3.3360002040863037,0.04792779476794795,1.6254508810979098,-0.00952320525301389,0.023359438696162933,0.025226074099844103,0.4050258994102478,211,0.3002295680213606,210,0.04792779476794795,1.6254508810979098,-0.00952320525301385,0.023359438696162502,0.025226074099843693,877,0.2684731428638473,214.60723876953125,121.2762680053711
0.0,seed,3.392000198364258,0.0,0.0,0.011082138847251967,0.01413488707169535,0.017961314928460877,0.0,210,0.3002295680213606,210,0.0,0.0,0.011082138847251967,0.01413488707169535,0.017961314928460877,878,1.0,184.0,136.0
0.8682569849915693,ambiguous,3.4220001697540283,0.028582123603504872,1.4797150607113287,-0.011082138847251967,0.01413488707169535,0.017961314928460877,1.2807025909423828,211,0.3002295680213606,210,0.028582123603504872,1.4797150607113287,-0.011082138847251967,0.01413488707169535,0.017961314928460877,878,0.419682424864328,182.3373260498047,136.66453552246094
0.0,seed,3.073000192642212,0.0,0.0,0.004125350116025451,0.008100742728524507,0.0090906845910269,0.0,210,0.3002295680213606,210,0.0,0.0,0.004125350116025412,0.008100742728524572,0.009090684591026939,879,1.0,192.0,136.0
0.38386564755107355,ambiguous,3.070000171661377,0.004495837919634482,1.1011266394949148,-0.004125350116025412,0.008100742728524572,0.009090684591026939,1.1941030025482178,211,0.3002295680213606,210,0.004495837919634482,1.1011266394949148,-0.004125350116025451,0.008100742728524507,0.0090906845910269,879,0.6812229450025136,190.57608032226562,136.05694580078125
0.0,seed,3.5470001697540283,0.0,0.0,0.0029113939170091457,0.007075953099916384,0.007651491803054757,0.0,210,0.3002295680213606,210,0.0,0.0,0.002911393917009106,0.00707595309991682,0.0076514918030551465,880,1.0,208.0,136.0
0.3120223170442398,ambiguous,3.5410001277923584,0.007865177210996777,0.7268102512697179,-0.002911393917008734,0.007075953099916825,0.0076514918030550095,0.8807157278060913,211,0.3002295680213606,210,0.007865177210996777,0.7268102512697179,-0.0029113939170087736,0.007075953099916389,0.00765149180305462,880,0.7319651927464449,207.51443481445312,135.31057739257812
0.0,seed,3.2970001697540283,0.0,0.0,0.0,0.0,0.0,0.0,210,0.3002295680213606,210,0.0,0.0,0.0,0.0,0.0,881,1.0,192.0,144.0
0.7336880005504585,ambiguous,3.2740001678466797,0.02446422450679675,1.2157836609863801,-0.00438238219375781,0.032324101704607144,0.03261982257312188,1.062819242477417,211,0.3002295680213606,210,0.02446422450679675,1.2157836609863801,-0.00438238219375781,0.032324101704607144,0.03261982257312188,881,0.4801349827502425,191.27540588378906,142.90899658203125
1.4442240833326734,ambiguous,3.3630001544952393,0.0569216645883559,0.7393388202733209,-0.03395655410155861,0.045892816126424874,0.05708938726651319,1.2866579294204712,212,0.3002295680213606,210,0.0569216645883559,0.7393388202733209,-0.03395655410155861,0.045892816126424874,0.05708938726651319,881,0.23590898564472804,190.6348419189453,142.48004150390625
