track_id,label,reason,unique_frame_count,q_span_m,q_span_fraction,static_median_residual_m,static_p90_residual_m,static_max_residual_m,E_static_m,drawer_median_residual_m,drawer_p90_residual_m,drawer_max_residual_m,E_drawer_m,observation_confidence
0,unknown,unknown_insufficient_support,1,0.0,0.0,0.0,0.0,0.0,0.0,0.0,0.0,0.0,0.0,1.0
1,unknown,unknown_insufficient_support,1,0.0,0.0,0.0,0.0,0.0,0.0,0.0,0.0,0.0,0.0,1.0
2,unknown,unknown_insufficient_support,1,0.0,0.0,0.0,0.0,0.0,0.0,0.0,0.0,0.0,0.0,1.0
3,unknown,unknown_insufficient_support,1,0.0,0.0,0.0,0.0,0.0,0.0,0.0,0.0,0.0,0.0,1.0
4,unknown,unknown_insufficient_support,1,0.0,0.0,0.0,0.0,0.0,0.0,0.0,0.0,0.0,0.0,1.0
5,unknown,unknown_insufficient_support,1,0.0,0.0,0.0,0.0,0.0,0.0,0.0,0.0,0.0,0.0,1.0
6,unknown,unknown_insufficient_support,2,0.12346363394546822,0.411230761710599,0.10189862944604568,0.10189862944604568,0.10189862944604568,0.10189862944604568,0.05813698245862846,0.058136982458628465,0.058136982458628465,0.058136982458628465,0.5138228688834358
7,unknown,unknown_insufficient_support,1,0.0,0.0,0.0,0.0,0.0,0.0,0.0,0.0,0.0,0.0,1.0
8,unknown,unknown_insufficient_support,1,0.0,0.0,0.0,0.0,0.0,0.0,0.0,0.0,0.0,0.0,1.0
9,static,static_track,4,0.045213219262714155,0.15059549117926102,0.01012693846803632,0.04094653043914505,0.05305413957334237,0.04094653043914505,0.012038398604058288,0.052710650151815384,0.06764491472558233,0.052710650151815384,0.40211165076835387
10,unknown,unknown_low_excitation,5,0.00917081126755237,0.030545996278753897,0.040719683974349975,0.07276408069487345,0.09038378768512981,0.07276408069487345,0.035915915887005184,0.07313130441538458,0.09092517096480775,0.07313130441538458,0.30856244794163634
11,unknown,unknown_low_excitation,4,0.00019289409045231132,0.0006424886520124074,0.03551930357690818,0.056189801811351525,0.05889128931926654,0.056189801811351525,0.03545460855067384,0.05615098479561092,0.05889128931926654,0.05615098479561092,0.38225502073001555
12,unknown,unknown_insufficient_support,1,0.0,0.0,0.0,0.0,0.0,0.0,0.0,0.0,0.0,0.0,1.0
13,static,static_track,4,0.045213219262714155,0.15059549117926102,0.013444053467369491,0.035566979835179036,0.04478040625306622,0.035566979835179036,0.013773059809879275,0.057703545870419024,0.07239528682838589,0.057703545870419024,0.44051787907354767
14,unknown,unknown_insufficient_support,1,0.0,0.0,0.0,0.0,0.0,0.0,0.0,0.0,0.0,0.0,1.0
15,unknown,unknown_insufficient_support,1,0.0,0.0,0.0,0.0,0.0,0.0,0.0,0.0,0.0,0.0,1.0
16,unknown,unknown_insufficient_support,3,0.045213219262714155,0.15059549117926102,0.021292693417491085,0.06903520131353882,0.08097082828755076,0.06903520131353882,0.009506129093020288,0.04612172661992291,0.055275626001648565,0.04612172661992291,0.47429704955936464
17,unknown,unknown_insufficient_support,1,0.0,0.0,0.0,0.0,0.0,0.0,0.0,0.0,0.0,0.0,1.0
18,static,static_track,5,0.045213219262714155,0.15059549117926102,0.015281569930902903,0.04227319683390036,0.047451433665986135,0.04227319683390036,0.009946585281251261,0.049071921304619084,0.06731401415082029,0.049071921304619084,0.42968826060838267
19,static,static_track,5,0.045213219262714155,0.15059549117926102,0.0065935866600307464,0.042967669316162166,0.06314405798390228,0.042967669316162166,0.015253089573037412,0.05430316049441414,0.07531566474884309,0.05430316049441414,0.3852472709403798
20,unknown,unknown_absolute_residual,4,0.07293716335462896,0.24293797521448543,0.0393884574120558,0.0790616286209513,0.08341218889421363,0.0790616286209513,0.046433523239867706,0.1206398883518515,0.13601000106286892,0.1206398883518515,0.3601249692139675
21,unknown,unknown_low_excitation,4,0.00019289409045231132,0.0006424886520124074,0.031710203967724705,0.06674378804016991,0.07388830688781965,0.06674378804016991,0.031646317300496954,0.06670545603983326,0.07388830688781965,0.06670545603983326,0.34012822079999705
22,unknown,unknown_insufficient_support,3,0.00019289409045231132,0.0006424886520124074,0.05316451734555464,0.061423352377812705,0.06348806113587722,0.061423352377812705,0.05316451734555464,0.061313708347504034,0.06335100609799138,0.061313708347504034,0.44086494707343377
23,unknown,unknown_insufficient_support,1,0.0,0.0,0.0,0.0,0.0,0.0,0.0,0.0,0.0,0.0,1.0
24,unknown,unknown_insufficient_support,2,0.0011284266228279716,0.0037585459362473148,0.03301602980037365,0.033016029800373665,0.033016029800373665,0.033016029800373665,0.0324599943847929,0.0324599943847929,0.0324599943847929,0.0324599943847929,0.5883273600473469
25,unknown,unknown_insufficient_support,2,0.0011284266228279716,0.0037585459362473148,0.029025595674680393,0.029025595674680413,0.02902559567468042,0.029025595674680413,0.02846740360125795,0.02846740360125796,0.028467403601257962,0.02846740360125796,0.6496186409520843
26,unknown,unknown_insufficient_support,1,0.0,0.0,0.0,0.0,0.0,0.0,0.0,0.0,0.0,0.0,1.0
27,unknown,unknown_insufficient_support,1,0.0,0.0,0.0,0.0,0.0,0.0,0.0,0.0,0.0,0.0,1.0
28,unknown,unknown_insufficient_support,2,0.00917081126755237,0.030545996278753897,0.030595775491103573,0.03059577549110372,0.030595775491103757,0.03059577549110372,0.0351179371864128,0.035117937186412804,0.035117937186412804,0.035117937186412804,0.6219636384229755
29,unknown,unknown_insufficient_support,2,0.00917081126755237,0.030545996278753897,0.03337559203525648,0.03337559203525648,0.03337559203525648,0.03337559203525648,0.03757714185317517,0.03757714185317525,0.03757714185317527,0.03757714185317525,0.5988545070585287
30,unknown,unknown_insufficient_support,3,0.019908451540738836,0.06631076236742411,0.01537811161041846,0.04912092826486969,0.057556632428482496,0.04912092826486969,0.02116895600973508,0.06304908159052353,0.07351911298572064,0.06304908159052353,0.48286650252692825
31,unknown,unknown_insufficient_support,1,0.0,0.0,0.0,0.0,0.0,0.0,0.0,0.0,0.0,0.0,1.0
32,unknown,unknown_insufficient_support,1,0.0,0.0,0.0,0.0,0.0,0.0,0.0,0.0,0.0,0.0,1.0
33,unknown,unknown_insufficient_support,2,0.045213219262714155,0.15059549117926102,0.03659422964290528,0.036594229642905526,0.03659422964290559,0.036594229642905526,0.056136202135377275,0.0561362021353775,0.05613620213537755,0.0561362021353775,0.5950724879542304
34,unknown,unknown_insufficient_support,3,0.045213219262714155,0.15059549117926102,0.022645330921256705,0.03980264714558312,0.044091976201664725,0.03980264714558312,0.030822690116573393,0.06726829755288291,0.0763796994119603,0.06726829755288291,0.5367023927845543
35,unknown,unknown_absolute_residual,5,0.05919969964910532,0.1971814436507913,0.02834244095200095,0.05636554144378846,0.05715383532895244,0.05636554144378846,0.03262912975620403,0.08643876296538144,0.09046834884738902,0.08643876296538144,0.3719062195212536
36,static,static_track,4,0.045213219262714155,0.15059549117926102,0.01438204353870983,0.034620201616468754,0.039756087458275004,0.034620201616468754,0.0216098643318909,0.05759695329305575,0.06567487358196245,0.05759695329305575,0.5036028524395766
37,unknown,unknown_insufficient_support,2,0.00917081126755237,0.030545996278753897,0.023549693179054698,0.02354969317905484,0.023549693179054875,0.02354969317905484,0.028089143257270903,0.028089143257270906,0.028089143257270906,0.028089143257270906,0.6492287030472691
38,unknown,unknown_insufficient_support,2,0.019908451540738836,0.06631076236742411,0.048713371232833855,0.048713371232833855,0.048713371232833855,0.048713371232833855,0.057940811882540647,0.057940811882540834,0.05794081188254088,0.057940811882540834,0.5524294133903112
39,unknown,unknown_insufficient_support,3,0.019908451540738836,0.06631076236742411,0.02148572542754924,0.04285589090405288,0.04819843227317879,0.04285589090405288,0.029593550343409266,0.05427919792053225,0.06045060981481299,0.05427919792053225,0.4869986640255755
40,unknown,unknown_insufficient_support,3,0.019908451540738836,0.06631076236742411,0.008458093295394205,0.051538319511474896,0.062308376065495066,0.051538319511474896,0.018883039109899503,0.0608341698991276,0.07132195259643462,0.0608341698991276,0.460684579747433
41,unknown,unknown_insufficient_support,2,0.10665393781713517,0.35524128592673127,0.09861706362272274,0.09861706362272277,0.09861706362272277,0.09861706362272277,0.04705036585243045,0.04705036585243059,0.04705036585243062,0.04705036585243059,0.541515920617439
42,unknown,unknown_insufficient_support,3,0.03180521933127545,0.10593633245681047,0.025369490434797755,0.04814199667466112,0.053835123234626955,0.04814199667466112,0.022741675597152677,0.056143707577477026,0.0644942155725581,0.056143707577477026,0.47479917406003214
43,unknown,unknown_insufficient_support,2,0.045213219262714155,0.15059549117926102,0.05099872486953081,0.050998724869530936,0.05099872486953097,0.050998724869530936,0.06957488396447928,0.06957488396447944,0.06957488396447949,0.06957488396447944,0.5300258128158178
44,unknown,unknown_insufficient_support,1,0.0,0.0,0.0,0.0,0.0,0.0,0.0,0.0,0.0,0.0,1.0
45,unknown,unknown_insufficient_support,3,0.045213219262714155,0.15059549117926102,0.021892300218862404,0.0471243112300068,0.0534323139827929,0.0471243112300068,0.03032187814928601,0.0758156407691392,0.08718908142410249,0.0758156407691392,0.5041470295347122
46,static,static_track,4,0.045213219262714155,0.15059549117926102,0.020344216347025296,0.03798022754451054,0.040057538826135476,0.03798022754451054,0.028130200191107214,0.06108009930599625,0.06757841390733153,0.06108009930599625,0.5027386408514749
47,unknown,unknown_absolute_residual,5,0.05919969964910532,0.1971814436507913,0.01059281854978078,0.058248347343331085,0.059547011187997906,0.058248347343331085,0.0216635001566741,0.08876807129658901,0.09451198492554236,0.08876807129658901,0.3627782219130843
48,unknown,unknown_insufficient_support,3,0.019908451540738836,0.06631076236742411,0.009228198796551373,0.04906395789075885,0.05902289766431071,0.04906395789075885,0.015251090798527182,0.062206474094976066,0.07394531991908829,0.062206474094976066,0.473436902535735
49,unknown,unknown_insufficient_support,3,0.08973465676920167,0.2988868063881612,0.08078883950747662,0.08202575583867935,0.08233498492148003,0.08202575583867935,0.03199194871419057,0.056570535707502506,0.06271518245583049,0.056570535707502506,0.4897824865057672
50,unknown,unknown_absolute_residual,4,0.10665393781713517,0.35524128592673127,0.057582912062475865,0.10572337542865866,0.12056805544746611,0.10572337542865866,0.04447703088563979,0.05242850082820382,0.05300651937429898,0.05242850082820382,0.40132436539906063
51,unknown,unknown_insufficient_support,1,0.0,0.0,0.0,0.0,0.0,0.0,0.0,0.0,0.0,0.0,1.0
52,unknown,unknown_insufficient_support,1,0.0,0.0,0.0,0.0,0.0,0.0,0.0,0.0,0.0,0.0,1.0
53,unknown,unknown_insufficient_support,3,0.045213219262714155,0.15059549117926102,0.01811106232314586,0.05064401679732397,0.05877725541586849,0.05064401679732397,0.02491641057488951,0.07876365068581712,0.092225460713549,0.07876365068581712,0.4873320850610619
54,static,static_track,4,0.045213219262714155,0.15059549117926102,0.014892555440009291,0.035692749022184216,0.04166799617614112,0.035692749022184216,0.023332605738591156,0.05857924417593581,0.06865089057122743,0.05857924417593581,0.514691104106464
55,unknown,unknown_absolute_residual,5,0.05919969964910532,0.1971814436507913,0.03380788316170693,0.05787113060248222,0.07028588453142848,0.05787113060248222,0.037563637241218126,0.08888631436092344,0.10589572049260673,0.08888631436092344,0.3258161692254826
56,unknown,unknown_insufficient_support,2,0.019908451540738836,0.06631076236742411,0.03142613823851407,0.0314261382385142,0.031426138238514235,0.0314261382385142,0.04132114247114784,0.041321142471147855,0.04132114247114786,0.041321142471147855,0.6053041894967753
57,unknown,unknown_insufficient_support,1,0.0,0.0,0.0,0.0,0.0,0.0,0.0,0.0,0.0,0.0,1.0
58,unknown,unknown_insufficient_support,1,0.0,0.0,0.0,0.0,0.0,0.0,0.0,0.0,0.0,0.0,1.0
59,unknown,unknown_insufficient_support,1,0.0,0.0,0.0,0.0,0.0,0.0,0.0,0.0,0.0,0.0,1.0
60,unknown,unknown_insufficient_support,1,0.0,0.0,0.0,0.0,0.0,0.0,0.0,0.0,0.0,0.0,1.0
61,unknown,unknown_insufficient_support,1,0.0,0.0,0.0,0.0,0.0,0.0,0.0,0.0,0.0,0.0,1.0
62,unknown,unknown_insufficient_support,3,0.045213219262714155,0.15059549117926102,0.01134780820018344,0.051760596806983174,0.061863793958683105,0.051760596806983174,0.01863074421044438,0.07790132705769551,0.09271897276950829,0.07790132705769551,0.4720142477285741
63,unknown,unknown_insufficient_support,3,0.045213219262714155,0.15059549117926102,0.011552778495107087,0.056700548873494315,0.06798749146809112,0.056700548873494315,0.018726114076105478,0.08347817207364838,0.09966618657303411,0.08347817207364838,0.4503147237275946
64,unknown,unknown_insufficient_support,1,0.0,0.0,0.0,0.0,0.0,0.0,0.0,0.0,0.0,0.0,1.0
65,unknown,unknown_insufficient_support,2,0.3002295680213606,1.0,0.20853704802207595,0.20853704802207607,0.2085370480220761,0.20853704802207607,0.06295143765417052,0.06295143765417065,0.06295143765417067,0.06295143765417065,0.5208951488432615
66,unknown,unknown_insufficient_support,1,0.0,0.0,0.0,0.0,0.0,0.0,0.0,0.0,0.0,0.0,1.0
67,unknown,unknown_insufficient_support,1,0.0,0.0,0.0,0.0,0.0,0.0,0.0,0.0,0.0,0.0,1.0
68,unknown,unknown_insufficient_support,2,0.045213219262714155,0.15059549117926102,0.0416683080531229,0.04166830805312299,0.041668308053123014,0.04166830805312299,0.05990962410789634,0.05990962410789646,0.059909624107896485,0.05990962410789646,0.5834026013981857
69,unknown,unknown_insufficient_support,1,0.0,0.0,0.0,0.0,0.0,0.0,0.0,0.0,0.0,0.0,1.0
70,unknown,unknown_insufficient_support,1,0.0,0.0,0.0,0.0,0.0,0.0,0.0,0.0,0.0,0.0,1.0
71,unknown,unknown_insufficient_support,2,0.03180521933127545,0.10593633245681047,0.055821979882549846,0.0558219798825499,0.055821979882549916,0.0558219798825499,0.0517271712940434,0.05172717129404347,0.051727171294043486,0.05172717129404347,0.5574064847764905
72,unknown,unknown_insufficient_support,1,0.0,0.0,0.0,0.0,0.0,0.0,0.0,0.0,0.0,0.0,1.0
73,unknown,unknown_insufficient_support,1,0.0,0.0,0.0,0.0,0.0,0.0,0.0,0.0,0.0,0.0,1.0
74,unknown,unknown_insufficient_support,1,0.0,0.0,0.0,0.0,0.0,0.0,0.0,0.0,0.0,0.0,1.0
75,unknown,unknown_insufficient_support,3,0.00019289409045231132,0.0006424886520124074,0.035724493538591154,0.04493705099287371,0.047240190356444355,0.04493705099287371,0.035724493538591154,0.044858930191205466,0.047142539354359046,0.044858930191205466,0.5433036022117558
76,unknown,unknown_insufficient_support,2,0.0,0.0,0.015027172850217967,0.015027172850217967,0.015027172850217967,0.015027172850217967,0.015027172850217967,0.015027172850217967,0.015027172850217967,0.015027172850217967,0.7640740717548065
77,unknown,unknown_insufficient_support,3,0.12346363394546822,0.411230761710599,0.0832002476416908,0.13902672297421093,0.15298334180734097,0.13902672297421093,0.02594794295900435,0.09106766888542897,0.10734760036703513,0.09106766888542897,0.4839232979288008
78,unknown,unknown_insufficient_support,2,0.03180521933127545,0.10593633245681047,0.06387340636821973,0.06387340636821973,0.06387340636821973,0.06387340636821973,0.06168038782699183,0.06168038782699183,0.06168038782699183,0.06168038782699183,0.5180422884274171
79,unknown,unknown_insufficient_support,1,0.0,0.0,0.0,0.0,0.0,0.0,0.0,0.0,0.0,0.0,1.0
80,unknown,unknown_low_excitation,4,0.0,0.0,0.02846654518224423,0.041869280352351754,0.04710498133530191,0.041869280352351754,0.02846654518224423,0.041869280352351754,0.04710498133530191,0.041869280352351754,0.4889879497540946
81,unknown,unknown_insufficient_support,3,0.0,0.0,0.024736964096735495,0.03168000032132561,0.03341575937747314,0.03168000032132561,0.024736964096735495,0.03168000032132561,0.03341575937747314,0.03168000032132561,0.5990417615204318
82,static,static_track,4,0.045213219262714155,0.15059549117926102,0.0456720061812277,0.04989453748340407,0.0501460449033193,0.04989453748340407,0.0456720061812277,0.08073391738649924,0.09420230190774097,0.08073391738649924,0.4068585217112547
83,unknown,unknown_insufficient_support,1,0.0,0.0,0.0,0.0,0.0,0.0,0.0,0.0,0.0,0.0,1.0
84,unknown,unknown_insufficient_support,1,0.0,0.0,0.0,0.0,0.0,0.0,0.0,0.0,0.0,0.0,1.0
85,unknown,unknown_insufficient_support,1,0.0,0.0,0.0,0.0,0.0,0.0,0.0,0.0,0.0,0.0,1.0
86,unknown,unknown_insufficient_support,2,0.00917081126755237,0.030545996278753897,0.015362622081821252,0.01536262208182148,0.015362622081821537,0.01536262208182148,0.011155351086818182,0.0111553510868182,0.011155351086818205,0.0111553510868182,0.8161747636127521
87,moving,moving_track,6,0.045213219262714155,0.15059549117926102,0.019692372407191697,0.04641248624027704,0.057415732634794346,0.04641248624027704,0.014272980539443859,0.03138105799509634,0.037512121575928925,0.03138105799509634,0.5835579237400981
88,moving,moving_track,4,0.045213219262714155,0.15059549117926102,0.032155542729139945,0.04145562576483651,0.04316056881924538,0.04145562576483651,0.020764155705864554,0.023022381954144352,0.023084667516877367,0.023022381954144352,0.6727771775184195
89,unknown,unknown_insufficient_support,3,0.019908451540738836,0.06631076236742411,0.02782696330740917,0.03309637792631667,0.03441373158104355,0.03309637792631667,0.017918890524859694,0.032516362728252195,0.03616573077910032,0.032516362728252195,0.7425641582604839
90,moving,moving_track,4,0.045213219262714155,0.15059549117926102,0.028674184734397763,0.04256921763984817,0.04512112521449562,0.04256921763984817,0.016824953512255596,0.030206512916207434,0.033053183596819254,0.030206512916207434,0.5314848693498616
91,moving,moving_track,5,0.045213219262714155,0.15059549117926102,0.022138478010794344,0.06124886972891484,0.07091244866784287,0.06124886972891484,0.009810843205465918,0.041451120426564486,0.04719189921765691,0.041451120426564486,0.5339636830285989
92,unknown,unknown_absolute_residual,7,0.08973465676920167,0.2988868063881612,0.04502733086765814,0.08357413809150517,0.08724446984098731,0.08357413809150517,0.026454462346960066,0.08722184525567564,0.10054250802575675,0.08722184525567564,0.41747782811585393
93,unknown,unknown_low_excitation,4,0.03180521933127545,0.10593633245681047,0.017542512121864078,0.03010051506797428,0.03254269432050206,0.03010051506797428,0.009591642311924293,0.016791123964712835,0.0189216484817247,0.016791123964712835,0.6732930333125366
94,unknown,unknown_insufficient_support,3,0.019908451540738836,0.06631076236742411,0.01113316895750881,0.028417998255391264,0.032739205579861874,0.028417998255391264,0.016051012778925955,0.01888258382205664,0.01959047658283931,0.01888258382205664,0.7959908683042672
95,unknown,unknown_insufficient_support,2,0.00917081126755237,0.030545996278753897,0.013290060580907577,0.013290060580907592,0.013290060580907596,0.013290060580907592,0.01511958710288313,0.015119587102883277,0.015119587102883313,0.015119587102883277,0.7803291033508443
96,unknown,unknown_insufficient_support,2,0.00917081126755237,0.030545996278753897,0.013613482289009625,0.013613482289009625,0.013613482289009625,0.013613482289009625,0.016473088910209807,0.01647308891020997,0.016473088910210012,0.01647308891020997,0.7962952730863471
97,unknown,unknown_insufficient_support,1,0.0,0.0,0.0,0.0,0.0,0.0,0.0,0.0,0.0,0.0,1.0
98,unknown,unknown_ambiguous_track,7,0.045213219262714155,0.15059549117926102,0.03556923340272026,0.046597816606797196,0.0492106739021199,0.046597816606797196,0.037291712052219914,0.04841207105437816,0.05580714412840312,0.04841207105437816,0.43680831466203773
99,static,static_track,7,0.045213219262714155,0.15059549117926102,0.02476561349378798,0.03553297696759808,0.038883224365253016,0.03553297696759808,0.02464922660948037,0.04113395097182753,0.04205442078829721,0.04113395097182753,0.4987317948935814
100,moving,moving_track,8,0.05919969964910532,0.1971814436507913,0.025481469726096523,0.05644408929641958,0.06655373860623946,0.05644408929641958,0.021725024683902618,0.04945430272437583,0.07857955491180213,0.04945430272437583,0.4339675495252804
101,moving,moving_track,5,0.045213219262714155,0.15059549117926102,0.022308757450487826,0.032065476686300276,0.03276992692163982,0.032065476686300276,0.013886331783931241,0.023436781410957067,0.023610265724105624,0.023436781410957067,0.604161815619044
102,moving,moving_track,5,0.045213219262714155,0.15059549117926102,0.020614019492402012,0.03600795319442622,0.04213156432016267,0.03600795319442622,0.005492713935604832,0.01917510292487283,0.023418458102132375,0.01917510292487283,0.6690275934319333
103,unknown,unknown_absolute_residual,5,0.05919969964910532,0.1971814436507913,0.02574920610141228,0.05291544063632349,0.06416191055930873,0.05291544063632349,0.01029955467647923,0.07317088564542856,0.10909583305707794,0.07317088564542856,0.6514221717139962
104,unknown,unknown_low_excitation,5,0.03180521933127545,0.10593633245681047,0.018502081785639835,0.02526578434574247,0.028580161154236897,0.02526578434574247,0.012186774812635186,0.03143107397214391,0.04062207010550345,0.03143107397214391,0.6290350756405905
105,unknown,unknown_insufficient_support,2,0.00917081126755237,0.030545996278753897,0.009675688192753811,0.009675688192753822,0.009675688192753823,0.009675688192753822,0.010806225188095722,0.010806225188095878,0.010806225188095918,0.010806225188095878,0.8180879802332035
106,unknown,unknown_insufficient_support,1,0.0,0.0,0.0,0.0,0.0,0.0,0.0,0.0,0.0,0.0,1.0
107,unknown,unknown_insufficient_support,1,0.0,0.0,0.0,0.0,0.0,0.0,0.0,0.0,0.0,0.0,1.0
108,unknown,unknown_insufficient_support,1,0.0,0.0,0.0,0.0,0.0,0.0,0.0,0.0,0.0,0.0,1.0
109,unknown,unknown_insufficient_support,1,0.0,0.0,0.0,0.0,0.0,0.0,0.0,0.0,0.0,0.0,1.0
110,unknown,unknown_insufficient_support,1,0.0,0.0,0.0,0.0,0.0,0.0,0.0,0.0,0.0,0.0,1.0
111,unknown,unknown_low_excitation,4,0.00917081126755237,0.030545996278753897,0.027826248951211552,0.03629890906041896,0.03960915540520964,0.03629890906041896,0.025402681471179984,0.03669586489524344,0.04153310733731594,0.03669586489524344,0.5724646272257121
112,unknown,unknown_low_excitation,4,0.00917081126755237,0.030545996278753897,0.021968286362165686,0.03375508967091978,0.03873199196525368,0.03375508967091978,0.019446296792617397,0.03453772456536688,0.04081870473142347,0.03453772456536688,0.601516486229235
113,unknown,unknown_insufficient_support,3,0.00917081126755237,0.030545996278753897,0.006869760593774066,0.025040715583538826,0.029583454330980013,0.025040715583538826,0.014050053122222426,0.01948512081173756,0.020843887734116346,0.01948512081173756,0.7471461501996267
114,unknown,unknown_insufficient_support,3,0.00917081126755237,0.030545996278753897,0.015536636396325854,0.019612791161395502,0.020631829852662913,0.019612791161395502,0.012178803851757443,0.014229056617387723,0.014741619808795292,0.014229056617387723,0.7842619818966897
115,unknown,unknown_insufficient_support,3,0.00917081126755237,0.030545996278753897,0.014726257929465802,0.014835026042755835,0.014862218071078343,0.014835026042755835,0.007097200123727994,0.013214111364198332,0.014743339174315917,0.013214111364198332,0.8025241240422775
116,unknown,unknown_insufficient_support,1,0.0,0.0,0.0,0.0,0.0,0.0,0.0,0.0,0.0,0.0,1.0
117,unknown,unknown_insufficient_support,2,0.045213219262714155,0.15059549117926102,0.05581968782048692,0.05581968782048694,0.05581968782048694,0.05581968782048694,0.07835203871506048,0.07835203871506048,0.07835203871506048,0.07835203871506048,0.5392369994989682
118,unknown,unknown_insufficient_support,2,0.045213219262714155,0.15059549117926102,0.06413148695166714,0.06413148695166715,0.06413148695166715,0.06413148695166715,0.08652340946865113,0.08652340946865113,0.08652340946865113,0.08652340946865113,0.5285704310160807
119,unknown,unknown_insufficient_support,2,0.045213219262714155,0.15059549117926102,0.057883960128933216,0.05788396012893323,0.05788396012893323,0.05788396012893323,0.08042865593860539,0.0804286559386054,0.0804286559386054,0.0804286559386054,0.5345017854244029
120,unknown,unknown_insufficient_support,1,0.0,0.0,0.0,0.0,0.0,0.0,0.0,0.0,0.0,0.0,1.0
121,unknown,unknown_insufficient_support,2,0.045213219262714155,0.15059549117926102,0.06332960921517106,0.06332960921517122,0.06332960921517126,0.06332960921517122,0.08538556421668117,0.08538556421668131,0.08538556421668134,0.08538556421668131,0.5290043969794143
122,unknown,unknown_insufficient_support,1,0.0,0.0,0.0,0.0,0.0,0.0,0.0,0.0,0.0,0.0,1.0
123,moving,moving_track,5,0.045213219262714155,0.15059549117926102,0.028458669626756493,0.04268383309229651,0.049940019050038725,0.04268383309229651,0.013527363217227884,0.01961028511593539,0.021518485107748172,0.01961028511593539,0.7333969746534305
124,unknown,unknown_insufficient_support,3,0.0011284266228279716,0.0037585459362473148,0.029741751535887647,0.040100644201127335,0.042690367367437254,0.040100644201127335,0.028618745919896497,0.03994231803830072,0.04277321106790177,0.03994231803830072,0.5899815712022359
125,unknown,unknown_insufficient_support,3,0.00917081126755237,0.030545996278753897,0.01920956846302083,0.020079307116020247,0.0202967417792701,0.020079307116020247,0.011503615339158557,0.018001535745880422,0.01962601584756089,0.018001535745880422,0.7883918255751073
126,unknown,unknown_insufficient_support,2,0.00019289409045231132,0.0006424886520124074,0.0076559877214686595,0.0076559877214686925,0.007655987721468701,0.0076559877214686925,0.007631067154677705,0.007631067154677874,0.007631067154677916,0.007631067154677874,0.8266444696496658
127,unknown,unknown_insufficient_support,2,0.00019289409045231132,0.0006424886520124074,0.011857387966375057,0.011857387966375064,0.011857387966375066,0.011857387966375064,0.011765432071346962,0.011765432071347098,0.01176543207134713,0.011765432071347098,0.8134672687392148
128,static,static_track,4,0.07293716335462896,0.24293797521448543,0.014576838618884154,0.047758217035109726,0.05802555511223576,0.047758217035109726,0.012652375587292446,0.08545293018924019,0.11473990841896216,0.08545293018924019,0.6310591014828003
129,unknown,unknown_absolute_residual,4,0.05919969964910532,0.1971814436507913,0.0523422668728685,0.06274346133326622,0.06646002350286029,0.06274346133326622,0.08073207967696153,0.08949445800191375,0.08983935598530648,0.08949445800191375,0.44574468006764084
130,unknown,unknown_insufficient_support,2,0.045213219262714155,0.15059549117926102,0.054979450631483164,0.054979450631483164,0.054979450631483164,0.054979450631483164,0.07754859262085013,0.07754859262085015,0.07754859262085015,0.07754859262085015,0.5353099067518177
131,unknown,unknown_insufficient_support,2,0.045213219262714155,0.15059549117926102,0.05691311985378732,0.05691311985378732,0.05691311985378732,0.05691311985378732,0.07931923766328572,0.07931923766328573,0.07931923766328573,0.07931923766328573,0.5337807984516907
132,unknown,unknown_insufficient_support,2,0.03180521933127545,0.10593633245681047,0.01746928441944013,0.017469284419440186,0.0174692844194402,0.017469284419440186,0.013660645476396395,0.013660645476396395,0.013660645476396395,0.013660645476396395,0.619892491318666
133,moving,moving_track,4,0.045213219262714155,0.15059549117926102,0.026604482978785815,0.04254410767813685,0.04465779006184346,0.04254410767813685,0.0163232423952973,0.0216810464857635,0.021691665598856304,0.0216810464857635,0.664558713241536
134,unknown,unknown_low_excitation,4,0.03180521933127545,0.10593633245681047,0.016697826629884942,0.03878930732786125,0.0481949167432464,0.03878930732786125,0.010579476841958707,0.02691755676474067,0.031113469282112557,0.02691755676474067,0.7550503557088504
135,unknown,unknown_insufficient_support,1,0.0,0.0,0.0,0.0,0.0,0.0,0.0,0.0,0.0,0.0,1.0
136,unknown,unknown_insufficient_support,1,0.0,0.0,0.0,0.0,0.0,0.0,0.0,0.0,0.0,0.0,1.0
137,unknown,unknown_insufficient_support,1,0.0,0.0,0.0,0.0,0.0,0.0,0.0,0.0,0.0,0.0,1.0
138,unknown,unknown_insufficient_support,3,0.00917081126755237,0.030545996278753897,0.016401305573323643,0.02459215027188732,0.02663986144652824,0.02459215027188732,0.016418386818173758,0.019252139447426424,0.01996057760473959,0.019252139447426424,0.744091728024349
139,unknown,unknown_insufficient_support,2,0.00019289409045231132,0.0006424886520124074,0.008638122204875982,0.008638122204876033,0.008638122204876045,0.008638122204876033,0.008605783614815777,0.008605783614815937,0.008605783614815976,0.008605783614815937,0.8246839959873651
140,unknown,unknown_insufficient_support,2,0.00019289409045231132,0.0006424886520124074,0.011813629397603793,0.011813629397603793,0.011813629397603793,0.011813629397603793,0.011719285081969882,0.01171928508197004,0.01171928508197008,0.01171928508197004,0.8099876046099843
141,unknown,unknown_insufficient_support,2,0.00019289409045231132,0.0006424886520124074,0.009906091719193655,0.009906091719193658,0.009906091719193658,0.009906091719193658,0.00981483974079466,0.009814839740794803,0.00981483974079484,0.009814839740794803,0.828310856702837
142,unknown,unknown_insufficient_support,3,0.05919969964910532,0.1971814436507913,0.019526154114964528,0.08740402716358744,0.10437349542574317,0.08740402716358744,0.01933714304946683,0.13331776499131212,0.16181292047677343,0.13331776499131212,0.5831026034336823
143,unknown,unknown_insufficient_support,1,0.0,0.0,0.0,0.0,0.0,0.0,0.0,0.0,0.0,0.0,1.0
144,unknown,unknown_insufficient_support,3,0.03180521933127545,0.10593633245681047,0.03347049018793972,0.03821479656996539,0.039400873165471806,0.03821479656996539,0.012563135932263004,0.02576043186396321,0.02905975584688826,0.02576043186396321,0.6933248924983678
145,unknown,unknown_insufficient_support,2,0.019908451540738836,0.06631076236742411,0.015431642285274695,0.015431642285274702,0.015431642285274704,0.015431642285274702,0.006351558606912628,0.006351558606912801,0.006351558606912844,0.006351558606912801,0.8854356201035087
146,unknown,unknown_insufficient_support,3,0.03180521933127545,0.10593633245681047,0.03180767889620282,0.0333026254085804,0.033676362036674796,0.0333026254085804,0.013519602977567912,0.0214374470767585,0.02341690810155615,0.0214374470767585,0.7417749577865997
147,unknown,unknown_insufficient_support,3,0.10665393781713517,0.35524128592673127,0.07343476261709099,0.1547352229825963,0.17506033807397262,0.1547352229825963,0.04696968577274959,0.08867526780754706,0.09910166331624642,0.08867526780754706,0.49147409609632287
148,unknown,unknown_insufficient_support,3,0.00917081126755237,0.030545996278753897,0.019382003983397737,0.02177913390957309,0.02237841639111693,0.02177913390957309,0.011511893379015849,0.020218776784576804,0.022395497635967043,0.020218776784576804,0.752946119945928
149,unknown,unknown_insufficient_support,2,0.00019289409045231132,0.0006424886520124074,0.008332960299759995,0.008332960299760125,0.008332960299760158,0.008332960299760125,0.008318473790547577,0.008318473790547577,0.008318473790547577,0.008318473790547577,0.8364232260516309
150,unknown,unknown_insufficient_support,3,0.00917081126755237,0.030545996278753897,0.004712624051605386,0.0174910696772428,0.020685681083652156,0.0174910696772428,0.007441809963702281,0.020982353365402467,0.02436748921582751,0.020982353365402467,0.8260454690346272
151,unknown,unknown_insufficient_support,2,0.00019289409045231132,0.0006424886520124074,0.00838298727267016,0.00838298727267016,0.00838298727267016,0.00838298727267016,0.008345258848634154,0.008345258848634357,0.008345258848634407,0.008345258848634357,0.8250428574296782
152,unknown,unknown_insufficient_support,3,0.045213219262714155,0.15059549117926102,0.009012450216456802,0.07874818862393618,0.09618212322580601,0.07874818862393618,0.009029531461306917,0.11483388540624051,0.1412849738924739,0.11483388540624051,0.6205203653492841
153,unknown,unknown_insufficient_support,1,0.0,0.0,0.0,0.0,0.0,0.0,0.0,0.0,0.0,0.0,1.0
154,unknown,unknown_insufficient_support,2,0.019908451540738836,0.06631076236742411,0.019380344801179276,0.019380344801179453,0.0193803448011795,0.019380344801179453,0.01017289010803282,0.010172890108032833,0.010172890108032837,0.010172890108032833,0.8152464078449692
155,unknown,unknown_insufficient_support,2,0.019908451540738836,0.06631076236742411,0.02247860536632665,0.02247860536632684,0.022478605366326884,0.02247860536632684,0.013793643697654229,0.013793643697654229,0.013793643697654229,0.013793643697654229,0.7741356790475789
156,unknown,unknown_low_excitation,4,0.03180521933127545,0.10593633245681047,0.023130428447312397,0.03696689174493171,0.0410080175165162,0.03696689174493171,0.016042956401328974,0.022261848739957214,0.023946149695986126,0.022261848739957214,0.6717168476797334
157,unknown,unknown_absolute_residual,5,0.10665393781713517,0.35524128592673127,0.037280351774009624,0.13031862278044343,0.17455427577921395,0.13031862278044343,0.024716918281082325,0.07916864745899699,0.109358014624617,0.07916864745899699,0.47295779010053157
158,unknown,unknown_insufficient_support,2,0.00019289409045231132,0.0006424886520124074,0.016011039628817586,0.016011039628817777,0.016011039628817825,0.016011039628817777,0.015916052177973785,0.0159160521779738,0.015916052177973802,0.0159160521779738,0.7777598932849015
159,unknown,unknown_insufficient_support,2,0.00019289409045231132,0.0006424886520124074,0.01689047705763441,0.016890477057634596,0.016890477057634645,0.016890477057634596,0.016794477751871692,0.016794477751871706,0.01679447775187171,0.016794477751871706,0.7614283846863662
160,unknown,unknown_insufficient_support,2,0.00019289409045231132,0.0006424886520124074,0.012044397778905501,0.012044397778905518,0.012044397778905522,0.012044397778905518,0.01195035422161702,0.011950354221617178,0.011950354221617217,0.011950354221617178,0.8029406798551204
161,unknown,unknown_insufficient_support,2,0.00019289409045231132,0.0006424886520124074,0.006982241641987236,0.006982241641987387,0.006982241641987424,0.006982241641987387,0.006945949984545652,0.006945949984545693,0.0069459499845457035,0.006945949984545693,0.8492708362223387
162,unknown,unknown_insufficient_support,2,0.05919969964910532,0.1971814436507913,0.055210101617925667,0.055210101617925667,0.055210101617925667,0.055210101617925667,0.05322537076806755,0.05322537076806776,0.05322537076806782,0.05322537076806776,0.5269545544230853
163,unknown,unknown_insufficient_support,1,0.0,0.0,0.0,0.0,0.0,0.0,0.0,0.0,0.0,0.0,1.0
164,moving,moving_track,4,0.05919969964910532,0.1971814436507913,0.03816241943556363,0.07132213807983225,0.07758438905932938,0.07132213807983225,0.02440611150643529,0.04459984801938331,0.049606085869523864,0.04459984801938331,0.5490209382505183
165,unknown,unknown_absolute_residual,5,0.10665393781713517,0.35524128592673127,0.05420000559854155,0.12951509578494938,0.17176685486989599,0.12951509578494938,0.02326902919257931,0.07759327305183555,0.0996006582860986,0.07759327305183555,0.5383042176490117
166,unknown,unknown_insufficient_support,1,0.0,0.0,0.0,0.0,0.0,0.0,0.0,0.0,0.0,0.0,1.0
167,unknown,unknown_insufficient_support,2,0.00019289409045231132,0.0006424886520124074,0.015242025842116997,0.015242025842117155,0.015242025842117195,0.015242025842117155,0.015145661242244165,0.015145661242244165,0.015145661242244165,0.015145661242244165,0.7832631309257916
168,unknown,unknown_insufficient_support,2,0.00019289409045231132,0.0006424886520124074,0.015205641749078264,0.015205641749078423,0.015205641749078463,0.015205641749078423,0.015113004100166489,0.015113004100166541,0.015113004100166553,0.015113004100166541,0.7591813349258016
169,unknown,unknown_insufficient_support,2,0.00019289409045231132,0.0006424886520124074,0.007713289703171522,0.007713289703171522,0.007713289703171522,0.007713289703171522,0.007624667387123965,0.007624667387124143,0.0076246673871241885,0.007624667387124143,0.8576875819699412
170,unknown,unknown_insufficient_support,2,0.10665393781713517,0.35524128592673127,0.11662556454109596,0.11662556454109597,0.11662556454109597,0.11662556454109597,0.06661274865103603,0.0666127486510361,0.06661274865103611,0.0666127486510361,0.5239557166542376
171,unknown,unknown_insufficient_support,3,0.03180521933127545,0.10593633245681047,0.03005852693157754,0.03943762074655404,0.04178239420029817,0.03943762074655404,0.013348156680607648,0.028158315515134612,0.03186085522376635,0.028158315515134612,0.6913350964620847
172,unknown,unknown_insufficient_support,3,0.03180521933127545,0.10593633245681047,0.027121433153432406,0.03841182130969363,0.04123441834875894,0.03841182130969363,0.018092624411083908,0.021838131549525377,0.022774508334135746,0.021838131549525377,0.6495470538421871
173,unknown,unknown_insufficient_support,1,0.0,0.0,0.0,0.0,0.0,0.0,0.0,0.0,0.0,0.0,1.0
174,moving,moving_track,4,0.045213219262714155,0.15059549117926102,0.028636646944374445,0.042862435636986135,0.046726569500883275,0.042862435636986135,0.017233756187974014,0.026453722268808464,0.02975048357185362,0.026453722268808464,0.5631981879444657
175,unknown,unknown_insufficient_support,3,0.0011284266228279716,0.0037585459362473148,0.02424383635783567,0.05176346443786784,0.05864337145787588,0.05176346443786784,0.0240821435328038,0.0518627344859978,0.058807882224296296,0.0518627344859978,0.6037349773087395
176,unknown,unknown_insufficient_support,2,0.00019289409045231132,0.0006424886520124074,0.00921874445769708,0.00921874445769708,0.00921874445769708,0.00921874445769708,0.009133899151434238,0.009133899151434382,0.009133899151434418,0.009133899151434382,0.8371922179142768
177,unknown,unknown_insufficient_support,2,0.00019289409045231132,0.0006424886520124074,0.01422471376893597,0.014224713768936102,0.014224713768936135,0.014224713768936102,0.014184388391185708,0.01418438839118577,0.014184388391185786,0.01418438839118577,0.7555900577391301
178,unknown,unknown_insufficient_support,2,0.00019289409045231132,0.0006424886520124074,0.011173341435447745,0.011173341435447796,0.011173341435447808,0.011173341435447796,0.011150839308049006,0.011150839308049127,0.011150839308049157,0.011150839308049127,0.8057433774459682
179,unknown,unknown_insufficient_support,1,0.0,0.0,0.0,0.0,0.0,0.0,0.0,0.0,0.0,0.0,1.0
180,unknown,unknown_insufficient_support,1,0.0,0.0,0.0,0.0,0.0,0.0,0.0,0.0,0.0,0.0,1.0
181,unknown,unknown_insufficient_support,3,0.0011284266228279716,0.0037585459362473148,0.028059524907315645,0.03446476702889633,0.036066077559291504,0.03446476702889633,0.02715808731696458,0.03429169251574286,0.03607509381543743,0.03429169251574286,0.6628256003509362
182,unknown,unknown_insufficient_support,3,0.0011284266228279716,0.0037585459362473148,0.020127774584796032,0.021463703696827492,0.021797685974835355,0.021463703696827492,0.01969867368595634,0.021266040546523812,0.021657882261665682,0.021266040546523812,0.7039702528474795
183,unknown,unknown_insufficient_support,2,0.00019289409045231132,0.0006424886520124074,0.008541959925657271,0.008541959925657344,0.008541959925657362,0.008541959925657344,0.008508138161951062,0.008508138161951062,0.008508138161951062,0.008508138161951062,0.8491684106866184
184,unknown,unknown_insufficient_support,2,0.00019289409045231132,0.0006424886520124074,0.010779115828036678,0.010779115828036687,0.010779115828036688,0.010779115828036687,0.010754655406355135,0.010754655406355281,0.010754655406355318,0.010754655406355281,0.8113545875178698
185,unknown,unknown_insufficient_support,2,0.00019289409045231132,0.0006424886520124074,0.010916612068413989,0.010916612068414168,0.010916612068414211,0.010916612068414168,0.010897635886222655,0.010897635886222655,0.010897635886222655,0.010897635886222655,0.8065124840077956
186,unknown,unknown_insufficient_support,1,0.0,0.0,0.0,0.0,0.0,0.0,0.0,0.0,0.0,0.0,1.0
187,unknown,unknown_low_excitation,4,0.036042407995161785,0.12004949490050713,0.01230756595473,0.03536515987652628,0.04309724575580162,0.03536515987652628,0.009646228976634409,0.020208604238232866,0.023343933138343115,0.020208604238232866,0.6891295785068863
188,unknown,unknown_insufficient_support,3,0.036042407995161785,0.12004949490050713,0.015562141049328737,0.04482809985279164,0.05214458955365736,0.04482809985279164,0.006165566192956322,0.031825228580811354,0.03824014417777511,0.031825228580811354,0.6452873314201921
189,unknown,unknown_insufficient_support,2,0.022634408063723077,0.07539033617805657,0.027557766727132945,0.0275577667271333,0.02755776672713339,0.0275577667271333,0.021389862722808198,0.021389862722808482,0.021389862722808555,0.021389862722808482,0.7322534072896907
190,unknown,unknown_low_excitation,4,0.036042407995161785,0.12004949490050713,0.01687736492694338,0.022535269947778536,0.023379008508604856,0.022535269947778536,0.012282036657558275,0.026259752118736303,0.029696379484139945,0.026259752118736303,0.6239016769594439
191,unknown,unknown_insufficient_support,3,0.022634408063723077,0.07539033617805657,0.015296723226278754,0.0417662562142405,0.04838363946123094,0.0417662562142405,0.004921801819899278,0.03163752967473502,0.03831646163844396,0.03163752967473502,0.640427173161766
192,unknown,unknown_absolute_residual,7,0.0974831265495828,0.3246952896479774,0.0483189359380769,0.08459348692812627,0.08853344594727534,0.08459348692812627,0.022076224382711156,0.10893706644345418,0.12083866723481859,0.10893706644345418,0.4643872786569626
193,unknown,unknown_insufficient_support,3,0.022634408063723077,0.07539033617805657,0.010853515199592932,0.019397029400331958,0.021532907950516714,0.019397029400331958,0.005686243847283248,0.009967860086130194,0.01103826414584193,0.009967860086130194,0.8417369984512301
194,static,static_track,5,0.0637663520870766,0.21239197893573153,0.03642392853771799,0.048298626359251196,0.05187103766853203,0.048298626359251196,0.018410005243240143,0.09657792193749333,0.10623572491409243,0.09657792193749333,0.6281103605196066
195,unknown,unknown_insufficient_support,3,0.05002888838155295,0.1666354473720374,0.04218873576736015,0.07812961512874113,0.08711483496908637,0.07812961512874113,0.03274289008863877,0.10838390108593397,0.12729415383525777,0.10838390108593397,0.5479428786360583
196,unknown,unknown_insufficient_support,2,0.010737640273186466,0.03576476608867022,0.008485114491815271,0.008485114491815405,0.008485114491815438,0.008485114491815405,0.008677940255351443,0.008677940255351508,0.008677940255351523,0.008677940255351508,0.8639076012344127
197,unknown,unknown_insufficient_support,2,0.010737640273186466,0.03576476608867022,0.0047750021848819825,0.0047750021848821395,0.0047750021848821786,0.0047750021848821395,0.003116023982287529,0.0031160239822876096,0.00311602398228763,0.0031160239822876096,0.924323369748234
198,unknown,unknown_insufficient_support,2,0.010737640273186466,0.03576476608867022,0.017103631541911024,0.017103631541911024,0.017103631541911024,0.017103631541911024,0.014413055498713783,0.014413055498713974,0.01441305549871402,0.014413055498713974,0.7834337434950974
199,unknown,unknown_low_excitation,4,0.036042407995161785,0.12004949490050713,0.021250792304244502,0.02702950808390809,0.027702795911445113,0.02702950808390809,0.024664614115801814,0.0347652568426186,0.03635686746290062,0.0347652568426186,0.5573664708951936
200,unknown,unknown_low_excitation,4,0.036042407995161785,0.12004949490050713,0.013496700282337421,0.026312995812915276,0.030817298142968824,0.026312995812915276,0.013401825130362472,0.02146426334353337,0.023077331208995147,0.02146426334353337,0.599197749668174
201,unknown,unknown_low_excitation,4,0.036042407995161785,0.12004949490050713,0.017551901598834255,0.02163981491264737,0.021648930253927754,0.02163981491264737,0.019993073758784227,0.022714020190450376,0.023289866674132787,0.022714020190450376,0.6008416183713999
202,static,static_track,6,0.0637663520870766,0.21239197893573153,0.01721954193262893,0.04708839121998672,0.07197630067039079,0.04708839121998672,0.01887141687828847,0.0716536522647018,0.11001839497075404,0.0716536522647018,0.6119198207757773
203,unknown,unknown_absolute_residual,5,0.11429282267791585,0.38068476543184515,0.01211823305343387,0.09080226899728214,0.09807604382019583,0.09080226899728214,0.018983374430176825,0.15190708543245218,0.1808797303167708,0.15190708543245218,0.5878833102558387
204,unknown,unknown_insufficient_support,3,0.05002888838155295,0.1666354473720374,0.012565713055723193,0.030081942793658827,0.03446100022814273,0.030081942793658827,0.005844072064244095,0.05662145880942491,0.06931580549572011,0.05662145880942491,0.731432824381636
205,static,static_track,4,0.0637663520870766,0.21239197893573153,0.018945472379671886,0.029364628898225907,0.03138048544330753,0.029364628898225907,0.03556434685418902,0.05709435528679073,0.0658179019019522,0.05709435528679073,0.7035782366872422
206,unknown,unknown_insufficient_support,2,0.010737640273186466,0.03576476608867022,0.004485214951799404,0.00448521495179956,0.004485214951799599,0.00448521495179956,0.0050885535597027885,0.005088553559702821,0.005088553559702829,0.005088553559702821,0.9194814135979633
207,unknown,unknown_insufficient_support,3,0.05002888838155295,0.1666354473720374,0.0055498410396295685,0.0792300675600813,0.09765012419019423,0.0792300675600813,0.01136345726636376,0.11388346684499426,0.13951346923965188,0.11388346684499426,0.6488137436349116
208,unknown,unknown_insufficient_support,1,0.0,0.0,0.0,0.0,0.0,0.0,0.0,0.0,0.0,0.0,1.0
209,unknown,unknown_insufficient_support,2,0.010737640273186466,0.03576476608867022,0.009667412682973425,0.009667412682973425,0.009667412682973425,0.009667412682973425,0.014004789872808773,0.014004789872808806,0.014004789872808815,0.014004789872808806,0.8170933755095865
210,unknown,unknown_insufficient_support,2,0.010737640273186466,0.03576476608867022,0.0178174810639724,0.01781748106397244,0.017817481063972452,0.01781748106397244,0.020818247642315334,0.02081824764231537,0.02081824764231538,0.02081824764231537,0.7197410719134671
211,unknown,unknown_low_excitation,4,0.036042407995161785,0.12004949490050713,0.01843753548191395,0.03722336968295453,0.04354304417498003,0.03722336968295453,0.017577249151602796,0.04548804222093227,0.05274720934310268,0.04548804222093227,0.4699985445800295
212,unknown,unknown_low_excitation,4,0.036042407995161785,0.12004949490050713,0.0248044941756543,0.031524196616490745,0.031932527199386586,0.031524196616490745,0.02767625924162756,0.04202394606384653,0.04505455591223362,0.04202394606384653,0.5424289393130406
213,unknown,unknown_low_excitation,4,0.036042407995161785,0.12004949490050713,0.01576899163395696,0.02805155319998381,0.030942239904094747,0.02805155319998381,0.018123957243477165,0.03872989143651369,0.044997098197809594,0.03872989143651369,0.6116370263195542
214,unknown,unknown_low_excitation,4,0.036042407995161785,0.12004949490050713,0.013402961423481165,0.022269772402027214,0.02550973531190012,0.022269772402027214,0.01554926844952842,0.032239733697135925,0.038598395078579796,0.032239733697135925,0.6641278311585121
215,unknown,unknown_low_excitation,4,0.036042407995161785,0.12004949490050713,0.010222518713851176,0.019069375924240347,0.021537557487627167,0.019069375924240347,0.0117866569235246,0.029094037488682774,0.03432681962324401,0.029094037488682774,0.6799293044765468
216,unknown,unknown_insufficient_support,3,0.022634408063723077,0.07539033617805657,0.013278224416950824,0.01540504624428454,0.015936751701117968,0.01540504624428454,0.005339744286172454,0.012990600537159648,0.014903314599906445,0.012990600537159648,0.7462426174878724
217,unknown,unknown_insufficient_support,1,0.0,0.0,0.0,0.0,0.0,0.0,0.0,0.0,0.0,0.0,1.0
218,unknown,unknown_insufficient_support,1,0.0,0.0,0.0,0.0,0.0,0.0,0.0,0.0,0.0,0.0,1.0
219,unknown,unknown_insufficient_support,1,0.0,0.0,0.0,0.0,0.0,0.0,0.0,0.0,0.0,0.0,1.0
220,unknown,unknown_insufficient_support,2,0.010737640273186466,0.03576476608867022,0.011297385995580965,0.011297385995581137,0.01129738599558118,0.011297385995581137,0.015986135842384425,0.015986135842384577,0.015986135842384615,0.015986135842384577,0.800519580905887
221,unknown,unknown_insufficient_support,2,0.010737640273186466,0.03576476608867022,0.028999877853621653,0.028999877853621653,0.028999877853621653,0.028999877853621653,0.032641541723876163,0.032641541723876205,0.03264154172387621,0.032641541723876205,0.6223420300812006
222,unknown,unknown_insufficient_support,3,0.022634408063723077,0.07539033617805657,0.01913547677802114,0.01967546918049828,0.019810467281117565,0.01967546918049828,0.015566720190281104,0.020916894465548397,0.02225443803436522,0.020916894465548397,0.7118621308988757
223,unknown,unknown_absolute_residual,4,0.0637663520870766,0.21239197893573153,0.03160154018225105,0.09528116668161879,0.11564779376826805,0.09528116668161879,0.02521703299321825,0.05777330975754322,0.07023778454933349,0.05777330975754322,0.5398413575581151
224,unknown,unknown_insufficient_support,3,0.022634408063723077,0.07539033617805657,0.007678970162256242,0.01772248327094549,0.0202333615481178,0.01772248327094549,0.011368156081282065,0.023348914957481256,0.026344104676531054,0.023348914957481256,0.7169337383655701
225,unknown,unknown_insufficient_support,3,0.022634408063723077,0.07539033617805657,0.010296349806412385,0.01340586785669055,0.014183247369260093,0.01340586785669055,0.01126233213038585,0.019181024560091554,0.02116069766751798,0.019181024560091554,0.7660752685196911
226,unknown,unknown_insufficient_support,2,0.010737640273186466,0.03576476608867022,0.009705117412590477,0.00970511741259048,0.009705117412590482,0.00970511741259048,0.005684190128741468,0.005684190128741476,0.005684190128741478,0.005684190128741476,0.8912451988431864
227,unknown,unknown_insufficient_support,2,0.0637663520870766,0.21239197893573153,0.03802846683893321,0.03802846683893322,0.03802846683893322,0.03802846683893322,0.06456272503932475,0.06456272503932492,0.06456272503932496,0.06456272503932492,0.579412803796422
228,unknown,unknown_insufficient_support,1,0.0,0.0,0.0,0.0,0.0,0.0,0.0,0.0,0.0,0.0,1.0
229,unknown,unknown_insufficient_support,1,0.0,0.0,0.0,0.0,0.0,0.0,0.0,0.0,0.0,0.0,1.0
230,unknown,unknown_insufficient_support,1,0.0,0.0,0.0,0.0,0.0,0.0,0.0,0.0,0.0,0.0,1.0
231,unknown,unknown_insufficient_support,2,0.010737640273186466,0.03576476608867022,0.01839959728619135,0.018399597286191522,0.018399597286191564,0.018399597286191522,0.01354548979811111,0.013545489798111272,0.013545489798111314,0.013545489798111272,0.7697438935074159
232,unknown,unknown_insufficient_support,2,0.010737640273186466,0.03576476608867022,0.013289085869549425,0.013289085869549428,0.013289085869549428,0.013289085869549428,0.008023399720994369,0.008023399720994376,0.008023399720994378,0.008023399720994376,0.8368462860998319
233,unknown,unknown_insufficient_support,2,0.010737640273186466,0.03576476608867022,0.017038805515482695,0.017038805515482872,0.017038805515482917,0.017038805515482872,0.013199853963375535,0.013199853963375708,0.013199853963375752,0.013199853963375708,0.7888231989502987
234,unknown,unknown_insufficient_support,2,0.010737640273186466,0.03576476608867022,0.019446488911105127,0.019446488911105127,0.019446488911105127,0.019446488911105127,0.015902818065726066,0.015902818065726083,0.015902818065726087,0.015902818065726083,0.7569049930665261
235,unknown,unknown_absolute_residual,4,0.0637663520870766,0.21239197893573153,0.025498373168108338,0.08277009320336169,0.10539407173245857,0.08277009320336169,0.021856848147143382,0.05407433203239441,0.06717448960374896,0.05407433203239441,0.5424282135484926
236,unknown,unknown_low_excitation,4,0.036042407995161785,0.12004949490050713,0.017131729133896788,0.044512742670064886,0.0528585167504388,0.044512742670064886,0.01980549795090244,0.05735114343567253,0.06816422182081149,0.05735114343567253,0.5777444203692906
237,unknown,unknown_insufficient_support,1,0.0,0.0,0.0,0.0,0.0,0.0,0.0,0.0,0.0,0.0,1.0
238,unknown,unknown_insufficient_support,1,0.0,0.0,0.0,0.0,0.0,0.0,0.0,0.0,0.0,0.0,1.0
239,unknown,unknown_insufficient_support,1,0.0,0.0,0.0,0.0,0.0,0.0,0.0,0.0,0.0,0.0,1.0
240,unknown,unknown_insufficient_support,1,0.0,0.0,0.0,0.0,0.0,0.0,0.0,0.0,0.0,0.0,1.0
241,unknown,unknown_insufficient_support,1,0.0,0.0,0.0,0.0,0.0,0.0,0.0,0.0,0.0,0.0,1.0
242,unknown,unknown_insufficient_support,3,0.022634408063723077,0.07539033617805657,0.018180268551832596,0.0315846631894709,0.034935761848880476,0.0315846631894709,0.007264221684797345,0.020759194261810367,0.02413293740606362,0.020759194261810367,0.6734653254978363
243,unknown,unknown_insufficient_support,2,0.010737640273186466,0.03576476608867022,0.015564844505430912,0.015564844505430912,0.015564844505430912,0.015564844505430912,0.010198832519718707,0.010198832519718731,0.010198832519718738,0.010198832519718731,0.8122316735041514
244,unknown,unknown_insufficient_support,3,0.0805638455016493,0.2683408101094073,0.031327170233098715,0.12714394998947068,0.15109814492856366,0.12714394998947068,0.021020213931395238,0.07208077694164484,0.08484591769420724,0.07208077694164484,0.5818436970491341
245,unknown,unknown_insufficient_support,3,0.022634408063723077,0.07539033617805657,0.006786512278238513,0.01645747905413869,0.018875220748113732,0.01645747905413869,0.01613579799156854,0.02105889866424189,0.022289673832410227,0.02105889866424189,0.7532627874088736
246,unknown,unknown_insufficient_support,2,0.010737640273186466,0.03576476608867022,0.008554993767506335,0.008554993767506505,0.008554993767506548,0.008554993767506505,0.01120521231103068,0.011205212311030747,0.011205212311030763,0.011205212311030747,0.8489343140403038
247,unknown,unknown_insufficient_support,1,0.0,0.0,0.0,0.0,0.0,0.0,0.0,0.0,0.0,0.0,1.0
248,unknown,unknown_insufficient_support,2,0.010737640273186466,0.03576476608867022,0.010595560278511409,0.010595560278511579,0.01059556027851162,0.010595560278511579,0.0134109873921203,0.013410987392120436,0.01341098739212047,0.013410987392120436,0.7941431562608907
249,unknown,unknown_insufficient_support,1,0.0,0.0,0.0,0.0,0.0,0.0,0.0,0.0,0.0,0.0,1.0
250,unknown,unknown_insufficient_support,1,0.0,0.0,0.0,0.0,0.0,0.0,0.0,0.0,0.0,0.0,1.0
251,unknown,unknown_insufficient_support,3,0.022634408063723077,0.07539033617805657,0.025439744971041185,0.037379132975445734,0.040363979976546865,0.037379132975445734,0.011941323496018138,0.026548887297896624,0.030200778248366245,0.026548887297896624,0.6879541724910737
252,unknown,unknown_absolute_residual,4,0.0805638455016493,0.2683408101094073,0.028456583996548365,0.11029684763629022,0.14135975214687,0.11029684763629022,0.023563546539296005,0.062082629671542294,0.07605873532917219,0.062082629671542294,0.48389326645119524
253,unknown,unknown_insufficient_support,2,0.010737640273186466,0.03576476608867022,0.015835879867165475,0.015835879867165604,0.015835879867165635,0.015835879867165604,0.010601181084561616,0.0106011810845617,0.010601181084561722,0.0106011810845617,0.8167504222624428
254,unknown,unknown_absolute_residual,4,0.0805638455016493,0.2683408101094073,0.029227920341229025,0.11934250839429733,0.15126316420521282,0.11934250839429733,0.01840778385439431,0.07196821239569033,0.09046154891718328,0.07196821239569033,0.5561833975684701
255,unknown,unknown_insufficient_support,2,0.022634408063723077,0.07539033617805657,0.012976662996903202,0.012976662996903365,0.012976662996903405,0.012976662996903365,0.019203270512613568,0.019203270512613647,0.019203270512613668,0.019203270512613647,0.8013351353375108
256,unknown,unknown_insufficient_support,1,0.0,0.0,0.0,0.0,0.0,0.0,0.0,0.0,0.0,0.0,1.0
257,unknown,unknown_insufficient_support,1,0.0,0.0,0.0,0.0,0.0,0.0,0.0,0.0,0.0,0.0,1.0
258,unknown,unknown_insufficient_support,2,0.010737640273186466,0.03576476608867022,0.010675160620941,0.01067516062094111,0.010675160620941138,0.01067516062094111,0.011576226643590665,0.011576226643590844,0.01157622664359089,0.011576226643590844,0.8007093778882007
259,unknown,unknown_insufficient_support,1,0.0,0.0,0.0,0.0,0.0,0.0,0.0,0.0,0.0,0.0,1.0
260,unknown,unknown_insufficient_support,3,0.022634408063723077,0.07539033617805657,0.023229994526104233,0.03136053067180339,0.033393164708228174,0.03136053067180339,0.012442683630193654,0.02244155316049144,0.024941270543065885,0.02244155316049144,0.6615008219374906
261,unknown,unknown_insufficient_support,3,0.022634408063723077,0.07539033617805657,0.031155578668394985,0.03482407713210022,0.03574120174802653,0.03482407713210022,0.02352541989586584,0.02683184547584387,0.027658451870838378,0.02683184547584387,0.6332185506299313
262,unknown,unknown_absolute_residual,4,0.0805638455016493,0.2683408101094073,0.035547238883883205,0.11054978921798647,0.13649014353538336,0.11054978921798647,0.025294660269281455,0.062095723165986556,0.07413190975478295,0.062095723165986556,0.5122595503381765
263,unknown,unknown_absolute_residual,4,0.0974831265495828,0.3246952896479774,0.09094291852053564,0.1195434890082949,0.12543379851352413,0.1195434890082949,0.055415088635369654,0.07054174081830433,0.07165974336541509,0.07054174081830433,0.3947702239176266
264,unknown,unknown_insufficient_support,1,0.0,0.0,0.0,0.0,0.0,0.0,0.0,0.0,0.0,0.0,1.0
265,unknown,unknown_insufficient_support,3,0.022634408063723077,0.07539033617805657,0.017478055727640815,0.02119424017322213,0.02212328628461746,0.02119424017322213,0.013304785559160934,0.022236031905179737,0.024468843491684437,0.022236031905179737,0.7208071570266674
266,unknown,unknown_insufficient_support,2,0.036042407995161785,0.12004949490050713,0.022178197277767188,0.022178197277767354,0.022178197277767396,0.022178197277767354,0.02827587089362226,0.028275870893622365,0.02827587089362239,0.028275870893622365,0.6613897206059901
267,unknown,unknown_insufficient_support,2,0.036042407995161785,0.12004949490050713,0.017059841596106046,0.017059841596106046,0.017059841596106046,0.017059841596106046,0.020102874091570112,0.020102874091570355,0.020102874091570414,0.020102874091570355,0.7114521484691857
268,unknown,unknown_insufficient_support,2,0.010737640273186466,0.03576476608867022,0.01643993159144766,0.016439931591447757,0.01643993159144778,0.016439931591447757,0.01214432560181316,0.012144325601813217,0.01214432560181323,0.012144325601813217,0.7868101087310515
269,unknown,unknown_insufficient_support,1,0.0,0.0,0.0,0.0,0.0,0.0,0.0,0.0,0.0,0.0,1.0
270,unknown,unknown_absolute_residual,4,0.0974831265495828,0.3246952896479774,0.09318676474181356,0.1187087660263937,0.12320463070708976,0.1187087660263937,0.05558307305008728,0.07205975270307706,0.07385207070123591,0.07205975270307706,0.397955852988446
271,unknown,unknown_insufficient_support,3,0.022634408063723077,0.07539033617805657,0.033749832235278214,0.03654934111964835,0.03724921834074089,0.03654934111964835,0.024384211826976702,0.024667546838824866,0.024738380591786905,0.024667546838824866,0.6654818887145951
272,unknown,unknown_low_excitation,4,0.036042407995161785,0.12004949490050713,0.026891754501920342,0.02901011115524768,0.02913229674248005,0.02901011115524768,0.02718580108238313,0.029396489468126574,0.03023637058786067,0.029396489468126574,0.6128882533821709
273,unknown,unknown_low_excitation,4,0.036042407995161785,0.12004949490050713,0.020341687412292114,0.03688031710949897,0.042225846995820895,0.03688031710949897,0.012528735638194547,0.03598013597209559,0.044852176968596266,0.03598013597209559,0.6868628709046508
274,unknown,unknown_insufficient_support,2,0.010737640273186466,0.03576476608867022,0.025635103946445338,0.025635103946445338,0.025635103946445338,0.025635103946445338,0.027201939983239654,0.027201939983239654,0.027201939983239654,0.027201939983239654,0.6452770941300432
275,unknown,unknown_insufficient_support,2,0.010737640273186466,0.03576476608867022,0.019104536512253092,0.01910453651225324,0.01910453651225328,0.01910453651225324,0.015285635948670582,0.015285635948670715,0.015285635948670748,0.015285635948670715,0.7640018129042603
276,unknown,unknown_insufficient_support,2,0.010737640273186466,0.03576476608867022,0.020399661286566215,0.02039966128656638,0.020399661286566423,0.02039966128656638,0.015540842284188842,0.015540842284189007,0.015540842284189048,0.015540842284189007,0.7417348221002775
277,unknown,unknown_insufficient_support,2,0.010737640273186466,0.03576476608867022,0.016028488074171364,0.016028488074171475,0.016028488074171503,0.016028488074171475,0.015761315396337433,0.015761315396337523,0.015761315396337544,0.015761315396337523,0.7537695186479773
278,unknown,unknown_low_excitation,4,0.036042407995161785,0.12004949490050713,0.01669531052095691,0.027630112274275122,0.030259711445650934,0.027630112274275122,0.01009056335672052,0.013826879549812527,0.014622393680440044,0.013826879549812527,0.7596196519718127
279,unknown,unknown_low_excitation,4,0.036042407995161785,0.12004949490050713,0.026608784076231344,0.029134009826242806,0.029889903192830535,0.029134009826242806,0.028978519698482575,0.03430266425057939,0.0356721889629478,0.03430266425057939,0.5912851562933213
280,unknown,unknown_insufficient_support,1,0.0,0.0,0.0,0.0,0.0,0.0,0.0,0.0,0.0,0.0,1.0
281,unknown,unknown_insufficient_support,2,0.010737640273186466,0.03576476608867022,0.01768605557256907,0.017686055572569203,0.017686055572569238,0.017686055572569203,0.012556970619663505,0.01255697061966363,0.012556970619663661,0.01255697061966363,0.787850589258783
282,unknown,unknown_insufficient_support,2,0.010737640273186466,0.03576476608867022,0.010856330185177393,0.010856330185177393,0.010856330185177393,0.010856330185177393,0.007167035572452697,0.007167035572452727,0.007167035572452734,0.007167035572452727,0.8734795561642366
283,unknown,unknown_insufficient_support,1,0.0,0.0,0.0,0.0,0.0,0.0,0.0,0.0,0.0,0.0,1.0
284,unknown,unknown_insufficient_support,1,0.0,0.0,0.0,0.0,0.0,0.0,0.0,0.0,0.0,0.0,1.0
285,unknown,unknown_insufficient_support,1,0.0,0.0,0.0,0.0,0.0,0.0,0.0,0.0,0.0,0.0,1.0
286,unknown,unknown_insufficient_support,2,0.013986480386391165,0.04658595247153026,0.027019045077754957,0.027019045077754957,0.027019045077754957,0.027019045077754957,0.03141632024470023,0.03141632024470024,0.03141632024470024,0.03141632024470024,0.6112535150564186
287,unknown,unknown_insufficient_support,1,0.0,0.0,0.0,0.0,0.0,0.0,0.0,0.0,0.0,0.0,1.0
288,unknown,unknown_insufficient_support,1,0.0,0.0,0.0,0.0,0.0,0.0,0.0,0.0,0.0,0.0,1.0
289,unknown,unknown_insufficient_support,1,0.0,0.0,0.0,0.0,0.0,0.0,0.0,0.0,0.0,0.0,1.0
290,unknown,unknown_insufficient_support,2,0.02772394409191481,0.09234248403522441,0.05169196317157894,0.05169196317157894,0.05169196317157894,0.05169196317157894,0.06405172937217513,0.06405172937217513,0.06405172937217513,0.06405172937217513,0.5711196861014859
291,unknown,unknown_insufficient_support,1,0.0,0.0,0.0,0.0,0.0,0.0,0.0,0.0,0.0,0.0,1.0
292,unknown,unknown_insufficient_support,2,0.02772394409191481,0.09234248403522441,0.03324585066271933,0.03324585066271933,0.03324585066271933,0.03324585066271933,0.046543415215973605,0.04654341521597362,0.04654341521597362,0.04654341521597362,0.6389860270995065
293,unknown,unknown_insufficient_support,1,0.0,0.0,0.0,0.0,0.0,0.0,0.0,0.0,0.0,0.0,1.0
294,unknown,unknown_insufficient_support,2,0.013986480386391165,0.04658595247153026,0.03821026275048768,0.03821026275048783,0.03821026275048787,0.03821026275048783,0.04268838506460399,0.04268838506460422,0.042688385064604276,0.04268838506460422,0.569664354600363
295,unknown,unknown_insufficient_support,2,0.013986480386391165,0.04658595247153026,0.030377849098933,0.030377849098933075,0.030377849098933096,0.030377849098933075,0.03454267400592026,0.034542674005920274,0.034542674005920274,0.034542674005920274,0.5965609378651014
296,unknown,unknown_insufficient_support,2,0.013986480386391165,0.04658595247153026,0.021838914011882843,0.021838914011882996,0.021838914011883034,0.021838914011882996,0.02374210740796252,0.02374210740796252,0.02374210740796252,0.02374210740796252,0.6247532157650904
297,unknown,unknown_low_excitation,4,0.044521437506487516,0.14829131520890015,0.046583850020258104,0.05217028653090821,0.054434799222514985,0.05217028653090821,0.059922924402620745,0.07172207184054442,0.07304364709372406,0.07172207184054442,0.35682662101689544
298,unknown,unknown_insufficient_support,1,0.0,0.0,0.0,0.0,0.0,0.0,0.0,0.0,0.0,0.0,1.0
299,unknown,unknown_insufficient_support,1,0.0,0.0,0.0,0.0,0.0,0.0,0.0,0.0,0.0,0.0,1.0
300,unknown,unknown_insufficient_support,2,0.02772394409191481,0.09234248403522441,0.047013348218884074,0.04701334821888426,0.0470133482188843,0.04701334821888426,0.05940461754240296,0.059404617542403136,0.05940461754240318,0.059404617542403136,0.5741074219507305
301,unknown,unknown_insufficient_support,2,0.02772394409191481,0.09234248403522441,0.032456964540151644,0.03245696454015182,0.03245696454015186,0.03245696454015182,0.0453378353779987,0.04533783537799887,0.04533783537799891,0.04533783537799887,0.6306901751109142
302,unknown,unknown_insufficient_support,2,0.02772394409191481,0.09234248403522441,0.03777474884343063,0.03777474884343063,0.03777474884343063,0.03777474884343063,0.05057061463948133,0.050570614639481336,0.050570614639481336,0.050570614639481336,0.6057507423925991
303,unknown,unknown_insufficient_support,1,0.0,0.0,0.0,0.0,0.0,0.0,0.0,0.0,0.0,0.0,1.0
304,unknown,unknown_insufficient_support,1,0.0,0.0,0.0,0.0,0.0,0.0,0.0,0.0,0.0,0.0,1.0
305,unknown,unknown_insufficient_support,1,0.0,0.0,0.0,0.0,0.0,0.0,0.0,0.0,0.0,0.0,1.0
306,unknown,unknown_insufficient_support,2,0.013986480386391165,0.04658595247153026,0.04146900718259026,0.04146900718259027,0.04146900718259028,0.04146900718259027,0.04623191402827696,0.046231914028277345,0.046231914028277435,0.046231914028277345,0.5663895086004369
307,unknown,unknown_insufficient_support,2,0.013986480386391165,0.04658595247153026,0.04039555860880481,0.04039555860880516,0.04039555860880525,0.04039555860880516,0.04485278658358488,0.04485278658358488,0.04485278658358488,0.04485278658358488,0.5638377400965502
308,unknown,unknown_insufficient_support,2,0.013986480386391165,0.04658595247153026,0.03401727726675492,0.034017277266755,0.03401727726675501,0.034017277266755,0.03822845389220082,0.03822845389220082,0.03822845389220082,0.03822845389220082,0.5846283112600166
309,unknown,unknown_insufficient_support,2,0.013986480386391165,0.04658595247153026,0.01912125462595759,0.01912125462595759,0.01912125462595759,0.01912125462595759,0.02210623147873029,0.022106231478730535,0.022106231478730597,0.022106231478730535,0.660557291213175
310,unknown,unknown_insufficient_support,2,0.013986480386391165,0.04658595247153026,0.02856934247612683,0.02856934247612697,0.028569342476127003,0.02856934247612697,0.03285332286393616,0.03285332286393629,0.03285332286393632,0.03285332286393629,0.6063888123643204
311,unknown,unknown_insufficient_support,2,0.02772394409191481,0.09234248403522441,0.053388801690067086,0.05338880169006709,0.05338880169006709,0.05338880169006709,0.06556524861019926,0.06556524861019926,0.06556524861019926,0.06556524861019926,0.5531837257724407
312,unknown,unknown_insufficient_support,1,0.0,0.0,0.0,0.0,0.0,0.0,0.0,0.0,0.0,0.0,1.0
313,unknown,unknown_insufficient_support,1,0.0,0.0,0.0,0.0,0.0,0.0,0.0,0.0,0.0,0.0,1.0
314,unknown,unknown_insufficient_support,2,0.013986480386391165,0.04658595247153026,0.03789743722184534,0.03789743722184535,0.03789743722184535,0.03789743722184535,0.04273059686297717,0.042730596862977296,0.042730596862977324,0.042730596862977296,0.5764819330622357
315,unknown,unknown_insufficient_support,1,0.0,0.0,0.0,0.0,0.0,0.0,0.0,0.0,0.0,0.0,1.0
316,unknown,unknown_insufficient_support,2,0.013986480386391165,0.04658595247153026,0.024589298348930387,0.024589298348930522,0.024589298348930557,0.024589298348930522,0.02966365114641531,0.029663651146415438,0.02966365114641547,0.029663651146415438,0.6484408595118969
317,unknown,unknown_insufficient_support,2,0.013986480386391165,0.04658595247153026,0.02950878315588024,0.029508783155880486,0.02950878315588055,0.029508783155880486,0.034207426260694423,0.03420742626069443,0.03420742626069443,0.03420742626069443,0.6084716849332328
318,unknown,unknown_insufficient_support,1,0.0,0.0,0.0,0.0,0.0,0.0,0.0,0.0,0.0,0.0,1.0
319,unknown,unknown_insufficient_support,2,0.02772394409191481,0.09234248403522441,0.046006517604389646,0.046006517604389646,0.046006517604389646,0.046006517604389646,0.05903320305474663,0.05903320305474665,0.05903320305474665,0.05903320305474665,0.5718893421661506
320,unknown,unknown_insufficient_support,1,0.0,0.0,0.0,0.0,0.0,0.0,0.0,0.0,0.0,0.0,1.0
321,unknown,unknown_insufficient_support,1,0.0,0.0,0.0,0.0,0.0,0.0,0.0,0.0,0.0,0.0,1.0
322,unknown,unknown_insufficient_support,1,0.0,0.0,0.0,0.0,0.0,0.0,0.0,0.0,0.0,0.0,1.0
323,unknown,unknown_insufficient_support,2,0.061440718554421014,0.20464579474747024,0.07416386545090292,0.07416386545090305,0.07416386545090307,0.07416386545090305,0.04396365684055846,0.04396365684055849,0.043963656840558495,0.04396365684055849,0.5631837326863495
324,unknown,unknown_insufficient_support,2,0.061440718554421014,0.20464579474747024,0.0695452305572073,0.06954523055720739,0.06954523055720742,0.06954523055720739,0.04256214710754094,0.042562147107540964,0.042562147107540964,0.042562147107540964,0.5745528535896651
325,unknown,unknown_insufficient_support,1,0.0,0.0,0.0,0.0,0.0,0.0,0.0,0.0,0.0,0.0,1.0
326,unknown,unknown_insufficient_support,2,0.013986480386391165,0.04658595247153026,0.03956383034955882,0.039563830349558966,0.039563830349559,0.039563830349558966,0.04424032866644739,0.044240328666447504,0.04424032866644753,0.044240328666447504,0.5705395942155855
327,unknown,unknown_insufficient_support,1,0.0,0.0,0.0,0.0,0.0,0.0,0.0,0.0,0.0,0.0,1.0
328,unknown,unknown_insufficient_support,1,0.0,0.0,0.0,0.0,0.0,0.0,0.0,0.0,0.0,0.0,1.0
329,unknown,unknown_insufficient_support,2,0.02772394409191481,0.09234248403522441,0.03909323806718859,0.039093238067188715,0.03909323806718875,0.039093238067188715,0.05178295436988396,0.051782954369884136,0.05178295436988418,0.051782954369884136,0.5495387647389328
330,unknown,unknown_insufficient_support,1,0.0,0.0,0.0,0.0,0.0,0.0,0.0,0.0,0.0,0.0,1.0
331,unknown,unknown_insufficient_support,1,0.0,0.0,0.0,0.0,0.0,0.0,0.0,0.0,0.0,0.0,1.0
332,unknown,unknown_insufficient_support,2,0.061440718554421014,0.20464579474747024,0.07374011619968437,0.07374011619968439,0.07374011619968439,0.07374011619968439,0.04503130543676295,0.04503130543676306,0.045031305436763085,0.04503130543676306,0.5720743367656351
333,unknown,unknown_insufficient_support,2,0.061440718554421014,0.20464579474747024,0.07422764707906518,0.07422764707906519,0.07422764707906519,0.07422764707906519,0.04906403410694636,0.049064034106946375,0.04906403410694638,0.049064034106946375,0.5726614744485458
334,unknown,unknown_insufficient_support,1,0.0,0.0,0.0,0.0,0.0,0.0,0.0,0.0,0.0,0.0,1.0
335,unknown,unknown_insufficient_support,1,0.0,0.0,0.0,0.0,0.0,0.0,0.0,0.0,0.0,0.0,1.0
336,unknown,unknown_insufficient_support,1,0.0,0.0,0.0,0.0,0.0,0.0,0.0,0.0,0.0,0.0,1.0
337,unknown,unknown_insufficient_support,1,0.0,0.0,0.0,0.0,0.0,0.0,0.0,0.0,0.0,0.0,1.0
338,unknown,unknown_insufficient_support,2,0.013986480386391165,0.04658595247153026,0.03410568813406309,0.03410568813406309,0.03410568813406309,0.03410568813406309,0.03893587245509343,0.038935872455093445,0.038935872455093445,0.038935872455093445,0.5904775212488182
339,unknown,unknown_insufficient_support,1,0.0,0.0,0.0,0.0,0.0,0.0,0.0,0.0,0.0,0.0,1.0
340,unknown,unknown_insufficient_support,1,0.0,0.0,0.0,0.0,0.0,0.0,0.0,0.0,0.0,0.0,1.0
341,unknown,unknown_insufficient_support,3,0.061440718554421014,0.20464579474747024,0.0348089650051868,0.10480653601582168,0.1223059287684804,0.10480653601582168,0.02566297713848449,0.06770913881686753,0.0782206792364633,0.06770913881686753,0.5661332881469688
342,unknown,unknown_insufficient_support,2,0.061440718554421014,0.20464579474747024,0.0739071209836434,0.07390712098364345,0.07390712098364347,0.07390712098364345,0.044643974066911986,0.044643974066912055,0.044643974066912076,0.044643974066912055,0.5770983680729785
343,unknown,unknown_insufficient_support,1,0.0,0.0,0.0,0.0,0.0,0.0,0.0,0.0,0.0,0.0,1.0
344,unknown,unknown_insufficient_support,1,0.0,0.0,0.0,0.0,0.0,0.0,0.0,0.0,0.0,0.0,1.0
345,unknown,unknown_insufficient_support,2,0.013986480386391165,0.04658595247153026,0.024073616536691114,0.024073616536691277,0.02407361653669132,0.024073616536691277,0.027376862023470776,0.027376862023470876,0.0273768620234709,0.027376862023470876,0.647640339460706
346,unknown,unknown_insufficient_support,2,0.013986480386391165,0.04658595247153026,0.03234046703187843,0.03234046703187843,0.03234046703187843,0.03234046703187843,0.03664140493318829,0.036641404933188536,0.0366414049331886,0.036641404933188536,0.6001035515491787
347,unknown,unknown_insufficient_support,1,0.0,0.0,0.0,0.0,0.0,0.0,0.0,0.0,0.0,0.0,1.0
348,unknown,unknown_insufficient_support,1,0.0,0.0,0.0,0.0,0.0,0.0,0.0,0.0,0.0,0.0,1.0
349,unknown,unknown_insufficient_support,1,0.0,0.0,0.0,0.0,0.0,0.0,0.0,0.0,0.0,0.0,1.0
350,unknown,unknown_insufficient_support,3,0.061440718554421014,0.20464579474747024,0.04127781463182316,0.10488458558284225,0.12078627832059702,0.10488458558284225,0.03810107364815857,0.07696824089436942,0.08668503270592214,0.07696824089436942,0.5311268243090047
351,unknown,unknown_insufficient_support,1,0.0,0.0,0.0,0.0,0.0,0.0,0.0,0.0,0.0,0.0,1.0
352,unknown,unknown_insufficient_support,2,0.013986480386391165,0.04658595247153026,0.03537666136050008,0.035376661360500154,0.03537666136050017,0.035376661360500154,0.038518464138496425,0.03851846413849658,0.03851846413849661,0.03851846413849658,0.5857934805591819
353,unknown,unknown_insufficient_support,1,0.0,0.0,0.0,0.0,0.0,0.0,0.0,0.0,0.0,0.0,1.0
354,unknown,unknown_insufficient_support,1,0.0,0.0,0.0,0.0,0.0,0.0,0.0,0.0,0.0,0.0,1.0
355,unknown,unknown_insufficient_support,2,0.013986480386391165,0.04658595247153026,0.02194516900903428,0.02194516900903443,0.021945169009034465,0.02194516900903443,0.019583711726146355,0.01958371172614642,0.019583711726146435,0.01958371172614642,0.6958270126738926
356,unknown,unknown_insufficient_support,1,0.0,0.0,0.0,0.0,0.0,0.0,0.0,0.0,0.0,0.0,1.0
357,unknown,unknown_insufficient_support,2,0.061440718554421014,0.20464579474747024,0.07507430113115304,0.07507430113115307,0.07507430113115307,0.07507430113115307,0.0545960972457459,0.054596097245745906,0.054596097245745906,0.054596097245745906,0.5551835838427756
358,unknown,unknown_absolute_residual,4,0.07825041468275407,0.260635270531338,0.07812448204764683,0.09989125038654041,0.10539611970038706,0.09989125038654041,0.057111484063751425,0.06576670848550727,0.06894010465409363,0.06576670848550727,0.43935212966315673
359,unknown,unknown_insufficient_support,2,0.013986480386391165,0.04658595247153026,0.022531612820600705,0.022531612820600736,0.022531612820600743,0.022531612820600736,0.025025202938074066,0.025025202938074233,0.025025202938074274,0.025025202938074233,0.6760613917244798
360,unknown,unknown_insufficient_support,1,0.0,0.0,0.0,0.0,0.0,0.0,0.0,0.0,0.0,0.0,1.0
361,unknown,unknown_insufficient_support,1,0.0,0.0,0.0,0.0,0.0,0.0,0.0,0.0,0.0,0.0,1.0
362,unknown,unknown_insufficient_support,1,0.0,0.0,0.0,0.0,0.0,0.0,0.0,0.0,0.0,0.0,1.0
363,unknown,unknown_insufficient_support,1,0.0,0.0,0.0,0.0,0.0,0.0,0.0,0.0,0.0,0.0,1.0
364,unknown,unknown_insufficient_support,2,0.013986480386391165,0.04658595247153026,0.02242544474711768,0.022425444747117825,0.02242544474711786,0.022425444747117825,0.024603075331876976,0.024603075331876976,0.024603075331876976,0.024603075331876976,0.6734615926837126
365,unknown,unknown_insufficient_support,1,0.0,0.0,0.0,0.0,0.0,0.0,0.0,0.0,0.0,0.0,1.0
366,unknown,unknown_absolute_residual,5,0.06864934435443482,0.22865617402996957,0.02932236729382045,0.07444144025328135,0.08211980820518247,0.07444144025328135,0.03190306910083142,0.06504184081209746,0.06922315177074884,0.06504184081209746,0.4737741846307051
367,unknown,unknown_insufficient_support,3,0.03372897717626655,0.11234395532243785,0.012732611596974247,0.05678561813682109,0.0677988697717828,0.05678561813682109,0.025605889511461737,0.07091289058624065,0.08223964085493538,0.07091289058624065,0.6523287937774527
368,unknown,unknown_insufficient_support,3,0.03372897717626655,0.11234395532243785,0.04206435389794364,0.05013235889469702,0.05214936014388537,0.05013235889469702,0.05643039644667388,0.06419131717475202,0.06613154735677154,0.06419131717475202,0.5002516360197189
369,unknown,unknown_insufficient_support,2,0.0169192810479335,0.056354479538570076,0.024533460010495875,0.024533460010495892,0.024533460010495896,0.024533460010495892,0.031775874796950175,0.03177587479695036,0.03177587479695041,0.03177587479695036,0.6877671753699777
370,unknown,unknown_insufficient_support,1,0.0,0.0,0.0,0.0,0.0,0.0,0.0,0.0,0.0,0.0,1.0
371,unknown,unknown_absolute_residual,5,0.06864934435443482,0.22865617402996957,0.02848614675656663,0.05060475701276082,0.05440767855309804,0.05060475701276082,0.029422559627984138,0.0636007666805377,0.08575420335897647,0.0636007666805377,0.39469492812262735
372,static,static_track,5,0.06864934435443482,0.22865617402996957,0.03040874775316222,0.048613603614921744,0.05212280842150484,0.048613603614921744,0.029053391734714506,0.062488805673479864,0.07993643456416687,0.062488805673479864,0.4034600513693679
373,static,static_track,4,0.05067964902760891,0.16880299086332223,0.021669436713791006,0.048571885608623855,0.057656014700007356,0.048571885608623855,0.02781953212231096,0.052198267979543196,0.058267592649106734,0.052198267979543196,0.5529212473845618
374,unknown,unknown_insufficient_support,3,0.03372897717626655,0.11234395532243785,0.03703087988541499,0.0403963891413403,0.04123776645532162,0.0403963891413403,0.051754330230626235,0.05476361363030488,0.055515934480224544,0.05476361363030488,0.557107569547328
375,unknown,unknown_insufficient_support,3,0.03372897717626655,0.11234395532243785,0.04361596853989937,0.05583514651102715,0.05888994100380909,0.05583514651102715,0.0563278169927709,0.06953495381163131,0.07283673801634642,0.06953495381163131,0.5198815057621792
376,unknown,unknown_insufficient_support,1,0.0,0.0,0.0,0.0,0.0,0.0,0.0,0.0,0.0,0.0,1.0
377,unknown,unknown_insufficient_support,2,0.0169192810479335,0.056354479538570076,0.02328926793643969,0.02328926793643969,0.02328926793643969,0.02328926793643969,0.030710511645476897,0.030710511645477077,0.030710511645477123,0.030710511645477077,0.7037392707479248
378,unknown,unknown_insufficient_support,1,0.0,0.0,0.0,0.0,0.0,0.0,0.0,0.0,0.0,0.0,1.0
379,unknown,unknown_insufficient_support,3,0.03372897717626655,0.11234395532243785,0.029751672123838942,0.04304078905442861,0.04636306828707603,0.04304078905442861,0.04581493629519108,0.0583548241059021,0.061489796058579856,0.0583548241059021,0.5033707467697499
380,static,static_track,4,0.05067964902760891,0.16880299086332223,0.027216601608522347,0.0460250627337001,0.04983781729339585,0.0460250627337001,0.033788325338607574,0.06379436692105497,0.07327949270016827,0.06379436692105497,0.44898381927452385
381,static,static_track,4,0.05067964902760891,0.16880299086332223,0.022480508083364478,0.04234547354619708,0.046077126333448494,0.04234547354619708,0.03230859805871417,0.059835019050772986,0.06629744286218549,0.059835019050772986,0.4539492881399614
382,static,static_track,4,0.05067964902760891,0.16880299086332223,0.019722524631298817,0.036346679500890336,0.040878780032005804,0.036346679500890336,0.02345214687489961,0.0539060281731686,0.06489992886506848,0.0539060281731686,0.4926697680721171
383,unknown,unknown_insufficient_support,3,0.03372897717626655,0.11234395532243785,0.031526585328476034,0.04160837525885741,0.04412882274145276,0.04160837525885741,0.04553990947559737,0.056257825686389505,0.05893730473908754,0.056257825686389505,0.5620225204443753
384,unknown,unknown_insufficient_support,2,0.0169192810479335,0.056354479538570076,0.01482016292274025,0.01482016292274025,0.01482016292274025,0.01482016292274025,0.02236029344679922,0.022360293446799392,0.022360293446799434,0.022360293446799392,0.7718194245435209
385,unknown,unknown_insufficient_support,1,0.0,0.0,0.0,0.0,0.0,0.0,0.0,0.0,0.0,0.0,1.0
386,unknown,unknown_insufficient_support,1,0.0,0.0,0.0,0.0,0.0,0.0,0.0,0.0,0.0,0.0,1.0
387,unknown,unknown_insufficient_support,1,0.0,0.0,0.0,0.0,0.0,0.0,0.0,0.0,0.0,0.0,1.0
388,unknown,unknown_insufficient_support,1,0.0,0.0,0.0,0.0,0.0,0.0,0.0,0.0,0.0,0.0,1.0
389,unknown,unknown_insufficient_support,2,0.0169192810479335,0.056354479538570076,0.019807992683406595,0.019807992683406595,0.019807992683406595,0.019807992683406595,0.02727313165878948,0.027273131658789654,0.027273131658789695,0.027273131658789654,0.7256876584982552
390,unknown,unknown_insufficient_support,3,0.03372897717626655,0.11234395532243785,0.03381069711802265,0.04769966868687127,0.05117191157908342,0.04769966868687127,0.04980706387178067,0.06309498227426572,0.06641696187488698,0.06309498227426572,0.49070972471794505
391,unknown,unknown_insufficient_support,3,0.03372897717626655,0.11234395532243785,0.031789456716501796,0.03701721126772589,0.038324149905531915,0.03701721126772589,0.046878599705304586,0.050527131566767164,0.05143926453213281,0.050527131566767164,0.521015817769541
392,static,static_track,4,0.05067964902760891,0.16880299086332223,0.022309883941703728,0.03832809037481387,0.041659762455171764,0.03832809037481387,0.029328035420966354,0.0562579479763876,0.06362062799309715,0.0562579479763876,0.47215331559938917
393,static,static_track,4,0.05067964902760891,0.16880299086332223,0.02033950088052644,0.04276492347495155,0.04719069590956372,0.04276492347495155,0.02953112883853741,0.06012796393499875,0.06778248011417522,0.06012796393499875,0.4554912920863937
394,unknown,unknown_insufficient_support,3,0.03372897717626655,0.11234395532243785,0.028060892847887358,0.035882821453045,0.03783830360433441,0.035882821453045,0.04268103278028818,0.051274303078263604,0.053422620652757456,0.051274303078263604,0.5932069466156341
395,unknown,unknown_insufficient_support,1,0.0,0.0,0.0,0.0,0.0,0.0,0.0,0.0,0.0,0.0,1.0
396,unknown,unknown_insufficient_support,1,0.0,0.0,0.0,0.0,0.0,0.0,0.0,0.0,0.0,0.0,1.0
397,unknown,unknown_insufficient_support,3,0.06864934435443482,0.22865617402996957,0.03877793099155205,0.13360487583294026,0.1573116120432873,0.13360487583294026,0.024466210728024195,0.09906770989284565,0.11771808468405101,0.09906770989284565,0.5488681127900705
398,unknown,unknown_insufficient_support,1,0.0,0.0,0.0,0.0,0.0,0.0,0.0,0.0,0.0,0.0,1.0
399,unknown,unknown_insufficient_support,3,0.03372897717626655,0.11234395532243785,0.028070955523127772,0.04522141003807655,0.04950902366681375,0.04522141003807655,0.042720142263729784,0.059940785886449,0.0642459467921288,0.059940785886449,0.5012230533134582
400,unknown,unknown_insufficient_support,3,0.03372897717626655,0.11234395532243785,0.0332963445643484,0.038051967555090965,0.039240873302776605,0.038051967555090965,0.048304442546975766,0.050932111315859015,0.05158902850807983,0.050932111315859015,0.5193316921452595
401,unknown,unknown_insufficient_support,3,0.03372897717626655,0.11234395532243785,0.03504120775106262,0.036666118501305224,0.03707234618886587,0.036666118501305224,0.04773269401306497,0.050976580686041814,0.051787552354286025,0.050976580686041814,0.5336020786830934
402,unknown,unknown_insufficient_support,3,0.03372897717626655,0.11234395532243785,0.029300001940606734,0.05307579874819099,0.05901974795008705,0.05307579874819099,0.04371751171880801,0.06861270998504132,0.07483650955159965,0.06861270998504132,0.5565650078410148
403,unknown,unknown_insufficient_support,1,0.0,0.0,0.0,0.0,0.0,0.0,0.0,0.0,0.0,0.0,1.0
404,unknown,unknown_insufficient_support,1,0.0,0.0,0.0,0.0,0.0,0.0,0.0,0.0,0.0,0.0,1.0
405,unknown,unknown_insufficient_support,1,0.0,0.0,0.0,0.0,0.0,0.0,0.0,0.0,0.0,0.0,1.0
406,unknown,unknown_insufficient_support,1,0.0,0.0,0.0,0.0,0.0,0.0,0.0,0.0,0.0,0.0,1.0
407,unknown,unknown_insufficient_support,2,0.0861647490486066,0.28699621298617795,0.1095425429860025,0.10954254298600255,0.10954254298600256,0.10954254298600255,0.07083080403072382,0.07083080403072393,0.07083080403072396,0.07083080403072393,0.5266714209602419
408,unknown,unknown_insufficient_support,3,0.03372897717626655,0.11234395532243785,0.020071410151855037,0.044102386595787045,0.05011013070677005,0.044102386595787045,0.03541721635506871,0.05718213084109262,0.06262335946259859,0.05718213084109262,0.4978036933777758
409,unknown,unknown_insufficient_support,3,0.03372897717626655,0.11234395532243785,0.020241561292507378,0.04435495706859731,0.05038330601261979,0.04435495706859731,0.034289598206807465,0.05721036007706673,0.06294055054463155,0.05721036007706673,0.4913493359982965
410,unknown,unknown_insufficient_support,3,0.03372897717626655,0.11234395532243785,0.025211022603351438,0.04230764354088121,0.04658179877526365,0.04230764354088121,0.038569427471937145,0.05540474366584068,0.05961357271431657,0.05540474366584068,0.501397315500543
411,unknown,unknown_insufficient_support,2,0.0169192810479335,0.056354479538570076,0.015641386827661932,0.015641386827661984,0.015641386827661998,0.015641386827661984,0.022770072064482352,0.022770072064482484,0.022770072064482515,0.022770072064482484,0.7504066823657776
412,unknown,unknown_insufficient_support,2,0.0169192810479335,0.056354479538570076,0.021780853631652653,0.02178085363165272,0.021780853631652736,0.02178085363165272,0.029478332385202085,0.0294783323852023,0.029478332385202356,0.0294783323852023,0.6894126082613531
413,unknown,unknown_insufficient_support,2,0.0169192810479335,0.056354479538570076,0.012374630551023185,0.012374630551023185,0.012374630551023185,0.012374630551023185,0.011793583070042395,0.011793583070042532,0.011793583070042565,0.011793583070042532,0.8229629486773912
414,unknown,unknown_insufficient_support,1,0.0,0.0,0.0,0.0,0.0,0.0,0.0,0.0,0.0,0.0,1.0
415,unknown,unknown_insufficient_support,1,0.0,0.0,0.0,0.0,0.0,0.0,0.0,0.0,0.0,0.0,1.0
416,unknown,unknown_insufficient_support,1,0.0,0.0,0.0,0.0,0.0,0.0,0.0,0.0,0.0,0.0,1.0
417,unknown,unknown_insufficient_support,1,0.0,0.0,0.0,0.0,0.0,0.0,0.0,0.0,0.0,0.0,1.0
418,unknown,unknown_insufficient_support,1,0.0,0.0,0.0,0.0,0.0,0.0,0.0,0.0,0.0,0.0,1.0
419,unknown,unknown_insufficient_support,2,0.0169192810479335,0.056354479538570076,0.024549570164991652,0.02454957016499166,0.02454957016499166,0.02454957016499166,0.030030988122605802,0.03003098812260594,0.030030988122605975,0.03003098812260594,0.643561622000402
420,unknown,unknown_insufficient_support,3,0.03372897717626655,0.11234395532243785,0.03250332411532898,0.042661760168518775,0.04520136918181622,0.042661760168518775,0.04664536591049812,0.054947323473782055,0.05702281286460304,0.054947323473782055,0.4922570620828297
421,unknown,unknown_insufficient_support,3,0.03372897717626655,0.11234395532243785,0.027533217830080576,0.04212523485139716,0.0457732391067263,0.04212523485139716,0.04249058336018431,0.05318373531661857,0.05585702330572713,0.05318373531661857,0.49300857893707684
422,unknown,unknown_insufficient_support,3,0.03372897717626655,0.11234395532243785,0.035819051960481005,0.04408112852535296,0.04614664766657095,0.04408112852535296,0.047709315873531735,0.0578500113972069,0.06038518527812569,0.0578500113972069,0.5121315868052057
423,unknown,unknown_insufficient_support,2,0.0169192810479335,0.056354479538570076,0.025589889759794225,0.025589889759794315,0.02558988975979434,0.025589889759794315,0.0326286284406513,0.03262862844065138,0.032628628440651404,0.03262862844065138,0.6508975691493062
424,unknown,unknown_insufficient_support,1,0.0,0.0,0.0,0.0,0.0,0.0,0.0,0.0,0.0,0.0,1.0
425,unknown,unknown_insufficient_support,1,0.0,0.0,0.0,0.0,0.0,0.0,0.0,0.0,0.0,0.0,1.0
426,unknown,unknown_insufficient_support,1,0.0,0.0,0.0,0.0,0.0,0.0,0.0,0.0,0.0,0.0,1.0
427,unknown,unknown_insufficient_support,2,0.06864934435443482,0.22865617402996957,0.09326328602412456,0.09326328602412459,0.0932632860241246,0.09326328602412459,0.06822593671821156,0.06822593671821156,0.06822593671821156,0.06822593671821156,0.525922662730621
428,unknown,unknown_insufficient_support,1,0.0,0.0,0.0,0.0,0.0,0.0,0.0,0.0,0.0,0.0,1.0
429,unknown,unknown_insufficient_support,1,0.0,0.0,0.0,0.0,0.0,0.0,0.0,0.0,0.0,0.0,1.0
430,unknown,unknown_insufficient_support,1,0.0,0.0,0.0,0.0,0.0,0.0,0.0,0.0,0.0,0.0,1.0
431,unknown,unknown_insufficient_support,2,0.0169192810479335,0.056354479538570076,0.02102394317695501,0.021023943176955016,0.021023943176955016,0.021023943176955016,0.025158029254860305,0.02515802925486043,0.02515802925486046,0.02515802925486043,0.6692601241054522
432,unknown,unknown_insufficient_support,1,0.0,0.0,0.0,0.0,0.0,0.0,0.0,0.0,0.0,0.0,1.0
433,unknown,unknown_insufficient_support,1,0.0,0.0,0.0,0.0,0.0,0.0,0.0,0.0,0.0,0.0,1.0
434,unknown,unknown_insufficient_support,2,0.0169192810479335,0.056354479538570076,0.011492438598697013,0.011492438598697013,0.011492438598697013,0.011492438598697013,0.003387892087885252,0.00338789208788531,0.0033878920878853244,0.00338789208788531,0.9322935366837923
435,unknown,unknown_insufficient_support,2,0.0169192810479335,0.056354479538570076,0.017188912918381313,0.017188912918381382,0.0171889129183814,0.017188912918381382,0.013939301347989885,0.013939301347989928,0.013939301347989938,0.013939301347989928,0.750460174605249
436,unknown,unknown_insufficient_support,1,0.0,0.0,0.0,0.0,0.0,0.0,0.0,0.0,0.0,0.0,1.0
437,unknown,unknown_insufficient_support,2,0.0861647490486066,0.28699621298617795,0.11299325151271913,0.11299325151271923,0.11299325151271926,0.11299325151271923,0.0744002000204867,0.07440020002048672,0.07440020002048674,0.07440020002048672,0.5271540019132365
438,unknown,unknown_insufficient_support,3,0.10367873512051906,0.34533152681731394,0.0447095565746237,0.18818577415356702,0.22405482854830283,0.18818577415356702,0.03508306382768592,0.11910331196375011,0.14010837399776616,0.11910331196375011,0.3745283137318651
439,unknown,unknown_insufficient_support,3,0.03372897717626655,0.11234395532243785,0.030136660641771514,0.04223366906470409,0.04525792117043723,0.04223366906470409,0.04529563902106242,0.053215731117787525,0.0551957541419688,0.053215731117787525,0.4884947951277154
440,unknown,unknown_insufficient_support,2,0.0169192810479335,0.056354479538570076,0.020797751842940713,0.020797751842940845,0.02079775184294088,0.020797751842940845,0.026425145916002767,0.02642514591600279,0.0264251459160028,0.02642514591600279,0.6770698630263188
441,unknown,unknown_insufficient_support,2,0.0169192810479335,0.056354479538570076,0.007413739691316107,0.00741373969131612,0.007413739691316123,0.00741373969131612,0.0037868118595877774,0.003786811859587924,0.0037868118595879604,0.003786811859587924,0.9229240557370897
442,unknown,unknown_insufficient_support,2,0.0169192810479335,0.056354479538570076,0.017901887256692596,0.0179018872566926,0.0179018872566926,0.0179018872566926,0.011783806849576542,0.011783806849576544,0.011783806849576544,0.011783806849576544,0.8033691380221635
443,unknown,unknown_insufficient_support,2,0.2104949112521589,0.7011131936118388,0.14432581321655386,0.14432581321655394,0.14432581321655397,0.14432581321655394,0.06372405862837907,0.0637240586283791,0.0637240586283791,0.0637240586283791,0.5229873023543968
444,unknown,unknown_insufficient_support,3,0.0861647490486066,0.28699621298617795,0.03906846952122035,0.1569737787933545,0.18645010611138804,0.1569737787933545,0.03001633899513494,0.10788975525040102,0.12735810931421754,0.10788975525040102,0.3798065862326147
445,unknown,unknown_absolute_residual,4,0.10367873512051906,0.34533152681731394,0.054338688752187496,0.16724592804938676,0.20518601072617873,0.16724592804938676,0.042077154171346026,0.11498255217214201,0.13931725888231566,0.11498255217214201,0.2954114077000509
446,unknown,unknown_insufficient_support,2,0.0169192810479335,0.056354479538570076,0.01852472542526753,0.018524725425267532,0.018524725425267532,0.018524725425267532,0.02392838263448606,0.023928382634486208,0.023928382634486246,0.023928382634486208,0.6975042502495128
447,unknown,unknown_insufficient_support,2,0.0169192810479335,0.056354479538570076,0.0401964701692217,0.04019647016922181,0.040196470169221836,0.04019647016922181,0.046549535558540446,0.04654953555854069,0.04654953555854075,0.04654953555854069,0.5711910314284868
448,unknown,unknown_insufficient_support,1,0.0,0.0,0.0,0.0,0.0,0.0,0.0,0.0,0.0,0.0,1.0
449,unknown,unknown_insufficient_support,1,0.0,0.0,0.0,0.0,0.0,0.0,0.0,0.0,0.0,0.0,1.0
450,unknown,unknown_insufficient_support,2,0.0169192810479335,0.056354479538570076,0.029368045768192533,0.02936804576819263,0.029368045768192654,0.02936804576819263,0.035726417626992024,0.035726417626992094,0.03572641762699211,0.035726417626992094,0.619193636797368
451,unknown,unknown_insufficient_support,1,0.0,0.0,0.0,0.0,0.0,0.0,0.0,0.0,0.0,0.0,1.0
452,unknown,unknown_insufficient_support,1,0.0,0.0,0.0,0.0,0.0,0.0,0.0,0.0,0.0,0.0,1.0
453,unknown,unknown_insufficient_support,2,0.017969695326825907,0.05985318316664736,0.017200377147447626,0.017200377147447626,0.017200377147447626,0.017200377147447626,0.010634589679449294,0.010634589679449294,0.010634589679449294,0.010634589679449294,0.7974574841309898
454,unknown,unknown_insufficient_support,2,0.017969695326825907,0.05985318316664736,0.01261131720446713,0.012611317204467147,0.01261131720446715,0.012611317204467147,0.0038384218605406095,0.0038384218605407596,0.003838421860540797,0.0038384218605407596,0.921307314196726
455,unknown,unknown_insufficient_support,1,0.0,0.0,0.0,0.0,0.0,0.0,0.0,0.0,0.0,0.0,1.0
456,unknown,unknown_insufficient_support,1,0.0,0.0,0.0,0.0,0.0,0.0,0.0,0.0,0.0,0.0,1.0
457,unknown,unknown_insufficient_support,1,0.0,0.0,0.0,0.0,0.0,0.0,0.0,0.0,0.0,0.0,1.0
458,static,static_track,4,0.05299908609291015,0.1765285359539917,0.028329946226139456,0.04105211497119571,0.04430027100756976,0.04105211497119571,0.03616659157382127,0.050982306736117866,0.052659500689362405,0.050982306736117866,0.42075593924316995
459,unknown,unknown_insufficient_support,2,0.017969695326825907,0.05985318316664736,0.010346389916207965,0.010346389916208044,0.010346389916208064,0.010346389916208044,0.011423227761052111,0.011423227761052262,0.011423227761052299,0.011423227761052262,0.7796557135017103
460,unknown,unknown_insufficient_support,1,0.0,0.0,0.0,0.0,0.0,0.0,0.0,0.0,0.0,0.0,1.0
461,unknown,unknown_insufficient_support,1,0.0,0.0,0.0,0.0,0.0,0.0,0.0,0.0,0.0,0.0,1.0
462,unknown,unknown_insufficient_support,1,0.0,0.0,0.0,0.0,0.0,0.0,0.0,0.0,0.0,0.0,1.0
463,unknown,unknown_insufficient_support,1,0.0,0.0,0.0,0.0,0.0,0.0,0.0,0.0,0.0,0.0,1.0
464,unknown,unknown_insufficient_support,1,0.0,0.0,0.0,0.0,0.0,0.0,0.0,0.0,0.0,0.0,1.0
465,unknown,unknown_insufficient_support,1,0.0,0.0,0.0,0.0,0.0,0.0,0.0,0.0,0.0,0.0,1.0
466,unknown,unknown_insufficient_support,2,0.017969695326825907,0.05985318316664736,0.015670044182962552,0.015670044182962646,0.01567004418296267,0.015670044182962646,0.019141905682778886,0.019141905682778886,0.019141905682778886,0.019141905682778886,0.7108035270871165
467,unknown,unknown_insufficient_support,3,0.035485100020997695,0.11819322212285573,0.027222502239440775,0.046194648313313554,0.050937684831781745,0.046194648313313554,0.031552797211555086,0.05187814484486108,0.056959481753187574,0.05187814484486108,0.5190209308253396
468,unknown,unknown_insufficient_support,3,0.035485100020997695,0.11819322212285573,0.025197276334065818,0.04574980697170115,0.05088793963110998,0.04574980697170115,0.03169829562103656,0.05236460884364779,0.0575311871493006,0.05236460884364779,0.5306477863187217
469,unknown,unknown_insufficient_support,2,0.017969695326825907,0.05985318316664736,0.009759294290266105,0.00975929429026629,0.009759294290266337,0.00975929429026629,0.0132567046383647,0.0132567046383647,0.0132567046383647,0.0132567046383647,0.7814957244939851
470,unknown,unknown_insufficient_support,2,0.017969695326825907,0.05985318316664736,0.009301527232755551,0.009301527232755616,0.009301527232755631,0.009301527232755616,0.015512643141306655,0.015512643141306655,0.015512643141306655,0.015512643141306655,0.8145636769237359
471,unknown,unknown_insufficient_support,1,0.0,0.0,0.0,0.0,0.0,0.0,0.0,0.0,0.0,0.0,1.0
472,unknown,unknown_insufficient_support,1,0.0,0.0,0.0,0.0,0.0,0.0,0.0,0.0,0.0,0.0,1.0
473,unknown,unknown_insufficient_support,2,0.017969695326825907,0.05985318316664736,0.03002536054671333,0.030025360546713464,0.0300253605467135,0.030025360546713464,0.03645716736207284,0.036457167362073106,0.03645716736207317,0.036457167362073106,0.612510437086957
474,unknown,unknown_insufficient_support,2,0.017969695326825907,0.05985318316664736,0.016144803782607266,0.01614480378260748,0.016144803782607537,0.01614480378260748,0.01873826411867638,0.01873826411867638,0.01873826411867638,0.01873826411867638,0.7086874921319806
475,unknown,unknown_insufficient_support,3,0.035485100020997695,0.11819322212285573,0.03270064269117734,0.04755062601897435,0.051263121850923604,0.04755062601897435,0.0420117958971532,0.05440593824038811,0.05750447382619684,0.05440593824038811,0.500332998293183
476,unknown,unknown_insufficient_support,2,0.017969695326825907,0.05985318316664736,0.011457928284730641,0.011457928284730738,0.011457928284730762,0.011457928284730738,0.016953870268895874,0.016953870268895978,0.016953870268896002,0.016953870268895978,0.7650678222126226
477,unknown,unknown_insufficient_support,1,0.0,0.0,0.0,0.0,0.0,0.0,0.0,0.0,0.0,0.0,1.0
478,unknown,unknown_insufficient_support,1,0.0,0.0,0.0,0.0,0.0,0.0,0.0,0.0,0.0,0.0,1.0
479,unknown,unknown_insufficient_support,3,0.090471398341051,0.3013407338167778,0.037149478626737766,0.10626093061961012,0.1235387936178282,0.10626093061961012,0.019800551819390888,0.05815979376276692,0.06774960424861093,0.05815979376276692,0.5934480800439893
480,unknown,unknown_insufficient_support,2,0.090471398341051,0.3013407338167778,0.08424175462107344,0.08424175462107353,0.08424175462107354,0.08424175462107353,0.04654485604594214,0.04654485604594229,0.04654485604594232,0.04654485604594229,0.5584730606833151
481,unknown,unknown_insufficient_support,2,0.017969695326825907,0.05985318316664736,0.016150012245751293,0.016150012245751463,0.016150012245751504,0.016150012245751463,0.021459106217687873,0.021459106217687998,0.02145910621768803,0.021459106217687998,0.7121760586188812
482,unknown,unknown_insufficient_support,2,0.017969695326825907,0.05985318316664736,0.009346095206874967,0.009346095206874972,0.009346095206874974,0.009346095206874972,0.014314157070269017,0.014314157070269045,0.014314157070269052,0.014314157070269045,0.7979536756877246
483,unknown,unknown_insufficient_support,2,0.017969695326825907,0.05985318316664736,0.01934629724069683,0.01934629724069683,0.01934629724069683,0.01934629724069683,0.025705755447430333,0.02570575544743038,0.02570575544743039,0.02570575544743038,0.6862311298730935
484,unknown,unknown_insufficient_support,1,0.0,0.0,0.0,0.0,0.0,0.0,0.0,0.0,0.0,0.0,1.0
485,unknown,unknown_insufficient_support,2,0.017969695326825907,0.05985318316664736,0.022344611700747252,0.02234461170074747,0.022344611700747526,0.02234461170074747,0.015204940323499973,0.015204940323499973,0.015204940323499973,0.015204940323499973,0.787140646625935
486,unknown,unknown_insufficient_support,2,0.15981526222455,0.5323102027485166,0.09812118349537896,0.09812118349537896,0.09812118349537896,0.09812118349537896,0.050452473967257605,0.05045247396725762,0.05045247396725762,0.05045247396725762,0.5251186213415633
487,unknown,unknown_insufficient_support,3,0.090471398341051,0.3013407338167778,0.051004344933513315,0.10578809141510499,0.11948402803550291,0.10578809141510499,0.03540836190801944,0.05793323465987441,0.06356445284783815,0.05793323465987441,0.5295288948093154
488,unknown,unknown_insufficient_support,3,0.090471398341051,0.3013407338167778,0.04534088037578353,0.10609004015068778,0.12127733009441384,0.10609004015068778,0.028002458868281455,0.0647616766717977,0.07395148112267677,0.0647616766717977,0.5493498550732556
489,unknown,unknown_insufficient_support,2,0.017969695326825907,0.05985318316664736,0.018504331477997488,0.018504331477997623,0.018504331477997658,0.018504331477997623,0.009907740706800092,0.009907740706800092,0.009907740706800092,0.009907740706800092,0.8148234580189015
490,unknown,unknown_insufficient_support,2,0.017969695326825907,0.05985318316664736,0.017000164060621357,0.01700016406062142,0.017000164060621437,0.01700016406062142,0.021539435740922947,0.021539435740923082,0.021539435740923117,0.021539435740923082,0.7069263777124724
491,unknown,unknown_insufficient_support,2,0.017969695326825907,0.05985318316664736,0.01912522878859162,0.01912522878859179,0.019125228788591832,0.01912522878859179,0.0229463127137627,0.022946312713762806,0.022946312713762834,0.022946312713762806,0.6821832319083768
492,unknown,unknown_insufficient_support,3,0.035485100020997695,0.11819322212285573,0.031864756554084064,0.04737921587665314,0.051257830707295414,0.04737921587665314,0.04219857501447869,0.05335339549141312,0.05614210061064673,0.05335339549141312,0.5166062014541747
493,unknown,unknown_insufficient_support,1,0.0,0.0,0.0,0.0,0.0,0.0,0.0,0.0,0.0,0.0,1.0
494,unknown,unknown_insufficient_support,1,0.0,0.0,0.0,0.0,0.0,0.0,0.0,0.0,0.0,0.0,1.0
495,unknown,unknown_insufficient_support,2,0.07131855615692373,0.2375467434035331,0.07173412931218072,0.07173412931218082,0.07173412931218084,0.07173412931218082,0.04002534320719185,0.04002534320719185,0.04002534320719185,0.04002534320719185,0.5740051732806994
496,unknown,unknown_insufficient_support,3,0.07131855615692373,0.2375467434035331,0.04328615944829409,0.1109016482134443,0.12780552040473184,0.1109016482134443,0.020995556239737923,0.08910726761030814,0.10613519545295069,0.08910726761030814,0.5445035699609135
497,unknown,unknown_insufficient_support,2,0.017969695326825907,0.05985318316664736,0.023013761429745143,0.02301376142974529,0.023013761429745323,0.02301376142974529,0.027949912848115606,0.02794991284811573,0.027949912848115762,0.02794991284811573,0.6531233314359666
498,unknown,unknown_insufficient_support,2,0.017969695326825907,0.05985318316664736,0.007699903073945896,0.007699903073945909,0.007699903073945913,0.007699903073945909,0.010409062181285164,0.010409062181285287,0.010409062181285319,0.010409062181285287,0.8421372274828098
499,unknown,unknown_insufficient_support,1,0.0,0.0,0.0,0.0,0.0,0.0,0.0,0.0,0.0,0.0,1.0
500,unknown,unknown_insufficient_support,1,0.0,0.0,0.0,0.0,0.0,0.0,0.0,0.0,0.0,0.0,1.0
501,unknown,unknown_insufficient_support,2,0.090471398341051,0.3013407338167778,0.06985249925454921,0.06985249925454926,0.06985249925454927,0.06985249925454926,0.04342309058484013,0.04342309058484021,0.04342309058484023,0.04342309058484021,0.563845910511714
502,unknown,unknown_insufficient_support,3,0.090471398341051,0.3013407338167778,0.04535233796044051,0.12284697611035524,0.1422206356478339,0.12284697611035524,0.0394141723138657,0.07524360036640913,0.08420095737954499,0.07524360036640913,0.4265082780233789
503,unknown,unknown_insufficient_support,1,0.0,0.0,0.0,0.0,0.0,0.0,0.0,0.0,0.0,0.0,1.0
504,unknown,unknown_insufficient_support,2,0.07131855615692373,0.2375467434035331,0.06791856367317542,0.06791856367317546,0.06791856367317546,0.06791856367317546,0.035437954402540564,0.03543795440254066,0.03543795440254069,0.03543795440254066,0.5928012507316792
505,unknown,unknown_insufficient_support,3,0.07131855615692373,0.2375467434035331,0.04491599868658646,0.08807962614047309,0.09887053300394474,0.08807962614047309,0.033976188478137714,0.04759457256835711,0.05099916859091196,0.04759457256835711,0.5442921057729303
506,unknown,unknown_insufficient_support,3,0.07131855615692373,0.2375467434035331,0.03865383937970167,0.10516111936780981,0.12178793936483684,0.10516111936780981,0.01922610141559125,0.08236868065618648,0.09815432546633528,0.08236868065618648,0.5721471425235299
507,unknown,unknown_insufficient_support,2,0.017969695326825907,0.05985318316664736,0.023394835462513187,0.023394835462513273,0.023394835462513294,0.023394835462513273,0.028273230538716387,0.02827323053871652,0.02827323053871655,0.02827323053871652,0.6528614146316938
508,unknown,unknown_insufficient_support,2,0.017969695326825907,0.05985318316664736,0.03938701156223943,0.03938701156223955,0.03938701156223959,0.03938701156223955,0.04589881643451238,0.045898816434512484,0.04589881643451251,0.045898816434512484,0.572107599169679
509,unknown,unknown_insufficient_support,2,0.05299908609291015,0.1765285359539917,0.034424092651487694,0.03442409265148787,0.03442409265148791,0.03442409265148787,0.06026438286140563,0.06026438286140579,0.060264382861405834,0.06026438286140579,0.6321937634662343
510,unknown,unknown_absolute_residual,4,0.10645071423049812,0.3545643919486452,0.019686771923103683,0.09462489083874778,0.12504481723084496,0.09462489083874778,0.018358392063746943,0.05271361411633085,0.06364752115608906,0.05271361411633085,0.3928876209408596
511,unknown,unknown_insufficient_support,2,0.07131855615692373,0.2375467434035331,0.06789794853264935,0.06789794853264937,0.06789794853264937,0.06789794853264937,0.03474226229220191,0.03474226229220197,0.03474226229220198,0.03474226229220197,0.6048484075741389
512,unknown,unknown_insufficient_support,2,0.07131855615692373,0.2375467434035331,0.06652353500259743,0.06652353500259757,0.0665235350025976,0.06652353500259757,0.03378709995856643,0.03378709995856646,0.03378709995856647,0.03378709995856646,0.6007151460987362
513,unknown,unknown_insufficient_support,3,0.07131855615692373,0.2375467434035331,0.049862897919904677,0.10355644122704716,0.11697982705383278,0.10355644122704716,0.025781199935780208,0.08149948259478786,0.09542905325953976,0.08149948259478786,0.5326394765705199
514,unknown,unknown_insufficient_support,3,0.07131855615692373,0.2375467434035331,0.04224062481194442,0.09680346514541592,0.11044417522878379,0.09680346514541592,0.026516597309478633,0.06531910682636996,0.0750197342055928,0.06531910682636996,0.584301491876247
515,unknown,unknown_insufficient_support,1,0.0,0.0,0.0,0.0,0.0,0.0,0.0,0.0,0.0,0.0,1.0
516,unknown,unknown_insufficient_support,3,0.05299908609291015,0.1765285359539917,0.028287495203783236,0.05611939192620383,0.06307736610680897,0.05611939192620383,0.045432866814854485,0.0852830372126257,0.09524557981206849,0.0852830372126257,0.49282797474677936
517,unknown,unknown_insufficient_support,3,0.090471398341051,0.3013407338167778,0.04046492933747469,0.10838647139263952,0.1253668569064307,0.10838647139263952,0.036581896655370774,0.05704697434589125,0.06216324376852137,0.05704697434589125,0.46187593956432854
518,unknown,unknown_insufficient_support,3,0.090471398341051,0.3013407338167778,0.016019752932153002,0.11333660911403429,0.1376658231595046,0.11333660911403429,0.012894101829959759,0.07023089201223498,0.08456508955780379,0.07023089201223498,0.4215972472751765
519,unknown,unknown_insufficient_support,3,0.07131855615692373,0.2375467434035331,0.04519086584702232,0.08699489004941748,0.09744589610001626,0.08699489004941748,0.027553369932688483,0.05769119518034774,0.06522565149226255,0.05769119518034774,0.5695092408515477
520,unknown,unknown_insufficient_support,3,0.07131855615692373,0.2375467434035331,0.04537593519358628,0.09447896004758603,0.10675471626108597,0.09447896004758603,0.03590542385239185,0.05871879164512188,0.06442213359330438,0.05871879164512188,0.5359389519235012
521,unknown,unknown_insufficient_support,2,0.017969695326825907,0.05985318316664736,0.024078723406649318,0.024078723406649318,0.024078723406649318,0.024078723406649318,0.01567976329939728,0.01567976329939749,0.01567976329939754,0.01567976329939749,0.7833320092572882
522,unknown,unknown_insufficient_support,1,0.0,0.0,0.0,0.0,0.0,0.0,0.0,0.0,0.0,0.0,1.0
523,unknown,unknown_insufficient_support,2,0.07131855615692373,0.2375467434035331,0.06847891449205148,0.06847891449205148,0.06847891449205148,0.06847891449205148,0.04392891246554441,0.04392891246554445,0.04392891246554446,0.04392891246554445,0.568401851526399
524,unknown,unknown_insufficient_support,2,0.07131855615692373,0.2375467434035331,0.0650528861593781,0.06505288615937825,0.06505288615937828,0.06505288615937825,0.037239577122563754,0.037239577122563754,0.037239577122563754,0.037239577122563754,0.6139359647581284
525,unknown,unknown_insufficient_support,2,0.07131855615692373,0.2375467434035331,0.06395744673690434,0.06395744673690437,0.06395744673690437,0.06395744673690437,0.03377954635184277,0.03377954635184284,0.03377954635184286,0.03377954635184284,0.6218010550066704
526,unknown,unknown_insufficient_support,2,0.018319470064013577,0.06101820744954139,0.03827640099332738,0.03827640099332738,0.03827640099332738,0.03827640099332738,0.04669240597777523,0.0466924059777754,0.04669240597777544,0.0466924059777754,0.6127345223896589
527,unknown,unknown_insufficient_support,2,0.018319470064013577,0.06101820744954139,0.03194389366710635,0.03194389366710635,0.03194389366710635,0.03194389366710635,0.04063055883715612,0.04063055883715628,0.04063055883715632,0.04063055883715628,0.6395523728317096
528,unknown,unknown_insufficient_support,2,0.018319470064013577,0.06101820744954139,0.03498836416674492,0.03498836416674494,0.034988364166744945,0.03498836416674494,0.043762488550048356,0.043762488550048544,0.04376248855004859,0.043762488550048544,0.618770825606084
529,unknown,unknown_insufficient_support,2,0.018319470064013577,0.06101820744954139,0.041224461713397026,0.041224461713397026,0.041224461713397026,0.041224461713397026,0.04956259031114979,0.04956259031114998,0.049562590311150026,0.04956259031114998,0.5897046599735082
530,unknown,unknown_insufficient_support,2,0.018319470064013577,0.06101820744954139,0.027229386404099942,0.027229386404099963,0.027229386404099967,0.027229386404099963,0.03604748658735356,0.03604748658735357,0.03604748658735358,0.03604748658735357,0.6644134143699568
531,unknown,unknown_insufficient_support,3,0.03747231224814085,0.12481219786278608,0.04924294462875142,0.051773458362624196,0.05240608679609239,0.051773458362624196,0.0670678525795981,0.06988365194932117,0.07058760179175193,0.06988365194932117,0.5365116342177809
532,unknown,unknown_insufficient_support,2,0.018319470064013577,0.06101820744954139,0.016502349222128745,0.01650234922212878,0.016502349222128787,0.01650234922212878,0.025660482281441438,0.025660482281441577,0.02566048228144161,0.025660482281441577,0.7659903464805887
533,unknown,unknown_insufficient_support,2,0.018319470064013577,0.06101820744954139,0.02587749553715949,0.02587749553715951,0.025877495537159515,0.02587749553715951,0.034900111826803734,0.03490011182680389,0.03490011182680392,0.03490011182680389,0.6745034633096831
534,unknown,unknown_insufficient_support,1,0.0,0.0,0.0,0.0,0.0,0.0,0.0,0.0,0.0,0.0,1.0
535,unknown,unknown_insufficient_support,1,0.0,0.0,0.0,0.0,0.0,0.0,0.0,0.0,0.0,0.0,1.0
536,unknown,unknown_insufficient_support,2,0.018319470064013577,0.06101820744954139,0.019300654552636503,0.019300654552636524,0.01930065455263653,0.019300654552636524,0.028311487843706108,0.028311487843706427,0.028311487843706507,0.028311487843706427,0.7764366922373116
537,unknown,unknown_insufficient_support,3,0.03747231224814085,0.12481219786278608,0.041108776037135905,0.05454428585055335,0.057903163303907705,0.05454428585055335,0.0580220362575745,0.07251636818089187,0.07613995116172122,0.07251636818089187,0.5282406501280659
538,unknown,unknown_insufficient_support,2,0.018319470064013577,0.06101820744954139,0.02195689961573898,0.021956899615738986,0.02195689961573899,0.021956899615738986,0.030973042795799325,0.030973042795799512,0.03097304279579956,0.030973042795799512,0.7213290177505067
539,unknown,unknown_insufficient_support,2,0.018319470064013577,0.06101820744954139,0.019272466628180905,0.019272466628180916,0.01927246662818092,0.019272466628180916,0.028365816762268153,0.028365816762268285,0.02836581676226832,0.028365816762268285,0.7422157788082483
540,unknown,unknown_insufficient_support,2,0.018319470064013577,0.06101820744954139,0.02947958479213955,0.02947958479213958,0.029479584792139586,0.02947958479213958,0.03854817213421717,0.03854817213421732,0.038548172134217365,0.03854817213421732,0.6524511447777588
541,unknown,unknown_insufficient_support,1,0.0,0.0,0.0,0.0,0.0,0.0,0.0,0.0,0.0,0.0,1.0
542,unknown,unknown_insufficient_support,1,0.0,0.0,0.0,0.0,0.0,0.0,0.0,0.0,0.0,0.0,1.0
543,unknown,unknown_insufficient_support,3,0.03747231224814085,0.12481219786278608,0.0402869166593238,0.04812378760614638,0.05008300534285202,0.04812378760614638,0.05804708188115283,0.06616797116725458,0.06819819348878,0.06616797116725458,0.545685654316079
544,unknown,unknown_insufficient_support,3,0.03747231224814085,0.12481219786278608,0.04179241417316081,0.051575645634858655,0.05402145350028311,0.051575645634858655,0.06075471171825376,0.06997467110678034,0.07227966095391197,0.06997467110678034,0.4972592618029848
545,unknown,unknown_insufficient_support,3,0.03747231224814085,0.12481219786278608,0.045681471510181766,0.05805901079840773,0.06115339562046422,0.05805901079840773,0.06345187665673037,0.07679763736042665,0.08013407753635073,0.07679763736042665,0.5079867782369772
546,unknown,unknown_insufficient_support,2,0.018319470064013577,0.06101820744954139,0.02430660075447747,0.024306600754477554,0.024306600754477575,0.024306600754477554,0.032839895659911855,0.03283989565991216,0.03283989565991224,0.03283989565991216,0.6669123049660635
547,moving,moving_track,4,0.0910506210104347,0.30326999972220153,0.05573254512661146,0.06109918144224245,0.06316246451272746,0.06109918144224245,0.03498776696017012,0.04657120746857759,0.04814519292242882,0.04657120746857759,0.4226936524468728
548,unknown,unknown_insufficient_support,3,0.06823142736135002,0.2272641825754335,0.02062549727259518,0.08178245261239786,0.09707169144734852,0.08178245261239786,0.013814528725307973,0.05946895921463811,0.07088256683697064,0.05946895921463811,0.5703785929895554
549,unknown,unknown_insufficient_support,2,0.018319470064013577,0.06101820744954139,0.01763460521505004,0.017634605215050052,0.017634605215050055,0.017634605215050052,0.01285771014461893,0.012857710144618988,0.012857710144619002,0.012857710144618988,0.7990970629243922
550,unknown,unknown_insufficient_support,3,0.03747231224814085,0.12481219786278608,0.03644007321572421,0.041720857868215055,0.04304105403133777,0.041720857868215055,0.05466542413595249,0.05961693722585275,0.06085481549832781,0.05961693722585275,0.6064311216291555
551,unknown,unknown_insufficient_support,3,0.03747231224814085,0.12481219786278608,0.03676495764077856,0.05425198367248188,0.05862374018040771,0.05425198367248188,0.055148583461997074,0.07268917857140242,0.07707432734875375,0.07268917857140242,0.5660956933794016
552,unknown,unknown_insufficient_support,3,0.03747231224814085,0.12481219786278608,0.04399609986880885,0.05983002168274928,0.06378850213623438,0.05983002168274928,0.06280696806245226,0.07717818757305785,0.08077099245070925,0.07717818757305785,0.45689482812879306
553,unknown,unknown_insufficient_support,1,0.0,0.0,0.0,0.0,0.0,0.0,0.0,0.0,0.0,0.0,1.0
554,unknown,unknown_insufficient_support,1,0.0,0.0,0.0,0.0,0.0,0.0,0.0,0.0,0.0,0.0,1.0
555,unknown,unknown_insufficient_support,2,0.06823142736135002,0.2272641825754335,0.05508405812239936,0.05508405812239947,0.0550840581223995,0.05508405812239947,0.04058492842520833,0.040584928425208514,0.040584928425208555,0.040584928425208514,0.5471165574333015
556,unknown,unknown_insufficient_support,3,0.06823142736135002,0.2272641825754335,0.030433589167252164,0.07838944211511903,0.09037840535208574,0.07838944211511903,0.03028209969085347,0.0627818973654197,0.07090684678406126,0.0627818973654197,0.5062264426754165
557,unknown,unknown_insufficient_support,2,0.018319470064013577,0.06101820744954139,0.01602000247224042,0.01602000247224057,0.01602000247224061,0.01602000247224057,0.017994674066536934,0.01799467406653702,0.017994674066537042,0.01799467406653702,0.71844772323054
558,unknown,unknown_insufficient_support,2,0.018319470064013577,0.06101820744954139,0.026805381642576738,0.026805381642576787,0.026805381642576797,0.026805381642576787,0.02947144316701663,0.029471443167016872,0.02947144316701693,0.029471443167016872,0.6261709752258903
559,unknown,unknown_insufficient_support,3,0.03747231224814085,0.12481219786278608,0.037525109829160054,0.04313225056133253,0.04453403574437565,0.04313225056133253,0.05620313816915133,0.06163391024192241,0.06299160326011519,0.06163391024192241,0.5290864720692011
560,unknown,unknown_insufficient_support,2,0.018319470064013577,0.06101820744954139,0.034084797668993756,0.03408479766899385,0.034084797668993874,0.03408479766899385,0.04238279657880566,0.04238279657880579,0.04238279657880582,0.04238279657880579,0.6133829084086311
561,unknown,unknown_insufficient_support,3,0.10681617613163985,0.3557816667945249,0.039604546149719366,0.11976143663913845,0.1398006592614932,0.11976143663913845,0.03966531309152041,0.05410746505572725,0.05771800304677896,0.05410746505572725,0.482620346385814
562,unknown,unknown_insufficient_support,2,0.06823142736135002,0.2272641825754335,0.05761739064576746,0.057617390645767486,0.05761739064576749,0.057617390645767486,0.04920794483369402,0.04920794483369407,0.04920794483369408,0.04920794483369407,0.5504745362166377
563,unknown,unknown_insufficient_support,1,0.0,0.0,0.0,0.0,0.0,0.0,0.0,0.0,0.0,0.0,1.0
564,unknown,unknown_insufficient_support,1,0.0,0.0,0.0,0.0,0.0,0.0,0.0,0.0,0.0,0.0,1.0
565,unknown,unknown_insufficient_support,1,0.0,0.0,0.0,0.0,0.0,0.0,0.0,0.0,0.0,0.0,1.0
566,unknown,unknown_insufficient_support,2,0.018319470064013577,0.06101820744954139,0.018643842836005352,0.0186438428360054,0.018643842836005415,0.0186438428360054,0.02768267700702843,0.02768267700702857,0.027682677007028606,0.02768267700702857,0.7549570580451592
567,unknown,unknown_insufficient_support,3,0.03747231224814085,0.12481219786278608,0.02143655808782594,0.06563668725829792,0.07668671955091592,0.06563668725829792,0.03795558700880676,0.08378170345532278,0.09523823256695178,0.08378170345532278,0.6129917440174959
568,unknown,unknown_insufficient_support,2,0.018319470064013577,0.06101820744954139,0.04842692939376132,0.048426929393761406,0.04842692939376143,0.048426929393761406,0.056949885474507446,0.05694988547450759,0.056949885474507626,0.05694988547450759,0.56313614061475
569,unknown,unknown_absolute_residual,5,0.10681617613163985,0.3557816667945249,0.0420551542017237,0.15171356178861156,0.16509819370235665,0.15171356178861156,0.04110799311515228,0.07437467446603256,0.09223001753819304,0.07437467446603256,0.35192217064907516
570,unknown,unknown_insufficient_support,3,0.09782227043017433,0.3258249048382021,0.024237985509000914,0.09942006310014243,0.1182155824979278,0.09942006310014243,0.033749030518439395,0.05001286729518761,0.05407882648937466,0.05001286729518761,0.5158091427229452
571,unknown,unknown_insufficient_support,1,0.0,0.0,0.0,0.0,0.0,0.0,0.0,0.0,0.0,0.0,1.0
572,unknown,unknown_insufficient_support,2,0.06823142736135002,0.2272641825754335,0.05565522766809241,0.055655227668092486,0.055655227668092506,0.055655227668092486,0.03188528275573184,0.0318852827557319,0.031885282755731915,0.0318852827557319,0.5952050463696109
573,unknown,unknown_insufficient_support,2,0.06823142736135002,0.2272641825754335,0.05713706351815626,0.05713706351815639,0.057137063518156415,0.05713706351815639,0.04280475445850295,0.042804754458503146,0.042804754458503194,0.042804754458503146,0.5515959379353692
574,unknown,unknown_insufficient_support,1,0.0,0.0,0.0,0.0,0.0,0.0,0.0,0.0,0.0,0.0,1.0
575,unknown,unknown_insufficient_support,2,0.018319470064013577,0.06101820744954139,0.03596453167153667,0.03596453167153667,0.03596453167153667,0.03596453167153667,0.044876715084890745,0.04487671508489084,0.04487671508489086,0.04487671508489084,0.6219075023924047
576,unknown,unknown_insufficient_support,3,0.03747231224814085,0.12481219786278608,0.056927783771679716,0.05757476522068336,0.05773651058293427,0.05757476522068336,0.07546587875860715,0.0756350502080791,0.0756773430704471,0.0756350502080791,0.468437112049321
577,unknown,unknown_insufficient_support,3,0.08002352280746317,0.26654111163950944,0.0330266951038065,0.0911843268507458,0.10572373478748062,0.0911843268507458,0.04674305004864399,0.07419792164698027,0.08106163954656434,0.07419792164698027,0.47074516452682497
578,unknown,unknown_insufficient_support,1,0.0,0.0,0.0,0.0,0.0,0.0,0.0,0.0,0.0,0.0,1.0
579,unknown,unknown_insufficient_support,1,0.0,0.0,0.0,0.0,0.0,0.0,0.0,0.0,0.0,0.0,1.0
580,unknown,unknown_insufficient_support,1,0.0,0.0,0.0,0.0,0.0,0.0,0.0,0.0,0.0,0.0,1.0
581,unknown,unknown_insufficient_support,2,0.05345162813758797,0.17803585599465346,0.04258523529640023,0.04258523529640023,0.04258523529640023,0.04258523529640023,0.029431400428952162,0.0294314004289523,0.029431400428952335,0.0294314004289523,0.630154997555305
582,unknown,unknown_insufficient_support,2,0.018319470064013577,0.06101820744954139,0.03995245349542137,0.039952453495421376,0.039952453495421376,0.039952453495421376,0.04890227825731902,0.04890227825731912,0.04890227825731914,0.04890227825731912,0.6044471570441711
583,unknown,unknown_insufficient_support,2,0.018319470064013577,0.06101820744954139,0.04379780115037085,0.043797801150370914,0.04379780115037093,0.043797801150370914,0.05263999488297959,0.05263999488297973,0.05263999488297977,0.05263999488297973,0.584300327493493
584,unknown,unknown_insufficient_support,2,0.03747231224814085,0.12481219786278608,0.02444633815201227,0.02444633815201227,0.02444633815201227,0.02444633815201227,0.04135265114018069,0.04135265114018077,0.04135265114018078,0.04135265114018077,0.6607870471840086
585,unknown,unknown_insufficient_support,1,0.0,0.0,0.0,0.0,0.0,0.0,0.0,0.0,0.0,0.0,1.0
586,unknown,unknown_insufficient_support,1,0.0,0.0,0.0,0.0,0.0,0.0,0.0,0.0,0.0,0.0,1.0
587,unknown,unknown_insufficient_support,2,0.06823142736135002,0.2272641825754335,0.06647853494354673,0.06647853494354687,0.0664785349435469,0.06647853494354687,0.05372268579410193,0.05372268579410208,0.05372268579410212,0.05372268579410208,0.5404094898621202
588,unknown,unknown_insufficient_support,2,0.05345162813758797,0.17803585599465346,0.03809955878885534,0.03809955878885534,0.03809955878885534,0.03809955878885534,0.014521733797486395,0.014521733797486523,0.014521733797486554,0.014521733797486523,0.7467196700822271
589,unknown,unknown_insufficient_support,3,0.10681617613163985,0.3557816667945249,0.0594763657860488,0.060251237627516094,0.06044495558788292,0.060251237627516094,0.024129477954787537,0.08820431570656606,0.10422302514451068,0.08820431570656606,0.5480650700111781
590,unknown,unknown_insufficient_support,1,0.0,0.0,0.0,0.0,0.0,0.0,0.0,0.0,0.0,0.0,1.0
591,unknown,unknown_insufficient_support,1,0.0,0.0,0.0,0.0,0.0,0.0,0.0,0.0,0.0,0.0,1.0
592,unknown,unknown_insufficient_support,1,0.0,0.0,0.0,0.0,0.0,0.0,0.0,0.0,0.0,0.0,1.0
593,unknown,unknown_insufficient_support,1,0.0,0.0,0.0,0.0,0.0,0.0,0.0,0.0,0.0,0.0,1.0
594,unknown,unknown_insufficient_support,1,0.0,0.0,0.0,0.0,0.0,0.0,0.0,0.0,0.0,0.0,1.0
595,unknown,unknown_insufficient_support,3,0.026571894669875196,0.08850525564485598,0.03483257099464799,0.11175211562493288,0.1309820017825041,0.11175211562493288,0.04649635211376438,0.12561977077840247,0.145400625444562,0.12561977077840247,0.3970117655914999
596,unknown,unknown_insufficient_support,1,0.0,0.0,0.0,0.0,0.0,0.0,0.0,0.0,0.0,0.0,1.0
597,unknown,unknown_absolute_residual,5,0.05336454799405188,0.1777458107998714,0.027198569696386888,0.06003509945145827,0.0755830574033678,0.06003509945145827,0.03730814246465542,0.061329496165389595,0.07542718513199835,0.061329496165389595,0.36172432784160535
598,unknown,unknown_insufficient_support,2,0.014779799223762047,0.04922832658078002,0.0663267509441092,0.06632675094410923,0.06632675094410923,0.06632675094410923,0.07352363010269411,0.0735236301026944,0.07352363010269447,0.0735236301026944,0.5618518723711667
599,unknown,unknown_insufficient_support,2,0.014779799223762047,0.04922832658078002,0.07110054644328623,0.07110054644328638,0.07110054644328642,0.07110054644328638,0.0784579036016494,0.0784579036016494,0.0784579036016494,0.0784579036016494,0.5209017779029661
600,unknown,unknown_insufficient_support,2,0.026571894669875196,0.08850525564485598,0.06265516609770248,0.0626551660977025,0.0626551660977025,0.0626551660977025,0.07588459203020007,0.07588459203020026,0.0758845920302003,0.07588459203020026,0.5516716965177368
601,unknown,unknown_insufficient_support,1,0.0,0.0,0.0,0.0,0.0,0.0,0.0,0.0,0.0,0.0,1.0
602,unknown,unknown_insufficient_support,1,0.0,0.0,0.0,0.0,0.0,0.0,0.0,0.0,0.0,0.0,1.0
603,unknown,unknown_low_excitation,4,0.03471232612828368,0.11561927879739674,0.032928047653660794,0.08175449768778566,0.10179836558698802,0.08175449768778566,0.026313575120421817,0.09972048801807884,0.12989302027688338,0.09972048801807884,0.37488028621030306
604,unknown,unknown_insufficient_support,3,0.026571894669875196,0.08850525564485598,0.03557000435181385,0.09687922392108529,0.11220652881340315,0.09687922392108529,0.04582057389300285,0.11197818407674391,0.12851758662267918,0.11197818407674391,0.40505654914953687
605,unknown,unknown_insufficient_support,2,0.026571894669875196,0.08850525564485598,0.06314303627018766,0.06314303627018782,0.06314303627018786,0.06314303627018782,0.07627488347897855,0.07627488347897855,0.07627488347897855,0.07627488347897855,0.5431237328516132
606,unknown,unknown_insufficient_support,1,0.0,0.0,0.0,0.0,0.0,0.0,0.0,0.0,0.0,0.0,1.0
607,unknown,unknown_insufficient_support,1,0.0,0.0,0.0,0.0,0.0,0.0,0.0,0.0,0.0,0.0,1.0
608,unknown,unknown_insufficient_support,1,0.0,0.0,0.0,0.0,0.0,0.0,0.0,0.0,0.0,0.0,1.0
609,unknown,unknown_insufficient_support,3,0.026571894669875196,0.08850525564485598,0.015491225115612026,0.1048483522927833,0.12718763408707612,0.1048483522927833,0.012166095177154189,0.11859149022961366,0.1451978389927285,0.11859149022961366,0.3941514600942051
610,unknown,unknown_insufficient_support,2,0.026571894669875196,0.08850525564485598,0.06005104761428559,0.06005104761428559,0.06005104761428559,0.06005104761428559,0.07321537576995031,0.07321537576995046,0.0732153757699505,0.07321537576995046,0.5494893420145646
611,unknown,unknown_insufficient_support,2,0.026571894669875196,0.08850525564485598,0.05828748517433091,0.05828748517433091,0.05828748517433091,0.05828748517433091,0.07138050003274948,0.07138050003274965,0.07138050003274969,0.07138050003274965,0.5508041252645667
612,unknown,unknown_insufficient_support,1,0.0,0.0,0.0,0.0,0.0,0.0,0.0,0.0,0.0,0.0,1.0
613,unknown,unknown_insufficient_support,2,0.05336454799405188,0.1777458107998714,0.04086955627616758,0.04086955627616762,0.040869556276167625,0.04086955627616762,0.05580964146385674,0.05580964146385689,0.055809641463856925,0.05580964146385689,0.5595081993680386
614,unknown,unknown_insufficient_support,1,0.0,0.0,0.0,0.0,0.0,0.0,0.0,0.0,0.0,0.0,1.0
615,unknown,unknown_insufficient_support,1,0.0,0.0,0.0,0.0,0.0,0.0,0.0,0.0,0.0,0.0,1.0
616,unknown,unknown_insufficient_support,1,0.0,0.0,0.0,0.0,0.0,0.0,0.0,0.0,0.0,0.0,1.0
617,unknown,unknown_insufficient_support,1,0.0,0.0,0.0,0.0,0.0,0.0,0.0,0.0,0.0,0.0,1.0
618,unknown,unknown_insufficient_support,1,0.0,0.0,0.0,0.0,0.0,0.0,0.0,0.0,0.0,0.0,1.0
619,unknown,unknown_insufficient_support,1,0.0,0.0,0.0,0.0,0.0,0.0,0.0,0.0,0.0,0.0,1.0
620,unknown,unknown_insufficient_support,1,0.0,0.0,0.0,0.0,0.0,0.0,0.0,0.0,0.0,0.0,1.0
621,unknown,unknown_insufficient_support,2,0.026571894669875196,0.08850525564485598,0.06084390296683019,0.06084390296683035,0.06084390296683039,0.06084390296683035,0.07396639039090633,0.07396639039090633,0.07396639039090633,0.07396639039090633,0.5480765959066064
622,unknown,unknown_insufficient_support,1,0.0,0.0,0.0,0.0,0.0,0.0,0.0,0.0,0.0,0.0,1.0
623,unknown,unknown_insufficient_support,1,0.0,0.0,0.0,0.0,0.0,0.0,0.0,0.0,0.0,0.0,1.0
624,unknown,unknown_insufficient_support,1,0.0,0.0,0.0,0.0,0.0,0.0,0.0,0.0,0.0,0.0,1.0
625,unknown,unknown_insufficient_support,1,0.0,0.0,0.0,0.0,0.0,0.0,0.0,0.0,0.0,0.0,1.0
626,unknown,unknown_insufficient_support,1,0.0,0.0,0.0,0.0,0.0,0.0,0.0,0.0,0.0,0.0,1.0
627,unknown,unknown_insufficient_support,1,0.0,0.0,0.0,0.0,0.0,0.0,0.0,0.0,0.0,0.0,1.0
628,unknown,unknown_insufficient_support,1,0.0,0.0,0.0,0.0,0.0,0.0,0.0,0.0,0.0,0.0,1.0
629,unknown,unknown_insufficient_support,1,0.0,0.0,0.0,0.0,0.0,0.0,0.0,0.0,0.0,0.0,1.0
630,unknown,unknown_insufficient_support,1,0.0,0.0,0.0,0.0,0.0,0.0,0.0,0.0,0.0,0.0,1.0
631,unknown,unknown_insufficient_support,1,0.0,0.0,0.0,0.0,0.0,0.0,0.0,0.0,0.0,0.0,1.0
632,unknown,unknown_insufficient_support,1,0.0,0.0,0.0,0.0,0.0,0.0,0.0,0.0,0.0,0.0,1.0
633,unknown,unknown_insufficient_support,1,0.0,0.0,0.0,0.0,0.0,0.0,0.0,0.0,0.0,0.0,1.0
634,unknown,unknown_insufficient_support,1,0.0,0.0,0.0,0.0,0.0,0.0,0.0,0.0,0.0,0.0,1.0
635,unknown,unknown_insufficient_support,1,0.0,0.0,0.0,0.0,0.0,0.0,0.0,0.0,0.0,0.0,1.0
636,unknown,unknown_insufficient_support,1,0.0,0.0,0.0,0.0,0.0,0.0,0.0,0.0,0.0,0.0,1.0
637,unknown,unknown_insufficient_support,1,0.0,0.0,0.0,0.0,0.0,0.0,0.0,0.0,0.0,0.0,1.0
638,unknown,unknown_insufficient_support,3,0.05336454799405188,0.1777458107998714,0.021535943671464483,0.03951976413765269,0.04401571925419974,0.03951976413765269,0.04934211323620532,0.05255723570869371,0.05336101632681581,0.05255723570869371,0.5558184464274342
639,unknown,unknown_insufficient_support,1,0.0,0.0,0.0,0.0,0.0,0.0,0.0,0.0,0.0,0.0,1.0
640,unknown,unknown_insufficient_support,1,0.0,0.0,0.0,0.0,0.0,0.0,0.0,0.0,0.0,0.0,1.0
641,unknown,unknown_absolute_residual,5,0.05336454799405188,0.1777458107998714,0.02198824971900386,0.06250380878566936,0.07237920128540773,0.06250380878566936,0.02428832175212789,0.0646155500051447,0.08132374893520675,0.0646155500051447,0.6375195846165023
642,unknown,unknown_insufficient_support,2,0.0017300460980078647,0.005762410775892587,0.005185281559634327,0.005185281559634433,0.00518528155963446,0.005185281559634433,0.00586067829028878,0.005860678290288943,0.005860678290288984,0.005860678290288943,0.894292300061094
643,unknown,unknown_insufficient_support,2,0.0017300460980078647,0.005762410775892587,0.005374862324388199,0.005374862324388199,0.005374862324388199,0.005374862324388199,0.006157677067122594,0.006157677067122635,0.006157677067122645,0.006157677067122635,0.9001818309471559
644,unknown,unknown_insufficient_support,2,0.0017300460980078647,0.005762410775892587,0.007808275357176571,0.007808275357176571,0.007808275357176571,0.007808275357176571,0.008653314718426125,0.008653314718426442,0.008653314718426522,0.008653314718426442,0.8601558712435959
645,unknown,unknown_insufficient_support,3,0.0056982913235021915,0.01897978057609826,0.025411497355152485,0.028240521631373063,0.028947777700428206,0.028240521631373063,0.026895841632680644,0.031403340411530103,0.03253021510624247,0.031403340411530103,0.639522635820995
646,unknown,unknown_insufficient_support,2,0.0017300460980078647,0.005762410775892587,0.017186767034611628,0.017186767034611628,0.017186767034611628,0.017186767034611628,0.017668327807662112,0.017668327807662133,0.017668327807662136,0.017668327807662133,0.7623830817576049
647,unknown,unknown_low_excitation,12,0.024350513189270395,0.08110631257857293,0.0345142646515006,0.07763280043454845,0.0906859094994166,0.07763280043454845,0.03394037226898533,0.079855063973907,0.0883696577350912,0.079855063973907,0.4811644467090883
648,unknown,unknown_low_excitation,12,0.024350513189270395,0.08110631257857293,0.02811415888168172,0.04092863921552918,0.059758999449439215,0.04092863921552918,0.03100510189979095,0.05023657390586424,0.052051446125169855,0.05023657390586424,0.5147669417013644
649,unknown,unknown_insufficient_support,1,0.0,0.0,0.0,0.0,0.0,0.0,0.0,0.0,0.0,0.0,1.0
650,unknown,unknown_insufficient_support,1,0.0,0.0,0.0,0.0,0.0,0.0,0.0,0.0,0.0,0.0,1.0
651,unknown,unknown_insufficient_support,1,0.0,0.0,0.0,0.0,0.0,0.0,0.0,0.0,0.0,0.0,1.0
652,unknown,unknown_insufficient_support,3,0.024350513189270395,0.08110631257857293,0.02542921423196047,0.06726382952430221,0.07772248334738764,0.06726382952430221,0.02542921423196047,0.07867462816545391,0.09198598164882726,0.07867462816545391,0.4360903142005541
653,unknown,unknown_low_excitation,7,0.024350513189270395,0.08110631257857293,0.015254057128167341,0.053790099222469225,0.058916713409843086,0.053790099222469225,0.01569723355664403,0.05859900033853704,0.059704476196305006,0.05859900033853704,0.3957207620772821
654,unknown,unknown_low_excitation,11,0.024350513189270395,0.08110631257857293,0.03511297725277833,0.06668585270552721,0.0743966188615982,0.06668585270552721,0.03648435753559397,0.07529157622266534,0.08306069718699541,0.07529157622266534,0.42623465536378047
655,unknown,unknown_insufficient_support,3,0.0056982913235021915,0.01897978057609826,0.017268630785132712,0.0245914292282613,0.026422128839043445,0.0245914292282613,0.020489523756208966,0.02651845264730619,0.028025684870080496,0.02651845264730619,0.6542113354425576
656,unknown,unknown_insufficient_support,1,0.0,0.0,0.0,0.0,0.0,0.0,0.0,0.0,0.0,0.0,1.0
657,unknown,unknown_insufficient_support,1,0.0,0.0,0.0,0.0,0.0,0.0,0.0,0.0,0.0,0.0,1.0
658,unknown,unknown_insufficient_support,1,0.0,0.0,0.0,0.0,0.0,0.0,0.0,0.0,0.0,0.0,1.0
659,unknown,unknown_low_excitation,9,0.024350513189270395,0.08110631257857293,0.022947880632832877,0.06239280697537996,0.06963817534738143,0.06239280697537996,0.027321170196283946,0.07312964447259407,0.08059812673576058,0.07312964447259407,0.4035559684706475
660,unknown,unknown_insufficient_support,3,0.0056982913235021915,0.01897978057609826,0.014194937192056657,0.01665615597922128,0.017271460676012436,0.01665615597922128,0.01733514587841314,0.017892043304807318,0.018031267661405864,0.017892043304807318,0.7156727418033272
661,unknown,unknown_insufficient_support,2,0.0056982913235021915,0.01897978057609826,0.02244492517476594,0.022444925174765974,0.022444925174765984,0.022444925174765974,0.024681563117945338,0.02468156311794553,0.024681563117945577,0.02468156311794553,0.6792610616061743
662,unknown,unknown_low_excitation,9,0.024350513189270395,0.08110631257857293,0.026784486761282002,0.04516250194088332,0.047146635357171666,0.04516250194088332,0.03324423982199297,0.0505046280602308,0.05777341312201909,0.0505046280602308,0.44145674708600935
663,unknown,unknown_low_excitation,5,0.02375972577128993,0.07913852698745343,0.021837505014850305,0.030114455225328768,0.03198592875442024,0.030114455225328768,0.013932805851368604,0.032587553867905975,0.03457681939096952,0.032587553867905975,0.5610143817874942
664,unknown,unknown_insufficient_support,3,0.0056982913235021915,0.01897978057609826,0.026522877699514866,0.03552862218854088,0.03778005831079738,0.03552862218854088,0.029122489623924084,0.03714986084332549,0.03915670364817585,0.03714986084332549,0.5516811466403585
665,unknown,unknown_insufficient_support,1,0.0,0.0,0.0,0.0,0.0,0.0,0.0,0.0,0.0,0.0,1.0
666,unknown,unknown_low_excitation,6,0.024350513189270395,0.08110631257857293,0.018508343446593876,0.027018924911195025,0.030209761022197038,0.027018924911195025,0.016328147447817923,0.02701076200326279,0.03148655322991546,0.02701076200326279,0.6203959784827292
667,unknown,unknown_insufficient_support,2,0.02375972577128993,0.07913852698745343,0.010577776431054588,0.010577776431054727,0.010577776431054762,0.010577776431054727,0.010009830422865535,0.010009830422865578,0.010009830422865589,0.010009830422865578,0.79496194783845
668,unknown,unknown_low_excitation,4,0.024350513189270395,0.08110631257857293,0.013943086071629918,0.016760426622531813,0.017955790252413305,0.016760426622531813,0.011581323063819192,0.01419470611962315,0.015222456543888175,0.01419470611962315,0.7495798380501936
669,unknown,unknown_insufficient_support,3,0.0056982913235021915,0.01897978057609826,0.03140335512019973,0.035824794200014186,0.0369301539699678,0.035824794200014186,0.03425852638292838,0.037377812931703835,0.038157634568897696,0.037377812931703835,0.5450374822801394
670,unknown,unknown_insufficient_support,3,0.0056982913235021915,0.01897978057609826,0.015005264773695192,0.027203678525470492,0.030253281963414317,0.027203678525470492,0.013562911999423803,0.028936995363313334,0.032780516204285716,0.028936995363313334,0.7125193156099061
671,unknown,unknown_low_excitation,7,0.024350513189270395,0.08110631257857293,0.01776425100800048,0.021486723608634916,0.022365684685030092,0.021486723608634916,0.015307502343924214,0.02107662666419846,0.027236961887867884,0.02107662666419846,0.6693596199904117
672,unknown,unknown_low_excitation,8,0.024350513189270395,0.08110631257857293,0.01726037415501172,0.025266048399673377,0.029977207082231526,0.025266048399673377,0.017714462751291953,0.028699438202678285,0.03573947468319032,0.028699438202678285,0.6228295020761911
673,unknown,unknown_low_excitation,7,0.024350513189270395,0.08110631257857293,0.023493502149775754,0.051420401373077906,0.06804691154993668,0.051420401373077906,0.024885085574354662,0.05688208925964545,0.0734226438879843,0.05688208925964545,0.5150431945021967
674,unknown,unknown_low_excitation,6,0.024350513189270395,0.08110631257857293,0.019246710103650123,0.04046072761064086,0.04078801632656039,0.04046072761064086,0.024835881795240065,0.0387059548323047,0.048885304375307366,0.0387059548323047,0.6123239695431165
675,unknown,unknown_insufficient_support,3,0.0056982913235021915,0.01897978057609826,0.023069883353807587,0.03235750557644452,0.03467941113210375,0.03235750557644452,0.024547831078991587,0.034909044971267296,0.03749934844433622,0.034909044971267296,0.6300309047310214
676,unknown,unknown_insufficient_support,3,0.0056982913235021915,0.01897978057609826,0.01577746830126786,0.017180336445620132,0.0175310534817082,0.017180336445620132,0.016708324773333394,0.02053272078199788,0.021488819784164,0.02053272078199788,0.7544034295309318
677,unknown,unknown_insufficient_support,3,0.0056982913235021915,0.01897978057609826,0.02469645205780307,0.02620411965858994,0.026581036558786658,0.02620411965858994,0.026206022755983674,0.029334721546023467,0.030116896243533416,0.029334721546023467,0.6342760497546651
678,unknown,unknown_insufficient_support,2,0.024350513189270395,0.08110631257857293,0.017728029727387677,0.017728029727387726,0.017728029727387736,0.017728029727387726,0.025377074341110722,0.025377074341110775,0.02537707434111079,0.025377074341110775,0.7448874220055826
679,unknown,unknown_low_excitation,4,0.024350513189270395,0.08110631257857293,0.01653473561229597,0.026760222123886103,0.029468839633887897,0.026760222123886103,0.02146487956307192,0.03555225058677844,0.0387888574896912,0.03555225058677844,0.6352182449761069
680,unknown,unknown_low_excitation,5,0.024350513189270395,0.08110631257857293,0.016527617431204754,0.019790807737626016,0.021827230150170088,0.019790807737626016,0.01185990942292912,0.02019512078607489,0.02314548451693376,0.02019512078607489,0.7322903069971618
681,unknown,unknown_low_excitation,8,0.024350513189270395,0.08110631257857293,0.017440252462421355,0.023455183690615427,0.02479106439869153,0.023455183690615427,0.015337602278973312,0.028858223877572694,0.030636052603260324,0.028858223877572694,0.5906742183874261
682,unknown,unknown_low_excitation,5,0.024350513189270395,0.08110631257857293,0.01145472231503053,0.03660319176375063,0.03875481557206057,0.03660319176375063,0.016302499010433742,0.03910332558483119,0.044487907360914306,0.03910332558483119,0.49301990529433065
683,unknown,unknown_low_excitation,8,0.024350513189270395,0.08110631257857293,0.02320555903600628,0.041009388364340246,0.06401818563607718,0.041009388364340246,0.023817221138239524,0.042786950094196384,0.06460337860539754,0.042786950094196384,0.5056994738320812
684,unknown,unknown_low_excitation,8,0.024350513189270395,0.08110631257857293,0.02255231841609688,0.036113527319721124,0.05251188700958216,0.036113527319721124,0.02236784566876382,0.0405180531103835,0.05670927189010963,0.0405180531103835,0.5676022357329293
685,unknown,unknown_insufficient_support,2,0.0017300460980078647,0.005762410775892587,0.008265461761336674,0.008265461761336846,0.00826546176133689,0.008265461761336846,0.009024396043694281,0.00902439604369438,0.009024396043694404,0.00902439604369438,0.8592723160867317
686,unknown,unknown_insufficient_support,2,0.0017300460980078647,0.005762410775892587,0.006531523507731421,0.0065315235077314715,0.0065315235077314845,0.0065315235077314715,0.007192963583723474,0.007192963583723482,0.007192963583723484,0.007192963583723482,0.8862568314033361
687,unknown,unknown_insufficient_support,3,0.015356607487804874,0.051149550622250135,0.010115134785377443,0.026956230235957862,0.031166504098602964,0.026956230235957862,0.011750101440354993,0.03596654496672369,0.042020655848315866,0.03596654496672369,0.7266647831501518
688,unknown,unknown_insufficient_support,3,0.024350513189270395,0.08110631257857293,0.037996819418890874,0.04296552977406892,0.04420770736286343,0.04296552977406892,0.03918137862491888,0.05035586989343767,0.05314949271056737,0.05035586989343767,0.5096152547024949
689,unknown,unknown_low_excitation,7,0.024350513189270395,0.08110631257857293,0.016177687031818804,0.03616166877836511,0.04638105274481832,0.03616166877836511,0.014441773113273586,0.04047205826465766,0.05634882950014034,0.04047205826465766,0.6521948327812975
690,unknown,unknown_low_excitation,7,0.024350513189270395,0.08110631257857293,0.026352441983298506,0.05106822690395371,0.06655212388863921,0.05106822690395371,0.01976926900743497,0.06389832265814657,0.08549217913392082,0.06389832265814657,0.52491585362501
691,unknown,unknown_insufficient_support,3,0.024350513189270395,0.08110631257857293,0.005769016943259153,0.03205306878042379,0.03862408173971495,0.03205306878042379,0.006093149194812721,0.021934080018829044,0.025894312724833123,0.021934080018829044,0.7118581435264035
692,unknown,unknown_insufficient_support,3,0.024350513189270395,0.08110631257857293,0.016295648593317738,0.018039181107605627,0.018475064236177598,0.018039181107605627,0.014746151075435766,0.015565022182642213,0.015769739959443824,0.015565022182642213,0.7797339493643213
693,unknown,unknown_insufficient_support,3,0.015356607487804874,0.051149550622250135,0.018757384709829777,0.018840927001624465,0.018861812574573138,0.018840927001624465,0.02011534424157224,0.0293125533165361,0.031611855585277064,0.0293125533165361,0.7132688239908052
694,unknown,unknown_low_excitation,8,0.024350513189270395,0.08110631257857293,0.017193006708889604,0.033318989454202294,0.03420267164262181,0.033318989454202294,0.019368984996581032,0.03276055192919165,0.03903973328284543,0.03276055192919165,0.623502734774444
695,unknown,unknown_low_excitation,5,0.024350513189270395,0.08110631257857293,0.012715273797743962,0.01429259018971296,0.01462759918665401,0.01429259018971296,0.013226399829452725,0.018678843332160775,0.018929513625398058,0.018678843332160775,0.7490732581458505
696,unknown,unknown_low_excitation,8,0.024350513189270395,0.08110631257857293,0.0341944394989888,0.04656187628529459,0.057687222622761096,0.04656187628529459,0.03680173649753197,0.050221490996418996,0.06256149371876099,0.050221490996418996,0.47902343894528976
697,unknown,unknown_low_excitation,6,0.024350513189270395,0.08110631257857293,0.01956797969538794,0.025211312562580163,0.028325789364283656,0.025211312562580163,0.01637008667110312,0.023338610153894053,0.023395223649052613,0.023338610153894053,0.6381797395098738
698,unknown,unknown_insufficient_support,2,0.024350513189270395,0.08110631257857293,0.016046346008727036,0.016046346008727043,0.016046346008727043,0.016046346008727043,0.01749816863407693,0.017498168634076963,0.01749816863407697,0.017498168634076963,0.7417095374613439
699,unknown,unknown_low_excitation,6,0.024350513189270395,0.08110631257857293,0.013240151335269783,0.02258721440553902,0.030761045572008594,0.02258721440553902,0.014927047880136667,0.028174594550108133,0.034214840411408626,0.028174594550108133,0.7124268473049694
700,unknown,unknown_low_excitation,6,0.024350513189270395,0.08110631257857293,0.013849690067342185,0.02600044703641794,0.03392142317061731,0.02600044703641794,0.016008959682231785,0.030481201127746625,0.03898289657541579,0.030481201127746625,0.6640083830935074
701,unknown,unknown_low_excitation,7,0.024350513189270395,0.08110631257857293,0.015982200595805192,0.028331061334920672,0.028560856634989206,0.028331061334920672,0.015258398266118835,0.033262676665588145,0.03702188766407803,0.033262676665588145,0.5372802913444167
702,unknown,unknown_low_excitation,9,0.024350513189270395,0.08110631257857293,0.02419214569673751,0.032468354314058374,0.037282654451065475,0.032468354314058374,0.025889088501260493,0.03564253189847483,0.0358655968138432,0.03564253189847483,0.5394428504225495
703,unknown,unknown_low_excitation,11,0.024350513189270395,0.08110631257857293,0.023126317431059546,0.03726032240127406,0.044644569010124216,0.03726032240127406,0.02047967943776049,0.04041289695197107,0.048343921464228536,0.04041289695197107,0.5294721327199
704,unknown,unknown_low_excitation,8,0.015765555121205144,0.05251166707232335,0.028575495766437788,0.03738145072544915,0.04677953190779034,0.03738145072544915,0.028302808875836024,0.043911623315890505,0.044897612817908786,0.043911623315890505,0.5625298189888861
705,unknown,unknown_low_excitation,4,0.015765555121205144,0.05251166707232335,0.029249336556652062,0.04528038438870274,0.04734284108759159,0.04528038438870274,0.036445981362664026,0.05124053989237784,0.05135884287897778,0.05124053989237784,0.5371011377362833
706,unknown,unknown_insufficient_support,3,0.015765555121205144,0.05251166707232335,0.008880123988111777,0.06753436714590534,0.08219792793535373,0.06753436714590534,0.014600106654493792,0.07696395956939694,0.09255492279812273,0.07696395956939694,0.6637785973041027
707,unknown,unknown_low_excitation,4,0.015765555121205144,0.05251166707232335,0.013301368475267566,0.0471645467535711,0.06115536145128813,0.0471645467535711,0.013301368475267566,0.05794094570329416,0.07655021709374962,0.05794094570329416,0.47404132909637625
708,unknown,unknown_insufficient_support,2,0.006771649419739623,0.022554905116000556,0.009224283821839254,0.009224283821839296,0.009224283821839306,0.009224283821839296,0.012404354892758969,0.012404354892759012,0.012404354892759022,0.012404354892759012,0.8654241588969827
709,unknown,unknown_low_excitation,8,0.015765555121205144,0.05251166707232335,0.03237545454022133,0.06588020405035912,0.0705513631971772,0.06588020405035912,0.03363123903784855,0.07005207732033354,0.07008576521564897,0.07005207732033354,0.590685616658968
710,unknown,unknown_low_excitation,9,0.015765555121205144,0.05251166707232335,0.026868871647271836,0.0566748174663169,0.057394157765369526,0.0566748174663169,0.031232126154154317,0.06254115770549463,0.06361402559822027,0.06254115770549463,0.5944501280103869
711,unknown,unknown_insufficient_support,3,0.015765555121205144,0.05251166707232335,0.015209449770642293,0.021639258496160187,0.02324671067753966,0.021639258496160187,0.014039768768671199,0.029028577157843207,0.03277577925513621,0.029028577157843207,0.7743288696018196
712,unknown,unknown_insufficient_support,3,0.015765555121205144,0.05251166707232335,0.023669367494986528,0.034993509065068935,0.03782454445758954,0.034993509065068935,0.019409856384275215,0.045756875381994695,0.05234363013142456,0.045756875381994695,0.663509729967649
713,unknown,unknown_low_excitation,8,0.015765555121205144,0.05251166707232335,0.029585199075355978,0.0631197359860531,0.06577365352142864,0.0631197359860531,0.03348644926677766,0.06425646163434907,0.06705064269919812,0.06425646163434907,0.5985097302007796
714,unknown,unknown_low_excitation,8,0.015765555121205144,0.05251166707232335,0.031157884213867552,0.04156710108637575,0.05177723220739662,0.04156710108637575,0.028734918075347067,0.04392958084497989,0.05916646508210839,0.04392958084497989,0.6474442711792127
715,unknown,unknown_low_excitation,5,0.015765555121205144,0.05251166707232335,0.029422318455402705,0.051277182060226835,0.05374946611107294,0.051277182060226835,0.029422318455402705,0.06281197105744982,0.06303455429847726,0.06281197105744982,0.5439231042400053
716,unknown,unknown_low_excitation,8,0.015765555121205144,0.05251166707232335,0.031670375656056245,0.040662876902800786,0.04193231725635034,0.040662876902800786,0.033471412847160244,0.04535233161626635,0.05333236512273705,0.04535233161626635,0.47346297686062105
717,unknown,unknown_low_excitation,9,0.015765555121205144,0.05251166707232335,0.026056806208744218,0.03264154651780491,0.048296372120275606,0.03264154651780491,0.027537171869637046,0.04186432766745892,0.048296372120275606,0.04186432766745892,0.6070445164538221
718,unknown,unknown_low_excitation,5,0.015765555121205144,0.05251166707232335,0.016023015044334867,0.02238412271663607,0.024017462224497476,0.02238412271663607,0.019934113454843957,0.02502321939054487,0.025693724167909802,0.02502321939054487,0.7171578992125658
719,unknown,unknown_low_excitation,8,0.015765555121205144,0.05251166707232335,0.03530885713923192,0.04595389858908252,0.05222711893109762,0.04595389858908252,0.04289355726058591,0.05108147578088394,0.05223294179478187,0.05108147578088394,0.539509177025306
720,unknown,unknown_low_excitation,7,0.015765555121205144,0.05251166707232335,0.024855586087674034,0.059130923114349365,0.06523140524425729,0.059130923114349365,0.02485558608767401,0.0718922367713307,0.07358251569580034,0.0718922367713307,0.4257637397637376
721,unknown,unknown_low_excitation,9,0.015765555121205144,0.05251166707232335,0.0245157824188564,0.03594214433651954,0.040380061893427945,0.03594214433651954,0.03113440037489903,0.03640740352496363,0.04038006189342795,0.03640740352496363,0.5771508107996459
722,unknown,unknown_low_excitation,8,0.015765555121205144,0.05251166707232335,0.020222347299471553,0.030784215783651574,0.03106943304774928,0.030784215783651574,0.02391285078552051,0.031845771080342075,0.0371298000637027,0.031845771080342075,0.6732268397158081
723,unknown,unknown_low_excitation,8,0.015765555121205144,0.05251166707232335,0.018250055273296987,0.03056475656465677,0.03329609341491535,0.03056475656465677,0.021104423262107645,0.02764988185851154,0.0281890322780912,0.02764988185851154,0.6229416712760452
724,unknown,unknown_low_excitation,4,0.015765555121205144,0.05251166707232335,0.016876360480381093,0.02399022349506669,0.0255599113928532,0.02399022349506669,0.02095594734528705,0.028244708661191296,0.02844551685911903,0.028244708661191296,0.7545247839619792
725,unknown,unknown_low_excitation,8,0.015765555121205144,0.05251166707232335,0.04031813951883083,0.053270175433743974,0.0629759734734732,0.053270175433743974,0.04031813951883079,0.06611031364805667,0.07110087255042806,0.06611031364805667,0.4550636682984288
726,unknown,unknown_low_excitation,7,0.015765555121205144,0.05251166707232335,0.023972177549915666,0.029907134368395642,0.03449149926624553,0.029907134368395642,0.028358867033550228,0.031248561451220853,0.03252465900820526,0.031248561451220853,0.619059527558453
727,unknown,unknown_low_excitation,8,0.015765555121205144,0.05251166707232335,0.015544510648387588,0.022466656288902594,0.02664346211184203,0.022466656288902594,0.018958578019327783,0.023327287387014253,0.02492647358325124,0.023327287387014253,0.6063683780843937
728,unknown,unknown_low_excitation,8,0.015765555121205144,0.05251166707232335,0.01936807657361676,0.027395987860413997,0.03037665527271745,0.027395987860413997,0.019362721379507602,0.029802727413395173,0.03273160327103146,0.029802727413395173,0.6115410858651834
729,unknown,unknown_low_excitation,7,0.015765555121205144,0.05251166707232335,0.0177278195601295,0.02560730598601005,0.026932523493003513,0.02560730598601005,0.021474411242275396,0.023480970510922475,0.025502796442510873,0.023480970510922475,0.6465411252630195
730,unknown,unknown_low_excitation,6,0.015765555121205144,0.05251166707232335,0.01988106137675101,0.07075289961161649,0.07488364137581192,0.07075289961161649,0.01988106137675101,0.0820505292119442,0.08314286427774246,0.0820505292119442,0.45616246592508536
731,unknown,unknown_insufficient_support,2,0.006771649419739623,0.022554905116000556,0.007697447729144155,0.007697447729144157,0.007697447729144157,0.007697447729144157,0.010982609578706459,0.010982609578706783,0.010982609578706864,0.010982609578706783,0.877908901961506
732,unknown,unknown_low_excitation,5,0.015765555121205144,0.05251166707232335,0.018166631428494416,0.033310010507636156,0.03679829232004474,0.033310010507636156,0.026416634308318646,0.04062288093040586,0.0431726066706466,0.04062288093040586,0.624601267174879
733,unknown,unknown_low_excitation,8,0.015765555121205144,0.05251166707232335,0.013929532410369282,0.021145563973835633,0.028902881428780093,0.021145563973835633,0.01535368684027167,0.02302655139075846,0.024502946133644257,0.02302655139075846,0.6592595693564622
734,unknown,unknown_low_excitation,7,0.015765555121205144,0.05251166707232335,0.014059525396490928,0.022409211525097894,0.030813377127514318,0.022409211525097894,0.016807602475248744,0.02470132752863283,0.03124119892123551,0.02470132752863283,0.6527675631955746
735,unknown,unknown_low_excitation,5,0.015765555121205144,0.05251166707232335,0.01762228995960546,0.03238145433464048,0.040442107643625144,0.03238145433464048,0.020074970737093745,0.038827539765342325,0.04890035905086569,0.038827539765342325,0.6027361156569138
736,unknown,unknown_low_excitation,6,0.015765555121205144,0.05251166707232335,0.01713367656320965,0.020902869085743854,0.02150147663934282,0.020902869085743854,0.016616416089653308,0.022960244411876232,0.02586020967721998,0.022960244411876232,0.7127549663602482
737,unknown,unknown_low_excitation,4,0.015765555121205144,0.05251166707232335,0.027037567589266606,0.0501584381338767,0.05827344887765109,0.0501584381338767,0.03142104404938412,0.0552915999754594,0.06476057697248112,0.0552915999754594,0.5525356411079072
738,unknown,unknown_insufficient_support,2,0.006771649419739623,0.022554905116000556,0.010907666115484535,0.01090766611548469,0.010907666115484728,0.01090766611548469,0.014290210960798437,0.014290210960798437,0.014290210960798437,0.014290210960798437,0.8368009730924364
739,unknown,unknown_insufficient_support,3,0.015765555121205144,0.05251166707232335,0.017234765856606597,0.028037335923050046,0.030737978439660908,0.028037335923050046,0.02397457191496468,0.03624798943229755,0.039316343811630766,0.03624798943229755,0.7117879438606122
740,unknown,unknown_low_excitation,8,0.015765555121205144,0.05251166707232335,0.016054359396292607,0.017115466669423866,0.017139023784064122,0.017115466669423866,0.016815230875655944,0.018423908797976646,0.01879147469669477,0.018423908797976646,0.7097040454600146
741,unknown,unknown_low_excitation,8,0.015765555121205144,0.05251166707232335,0.02919055249471445,0.03889074234914523,0.04752108097031958,0.03889074234914523,0.03075187498020397,0.044204526125448576,0.04854568882165404,0.044204526125448576,0.45092946205471607
742,unknown,unknown_low_excitation,7,0.015765555121205144,0.05251166707232335,0.014941532982760325,0.026333988504939183,0.02728874260949228,0.026333988504939183,0.012497733705012429,0.026872493214747897,0.03630670581819559,0.026872493214747897,0.7455485952375062
743,unknown,unknown_low_excitation,8,0.015765555121205144,0.05251166707232335,0.015408501934920642,0.0379020964231242,0.05907486520559427,0.0379020964231242,0.019150050628806026,0.039724127758951476,0.059149190509692265,0.039724127758951476,0.6146912123840436
744,unknown,unknown_low_excitation,8,0.015765555121205144,0.05251166707232335,0.02087140557286688,0.038486808421757404,0.06041428852874293,0.038486808421757404,0.017439381812564533,0.04517031805108727,0.0683314641727507,0.04517031805108727,0.620861988997158
745,unknown,unknown_low_excitation,6,0.015765555121205144,0.05251166707232335,0.028001869095506365,0.05409844289268076,0.06426733952222985,0.05409844289268076,0.0318895782292611,0.05654810777918805,0.06677037899888948,0.05654810777918805,0.5094809255981528
746,unknown,unknown_low_excitation,7,0.015765555121205144,0.05251166707232335,0.023413135719109572,0.04207490701058167,0.043502859696732295,0.04207490701058167,0.027645586700997895,0.039497664049406904,0.0504698971596844,0.039497664049406904,0.5883487784830301
747,unknown,unknown_low_excitation,5,0.015765555121205144,0.05251166707232335,0.014261252377179612,0.020101212120345047,0.020515478226205766,0.020101212120345047,0.01283045781701812,0.0214977051367107,0.024848111440788568,0.0214977051367107,0.7824661413517536
748,unknown,unknown_low_excitation,8,0.015765555121205144,0.05251166707232335,0.026511017378995656,0.037080215426427296,0.04249681538699933,0.037080215426427296,0.027157951653403956,0.04170817698642201,0.05770019411992251,0.04170817698642201,0.5038414720104636
749,unknown,unknown_low_excitation,8,0.015765555121205144,0.05251166707232335,0.022131549601421836,0.02970093260606052,0.03225314874433758,0.02970093260606052,0.02219127763400886,0.03466455058446198,0.03967827454532476,0.03466455058446198,0.523185501818315
750,unknown,unknown_low_excitation,8,0.015765555121205144,0.05251166707232335,0.019941323554665435,0.03209050200050961,0.03732765791878418,0.03209050200050961,0.020084307528993442,0.03593286449265571,0.04513738456754383,0.03593286449265571,0.42793401560211036
751,unknown,unknown_insufficient_support,3,0.015765555121205144,0.05251166707232335,0.012918187381388873,0.013066969082068045,0.013104164507237837,0.013066969082068045,0.008617274966411691,0.017973288583688008,0.020312291988007086,0.017973288583688008,0.8064018083421957
752,unknown,unknown_low_excitation,7,0.015765555121205144,0.05251166707232335,0.01303293410299852,0.03203259282604653,0.032974464232598324,0.03203259282604653,0.015359881914189135,0.032003763307571716,0.032705223470000544,0.032003763307571716,0.6450654478190262
753,unknown,unknown_low_excitation,5,0.015765555121205144,0.05251166707232335,0.015631379032208653,0.022551932832601127,0.02355777516775094,0.022551932832601127,0.013330624532420508,0.02350614651146628,0.025344424027545328,0.02350614651146628,0.7361901375623925
754,unknown,unknown_low_excitation,4,0.015765555121205144,0.05251166707232335,0.014166852026060533,0.02151036215655671,0.023833954018779562,0.02151036215655671,0.012030899628384942,0.014325392373024987,0.014754637586417688,0.014325392373024987,0.7612695671956814
755,unknown,unknown_insufficient_support,3,0.015765555121205144,0.05251166707232335,0.01788907241491885,0.02178448005624443,0.022758331966575826,0.02178448005624443,0.0178863821241516,0.02457889109726155,0.026252018340539036,0.02457889109726155,0.769910177410788
756,unknown,unknown_low_excitation,4,0.015765555121205144,0.05251166707232335,0.009329144855364157,0.009808666767333055,0.009871549181253695,0.009808666767333055,0.011104632766485135,0.013820132749450213,0.014865772066822021,0.013820132749450213,0.8326876912192842
757,unknown,unknown_low_excitation,7,0.015765555121205144,0.05251166707232335,0.022420685413973906,0.039468520434453584,0.04562768336989638,0.039468520434453584,0.029984107781604572,0.04196003655432067,0.043447236608648784,0.04196003655432067,0.5692119675543574
758,unknown,unknown_low_excitation,8,0.015765555121205144,0.05251166707232335,0.013753436563745329,0.023303370207415842,0.02559868445245617,0.023303370207415842,0.015412346223405603,0.024267463436720007,0.0293669564032937,0.024267463436720007,0.7087137700160033
759,unknown,unknown_low_excitation,8,0.015765555121205144,0.05251166707232335,0.013741693391129833,0.01907535549940112,0.022865434118245924,0.01907535549940112,0.01358613046467766,0.019309762071995067,0.02094832172910306,0.019309762071995067,0.6661226437241617
760,unknown,unknown_low_excitation,5,0.015765555121205144,0.05251166707232335,0.019101052705214575,0.019368931235001625,0.019393925676189163,0.019368931235001625,0.01403943352631572,0.023403278872264684,0.02387960239732636,0.023403278872264684,0.7095153545881082
761,unknown,unknown_low_excitation,4,0.015765555121205144,0.05251166707232335,0.016852818595562202,0.024639562632133,0.027747724547207437,0.024639562632133,0.017009452088450068,0.02553167897017915,0.02909638597439803,0.02553167897017915,0.6976256029431013
762,unknown,unknown_low_excitation,7,0.015765555121205144,0.05251166707232335,0.021886825802983546,0.028516390128340542,0.03165844710349561,0.028516390128340542,0.02286712863229355,0.026739062038760864,0.02778987226512108,0.026739062038760864,0.5903087460996188
763,unknown,unknown_low_excitation,4,0.015765555121205144,0.05251166707232335,0.023191322172494554,0.027957232724371457,0.02951804406099175,0.027957232724371457,0.017872091694628306,0.02560717442688348,0.028212734627121937,0.02560717442688348,0.6938802158818757
764,unknown,unknown_low_excitation,4,0.015765555121205144,0.05251166707232335,0.00865812704118268,0.02385554993444828,0.02913681761526466,0.02385554993444828,0.006706284034669106,0.015708224988439767,0.019128401947612755,0.015708224988439767,0.6917349491658256
765,unknown,unknown_low_excitation,5,0.0,0.0,0.017793821383025422,0.029903851939666205,0.030001563664371293,0.029903851939666205,0.017793821383025422,0.029903851939666205,0.030001563664371293,0.029903851939666205,0.5566163674820762
766,unknown,unknown_low_excitation,5,0.0,0.0,0.012988340780023911,0.024951649155399155,0.03098560861115431,0.024951649155399155,0.012988340780023911,0.024951649155399304,0.030985608611154285,0.024951649155399304,0.589638624915805
767,unknown,unknown_low_excitation,4,0.0,0.0,0.01813654984720292,0.027797821926407958,0.030969340241069183,0.027797821926407958,0.01813654984720292,0.027797821926407958,0.030969340241069183,0.027797821926407958,0.5932513293412877
768,unknown,unknown_low_excitation,6,0.0,0.0,0.013800172189298666,0.04879097232937679,0.05533614611458525,0.04879097232937679,0.01380017218929868,0.048790972329376806,0.05533614611458525,0.048790972329376806,0.5363542801075248
769,unknown,unknown_low_excitation,4,0.0,0.0,0.01554108020993931,0.03953316991578748,0.048888848584209964,0.03953316991578748,0.015541080209939306,0.039533169915787515,0.04888884858421001,0.039533169915787515,0.5335168097915715
770,unknown,unknown_low_excitation,6,0.0,0.0,0.024593288385408058,0.04278600205461641,0.05596185022317128,0.04278600205461641,0.024593288385408058,0.04278600205461641,0.05596185022317128,0.04278600205461641,0.48536369516371664
771,unknown,unknown_low_excitation,6,0.0,0.0,0.02290586317843088,0.04330927927821372,0.052137753073747004,0.04330927927821372,0.022905863178430883,0.04330927927821364,0.05213775307374682,0.04330927927821364,0.5274200198866009
772,unknown,unknown_low_excitation,4,0.0,0.0,0.014700084990136843,0.022627086821213383,0.023257737367483662,0.022627086821213383,0.014700084990136843,0.022627086821213383,0.023257737367483662,0.022627086821213383,0.6938986620710543
773,unknown,unknown_low_excitation,6,0.0,0.0,0.01805005923852087,0.03452795694179997,0.04340755426680782,0.03452795694179997,0.018050059238521016,0.034527956941799956,0.04340755426680767,0.034527956941799956,0.6149172732340763
774,unknown,unknown_low_excitation,5,0.0,0.0,0.03313114731037588,0.04587667698386862,0.05362409546896465,0.04587667698386862,0.03313114731037588,0.04587667698386862,0.05362409546896465,0.04587667698386862,0.46298355428935045
775,unknown,unknown_low_excitation,5,0.0,0.0,0.01507145701759291,0.04201749867905725,0.04990869766242046,0.04201749867905725,0.01507145701759291,0.04201749867905725,0.04990869766242046,0.04201749867905725,0.473514834881901
776,unknown,unknown_low_excitation,5,0.0,0.0,0.011563682506767332,0.0488103317212741,0.060922323107502833,0.0488103317212741,0.011563682506767332,0.0488103317212741,0.060922323107502833,0.0488103317212741,0.5547750162736119
777,unknown,unknown_low_excitation,4,0.0,0.0,0.015918286877293287,0.027687849009757664,0.030341185928474543,0.027687849009757664,0.015918286877293287,0.027687849009757626,0.03034118592847449,0.027687849009757626,0.6421080478927801
778,unknown,unknown_low_excitation,6,0.0,0.0,0.013498544030767088,0.038628164237396456,0.04372325951686304,0.038628164237396456,0.013498544030767059,0.03862816423739647,0.04372325951686313,0.03862816423739647,0.597617168672917
779,unknown,unknown_low_excitation,5,0.0,0.0,0.012485422859908247,0.02623550510418387,0.03130991348977479,0.02623550510418387,0.012485422859908247,0.02623550510418387,0.03130991348977479,0.02623550510418387,0.660951764067861
780,unknown,unknown_low_excitation,4,0.0,0.0,0.021915622934024326,0.033850752927938106,0.038177865174868084,0.033850752927938106,0.021915622934024326,0.033850752927938106,0.038177865174868084,0.033850752927938106,0.5954992546596534
781,unknown,unknown_low_excitation,5,0.0,0.0,0.012490325851716045,0.04809500876865161,0.06555130628290469,0.04809500876865161,0.012490325851716045,0.04809500876865161,0.06555130628290469,0.04809500876865161,0.6089078680224753
782,unknown,unknown_low_excitation,4,0.0,0.0,0.01414671009177933,0.02235488688867508,0.023856572777468166,0.02235488688867508,0.014146710091779459,0.02235488688867505,0.02385657277746807,0.02235488688867505,0.7075700203291835
783,unknown,unknown_low_excitation,4,0.0,0.0,0.010638276999267463,0.025299113404682105,0.030815083565298676,0.025299113404682105,0.010638276999267544,0.02529911340468198,0.030815083565298475,0.02529911340468198,0.6220507076638039
784,unknown,unknown_insufficient_support,3,0.0,0.0,0.019755660401945235,0.024934271544232563,0.026228924329804393,0.024934271544232563,0.019755660401945235,0.024934271544232563,0.026228924329804393,0.024934271544232563,0.6358308995429338
785,unknown,unknown_insufficient_support,2,0.0,0.0,0.010676724155743327,0.010676724155743491,0.010676724155743533,0.010676724155743491,0.010676724155743327,0.010676724155743491,0.010676724155743533,0.010676724155743491,0.8095387220457542
786,unknown,unknown_low_excitation,5,0.0,0.0,0.022149814308117993,0.0485269891234787,0.05197156685918227,0.0485269891234787,0.022149814308117993,0.04852698912347875,0.05197156685918227,0.04852698912347875,0.5027756007111636
787,unknown,unknown_low_excitation,4,0.0,0.0,0.017693062671924734,0.02389985877352589,0.02453724515659104,0.02389985877352589,0.017693062671925087,0.02389985877352604,0.02453724515659101,0.02389985877352604,0.6549148176374425
788,unknown,unknown_insufficient_support,3,0.0,0.0,0.01528719116748324,0.016685315688885906,0.017034846819236574,0.016685315688885906,0.01528719116748324,0.016685315688885906,0.017034846819236574,0.016685315688885906,0.6864557792997196
789,unknown,unknown_low_excitation,4,0.0,0.0,0.020566418915048686,0.021378784892768527,0.021553869601430093,0.021378784892768527,0.020566418915048606,0.021378784892768517,0.021553869601430065,0.021378784892768517,0.6106334232025608
790,unknown,unknown_insufficient_support,3,0.0,0.0,0.02060302413776836,0.0358609877349455,0.03967547863423978,0.0358609877349455,0.02060302413776836,0.0358609877349455,0.03967547863423978,0.0358609877349455,0.5732401083585339
791,unknown,unknown_low_excitation,4,0.0,0.0,0.013416785046751648,0.03258757139485094,0.040255710674201715,0.03258757139485094,0.013416785046751648,0.03258757139485094,0.040255710674201715,0.03258757139485094,0.5007577928260708
792,unknown,unknown_insufficient_support,1,0.0,0.0,0.0,0.0,0.0,0.0,0.0,0.0,0.0,0.0,1.0
793,unknown,unknown_low_excitation,6,0.0,0.0,0.019912349350332825,0.04406791390825359,0.059865850617090446,0.04406791390825359,0.01991234935033267,0.04406791390825336,0.059865850617089836,0.04406791390825336,0.558554344505528
794,unknown,unknown_low_excitation,4,0.0,0.0,0.01316141375617123,0.017100111363448505,0.017836428285609093,0.017100111363448505,0.013161413756171185,0.017100111363448526,0.017836428285609142,0.017100111363448526,0.6360742504278876
795,unknown,unknown_low_excitation,4,0.0,0.0,0.011623510205048756,0.01779406006092395,0.018063903611166714,0.01779406006092395,0.011623510205048756,0.01779406006092395,0.018063903611166714,0.01779406006092395,0.6340519126133223
796,unknown,unknown_insufficient_support,3,0.0,0.0,0.03584731908938705,0.03764439459418672,0.03809366347038663,0.03764439459418672,0.03584731908938705,0.03764439459418672,0.03809366347038663,0.03764439459418672,0.4993929227244093
797,unknown,unknown_low_excitation,4,0.0,0.0,0.01459395372367078,0.02559548667334764,0.02813900778108942,0.02559548667334764,0.014593953723670849,0.025595486673347535,0.028139007781089204,0.025595486673347535,0.5958615490870068
798,unknown,unknown_low_excitation,4,0.0,0.0,0.014255599784344597,0.022946098443052305,0.026324690850549247,0.022946098443052305,0.01425559978434462,0.022946098443052305,0.026324690850549247,0.022946098443052305,0.6885807730446242
799,unknown,unknown_low_excitation,4,0.0,0.0,0.015595218996632455,0.01603679325177242,0.016085409166649033,0.01603679325177242,0.015595218996632453,0.01603679325177243,0.016085409166649047,0.01603679325177243,0.7183197314631813
800,unknown,unknown_insufficient_support,2,0.0,0.0,0.007079700006351195,0.007079700006351195,0.007079700006351195,0.007079700006351195,0.007079700006351195,0.007079700006351195,0.007079700006351195,0.007079700006351195,0.8769380627709082
801,unknown,unknown_insufficient_support,2,0.0,0.0,0.0218866655009686,0.021886665500968717,0.02188666550096875,0.021886665500968717,0.0218866655009686,0.021886665500968717,0.02188666550096875,0.021886665500968717,0.6721813118041702
802,unknown,unknown_low_excitation,4,0.0,0.0,0.016452429509865793,0.020415875812908085,0.021189094778239645,0.020415875812908085,0.01645242950986581,0.020415875812908137,0.021189094778239773,0.020415875812908137,0.7064404890440897
803,unknown,unknown_low_excitation,4,0.0,0.0,0.015751730468114785,0.016895323333770303,0.01693393963458138,0.016895323333770303,0.015751730468114785,0.01689532333377046,0.01693393963458162,0.01689532333377046,0.6500606581673143
804,unknown,unknown_low_excitation,5,0.0,0.0,0.009123643444083507,0.01860090214228894,0.024846861035290935,0.01860090214228894,0.009123643444083507,0.01860090214228894,0.024846861035290935,0.01860090214228894,0.5846535772002678
805,unknown,unknown_insufficient_support,3,0.0,0.0,0.02756800304899833,0.03390933928188099,0.03549467334010165,0.03390933928188099,0.02756800304899833,0.03390933928188099,0.03549467334010165,0.03390933928188099,0.614392975909472
806,unknown,unknown_low_excitation,5,0.0,0.0,0.024367086223999565,0.04906575285354568,0.055550788820842176,0.04906575285354568,0.024367086223999565,0.04906575285354568,0.055550788820842176,0.04906575285354568,0.4537937630705887
807,unknown,unknown_insufficient_support,3,0.0,0.0,0.021615684571906803,0.02311452717495332,0.023489237825714947,0.02311452717495332,0.021615684571906803,0.02311452717495332,0.023489237825714947,0.02311452717495332,0.6168031185604255
808,unknown,unknown_insufficient_support,2,0.0,0.0,0.02202078989536251,0.02202078989536251,0.02202078989536251,0.02202078989536251,0.02202078989536251,0.02202078989536251,0.02202078989536251,0.02202078989536251,0.7237752091301378
809,unknown,unknown_insufficient_support,3,0.0,0.0,0.0204442527360322,0.02787075895390532,0.029727385508373595,0.02787075895390532,0.0204442527360322,0.02787075895390532,0.029727385508373595,0.02787075895390532,0.655567985949025
810,unknown,unknown_insufficient_support,2,0.0,0.0,0.019562182186530955,0.01956218218653103,0.019562182186531052,0.01956218218653103,0.019562182186530955,0.01956218218653103,0.019562182186531052,0.01956218218653103,0.7111006187851169
811,unknown,unknown_insufficient_support,1,0.0,0.0,0.0,0.0,0.0,0.0,0.0,0.0,0.0,0.0,1.0
812,unknown,unknown_insufficient_support,1,0.0,0.0,0.0,0.0,0.0,0.0,0.0,0.0,0.0,0.0,1.0
813,unknown,unknown_low_excitation,4,0.0,0.0,0.015348961777707386,0.02714369784859694,0.03185087994118982,0.02714369784859694,0.015348961777707237,0.027143697848596868,0.031850879941189895,0.027143697848596868,0.5651005389977395
814,unknown,unknown_insufficient_support,2,0.0,0.0,0.016981230268085987,0.01698123026808609,0.016981230268086116,0.01698123026808609,0.016981230268085987,0.016981230268086078,0.016981230268086102,0.016981230268086078,0.7506153032175774
815,unknown,unknown_insufficient_support,2,0.0,0.0,0.019079551070933308,0.019079551070933315,0.019079551070933315,0.019079551070933315,0.019079551070933308,0.019079551070933315,0.019079551070933315,0.019079551070933315,0.7563979175904827
816,unknown,unknown_insufficient_support,3,0.0,0.0,0.012624708724584734,0.02625635013310853,0.029664260485239475,0.02625635013310853,0.012624708724584734,0.02625635013310853,0.029664260485239475,0.02625635013310853,0.7494530874164855
817,unknown,unknown_insufficient_support,3,0.0,0.0,0.01787690253264139,0.018074989496031934,0.01812451123687957,0.018074989496031934,0.01787690253264139,0.018074989496031934,0.01812451123687957,0.018074989496031934,0.7310445884056896
818,unknown,unknown_low_excitation,4,0.0,0.0,0.013174766716741075,0.02136647024822578,0.023321754139675542,0.02136647024822578,0.013174766716741153,0.02136647024822573,0.023321754139675376,0.02136647024822573,0.6402687370949256
819,unknown,unknown_low_excitation,4,0.0,0.0,0.010300836995049968,0.01819573031069871,0.02002755489412376,0.01819573031069871,0.010300836995050015,0.018195730310698696,0.020027554894123716,0.018195730310698696,0.6548799014093537
820,unknown,unknown_low_excitation,4,0.0,0.0,0.02200204650897265,0.03844344896781284,0.0440027249676734,0.03844344896781284,0.022002046508972584,0.03844344896781303,0.04400272496767375,0.03844344896781303,0.538063347564533
821,unknown,unknown_insufficient_support,2,0.0,0.0,0.020624115801055352,0.02062411580105545,0.020624115801055474,0.02062411580105545,0.020624115801055352,0.020624115801055498,0.020624115801055536,0.020624115801055498,0.68408808254501
822,unknown,unknown_low_excitation,4,0.0,0.0,0.020524898257958845,0.02178715084964636,0.021799735543912513,0.02178715084964636,0.020524898257958814,0.021787150849646372,0.021799735543912555,0.021787150849646372,0.6159904592045865
823,unknown,unknown_low_excitation,4,0.0,0.0,0.02615087622824562,0.030720889016328478,0.03165595948563427,0.030720889016328478,0.02615087622824562,0.030720889016328478,0.03165595948563427,0.030720889016328478,0.5409100515654902
824,unknown,unknown_low_excitation,4,0.0,0.0,0.019646651715482258,0.028951515781273276,0.02953916285190528,0.028951515781273276,0.019646651715482306,0.028951515781273227,0.02953916285190517,0.028951515781273227,0.6036909918730453
825,unknown,unknown_insufficient_support,3,0.0,0.0,0.01631134858032433,0.023324675250397046,0.025078006917915223,0.023324675250397046,0.01631134858032433,0.023324675250397088,0.025078006917915275,0.023324675250397088,0.7405189715941126
826,unknown,unknown_insufficient_support,2,0.0,0.0,0.0047737241010855115,0.0047737241010855115,0.0047737241010855115,0.0047737241010855115,0.0047737241010855115,0.004773724101085806,0.00477372410108588,0.004773724101085806,0.907630457967662
827,unknown,unknown_insufficient_support,2,0.0,0.0,0.001228910429539881,0.001228910429540035,0.0012289104295400736,0.001228910429540035,0.001228910429539881,0.001228910429540035,0.0012289104295400736,0.001228910429540035,0.9730644850160662
828,unknown,unknown_insufficient_support,2,0.0,0.0,0.008846539189390412,0.008846539189390412,0.008846539189390412,0.008846539189390412,0.008846539189390412,0.008846539189390412,0.008846539189390412,0.008846539189390412,0.8462711783436481
829,unknown,unknown_insufficient_support,3,0.0,0.0,0.01610308236880559,0.02674446689874609,0.029404813031231214,0.02674446689874609,0.016103082368805647,0.0267444668987461,0.029404813031231214,0.0267444668987461,0.6949074653457412
830,unknown,unknown_insufficient_support,3,0.0,0.0,0.022701615503576137,0.023149563152227513,0.023261550064390357,0.023149563152227513,0.022701615503576137,0.023149563152227264,0.023261550064390044,0.023149563152227264,0.711538594271631
831,unknown,unknown_insufficient_support,2,0.0,0.0,0.0038539233020345683,0.0038539233020345683,0.0038539233020345683,0.0038539233020345683,0.0038539233020345683,0.0038539233020345683,0.0038539233020345683,0.0038539233020345683,0.9196782918090409
832,unknown,unknown_insufficient_support,2,0.0,0.0,0.00951985374121199,0.009519853741212269,0.009519853741212338,0.009519853741212269,0.00951985374121199,0.009519853741212269,0.009519853741212338,0.009519853741212269,0.8305532248628896
833,unknown,unknown_insufficient_support,3,0.0,0.0,0.02377956626003876,0.025280404110796777,0.02565561357348628,0.025280404110796777,0.02377956626003876,0.025280404110796777,0.02565561357348628,0.025280404110796777,0.6824325737203965
834,unknown,unknown_insufficient_support,3,0.0,0.0,0.025180869091209094,0.051142632930748035,0.05763307389063277,0.051142632930748035,0.025180869091209094,0.051142632930748035,0.05763307389063277,0.051142632930748035,0.6026724237049533
835,unknown,unknown_insufficient_support,3,0.0,0.0,0.0036694239266412687,0.028509511795701367,0.03471953376296639,0.028509511795701367,0.003669423926641713,0.028509511795701454,0.03471953376296639,0.028509511795701454,0.7740778058040195
836,unknown,unknown_insufficient_support,2,0.0,0.0,0.001966588791264409,0.001966588791264456,0.0019665887912644676,0.001966588791264456,0.0019665887912644047,0.0019665887912644476,0.0019665887912644585,0.0019665887912644476,0.9539791943858724
837,unknown,unknown_insufficient_support,3,0.0,0.0,0.007565536137448247,0.02443630368207198,0.028653995568227914,0.02443630368207198,0.007565536137448247,0.02443630368207198,0.028653995568227914,0.02443630368207198,0.7997909436484446
838,unknown,unknown_insufficient_support,2,0.0,0.0,0.009237773206610126,0.009237773206610126,0.009237773206610126,0.009237773206610126,0.009237773206610126,0.009237773206610126,0.009237773206610126,0.009237773206610126,0.8304785572360747
839,unknown,unknown_insufficient_support,3,0.0,0.0,0.01485398468259776,0.029611042394971032,0.03330030682306435,0.029611042394971032,0.01485398468259776,0.029611042394971032,0.03330030682306435,0.029611042394971032,0.7092707867602693
840,unknown,unknown_insufficient_support,3,0.0,0.0,0.024641799871024796,0.0379259520020548,0.0412469900348123,0.0379259520020548,0.024641799871024796,0.0379259520020548,0.0412469900348123,0.0379259520020548,0.6188019277481783
841,unknown,unknown_insufficient_support,2,0.0,0.0,0.002661391458040129,0.002661391458040139,0.0026613914580401418,0.002661391458040139,0.002661391458040116,0.0026613914580401366,0.0026613914580401418,0.0026613914580401366,0.9559850850258791
842,unknown,unknown_insufficient_support,3,0.0,0.0,0.018014733015417624,0.0344515152553057,0.03856071081527772,0.0344515152553057,0.018014733015417624,0.0344515152553057,0.03856071081527772,0.0344515152553057,0.638977815074964
843,unknown,unknown_insufficient_support,2,0.0,0.0,0.001207762554285135,0.001207762554285366,0.0012077625542854236,0.001207762554285366,0.001207762554285135,0.001207762554285201,0.0012077625542852176,0.001207762554285201,0.9632528256714732
844,unknown,unknown_insufficient_support,2,0.0,0.0,0.025468982641683378,0.025468982641683523,0.02546898264168356,0.025468982641683523,0.025468982641683183,0.0254689826416835,0.02546898264168358,0.0254689826416835,0.6611999515276472
845,unknown,unknown_insufficient_support,3,0.0,0.0,0.012151573518227512,0.03288018272885052,0.03806233503150627,0.03288018272885052,0.012151573518227411,0.0328801827288505,0.03806233503150627,0.0328801827288505,0.5882058869125428
846,unknown,unknown_insufficient_support,2,0.0,0.0,0.006711224537081933,0.006711224537082022,0.006711224537082045,0.006711224537082022,0.006711224537081933,0.0067112245370820256,0.006711224537082048,0.0067112245370820256,0.8692809803266189
847,unknown,unknown_insufficient_support,2,0.0,0.0,0.0060791074791889076,0.0060791074791889076,0.0060791074791889076,0.0060791074791889076,0.0060791074791889076,0.0060791074791889076,0.0060791074791889076,0.0060791074791889076,0.842450389465512
848,unknown,unknown_insufficient_support,2,0.0,0.0,0.0009703192111004829,0.0009703192111005497,0.0009703192111005664,0.0009703192111005497,0.0009703192111004829,0.0009703192111006049,0.0009703192111006353,0.0009703192111006049,0.9800627022453177
849,unknown,unknown_insufficient_support,2,0.0,0.0,0.0037673793648371565,0.003767379364837316,0.003767379364837356,0.003767379364837316,0.00376737936483714,0.0037673793648372866,0.003767379364837323,0.0037673793648372866,0.9231806876434558
850,unknown,unknown_insufficient_support,3,0.0,0.0,0.030314602561875292,0.04066678880815296,0.04325483536972237,0.04066678880815296,0.030314602561875292,0.04066678880815296,0.04325483536972237,0.04066678880815296,0.5535760305182303
851,unknown,unknown_insufficient_support,2,0.0,0.0,0.008308955510921619,0.008308955510921619,0.008308955510921619,0.008308955510921619,0.008308955510921617,0.008308955510921813,0.008308955510921862,0.008308955510921813,0.8791716986900664
852,unknown,unknown_insufficient_support,2,0.0,0.0,0.010652103519281086,0.010652103519281086,0.010652103519281086,0.010652103519281086,0.010652103519281086,0.010652103519281086,0.010652103519281086,0.010652103519281086,0.7927795800765538
853,unknown,unknown_insufficient_support,2,0.0,0.0,0.0044926971171221925,0.0044926971171221925,0.0044926971171221925,0.0044926971171221925,0.0044926971171221925,0.0044926971171221925,0.0044926971171221925,0.0044926971171221925,0.8803904748237535
854,unknown,unknown_insufficient_support,2,0.0,0.0,0.0048745576713091245,0.0048745576713091245,0.0048745576713091245,0.0048745576713091245,0.0048745576713091245,0.0048745576713091245,0.0048745576713091245,0.0048745576713091245,0.8709159302213606
855,unknown,unknown_insufficient_support,2,0.0,0.0,0.004824658001264738,0.004824658001264738,0.004824658001264738,0.004824658001264738,0.004824658001264738,0.004824658001264738,0.004824658001264738,0.004824658001264738,0.8762679146298
856,unknown,unknown_insufficient_support,2,0.0,0.0,0.011736883634551356,0.011736883634551401,0.011736883634551411,0.011736883634551401,0.011736883634551356,0.011736883634551599,0.01173688363455166,0.011736883634551599,0.7643683543033102
857,unknown,unknown_insufficient_support,2,0.0,0.0,0.012570804439696093,0.012570804439696237,0.012570804439696274,0.012570804439696237,0.012570804439696093,0.012570804439696251,0.012570804439696291,0.012570804439696251,0.8245418397821411
858,unknown,unknown_insufficient_support,3,0.0,0.0,0.019366033753065233,0.020193988103599424,0.02040097669123297,0.020193988103599424,0.019366033753065233,0.020193988103599424,0.02040097669123297,0.020193988103599424,0.75809903398802
859,unknown,unknown_insufficient_support,2,0.0,0.0,0.007622165818677688,0.007622165818677688,0.007622165818677688,0.007622165818677688,0.007622165818677688,0.007622165818677688,0.007622165818677688,0.007622165818677688,0.8728031580486455
860,unknown,unknown_insufficient_support,2,0.0,0.0,0.025800550116789694,0.025800550116789944,0.025800550116790007,0.025800550116789944,0.025800550116789694,0.025800550116789726,0.025800550116789733,0.025800550116789726,0.6346884179147032
861,unknown,unknown_insufficient_support,2,0.0,0.0,0.007525115404608023,0.007525115404608143,0.007525115404608172,0.007525115404608143,0.007525115404608023,0.007525115404608143,0.007525115404608172,0.007525115404608143,0.8507635933569391
862,unknown,unknown_insufficient_support,2,0.0,0.0,0.003931122482166801,0.003931122482166801,0.003931122482166801,0.003931122482166801,0.003931122482166801,0.003931122482166801,0.003931122482166801,0.003931122482166801,0.916594676376292
863,unknown,unknown_insufficient_support,2,0.0,0.0,0.006179865952344784,0.006179865952344846,0.006179865952344861,0.006179865952344846,0.006179865952344784,0.006179865952344842,0.006179865952344856,0.006179865952344842,0.8769355918218165
864,unknown,unknown_insufficient_support,2,0.0,0.0,0.009986177396537971,0.009986177396538072,0.009986177396538096,0.009986177396538072,0.009986177396537971,0.009986177396538143,0.009986177396538187,0.009986177396538143,0.8360370351441464
865,unknown,unknown_insufficient_support,2,0.0,0.0,0.002825839493266546,0.002825839493266583,0.002825839493266592,0.002825839493266583,0.002825839493266546,0.002825839493266583,0.002825839493266592,0.002825839493266583,0.9335959684226571
866,unknown,unknown_insufficient_support,2,0.0,0.0,0.011145030257367863,0.011145030257367983,0.011145030257368013,0.011145030257367983,0.011145030257367863,0.011145030257367983,0.011145030257368013,0.011145030257367983,0.7975666256411224
867,unknown,unknown_insufficient_support,2,0.0,0.0,0.01313801318648863,0.013138013186488762,0.013138013186488795,0.013138013186488762,0.01313801318648863,0.013138013186488762,0.013138013186488795,0.013138013186488762,0.76286234557177
868,unknown,unknown_insufficient_support,2,0.0,0.0,0.03160223907056027,0.031602239070560395,0.03160223907056042,0.031602239070560395,0.03160223907056027,0.031602239070560395,0.03160223907056042,0.031602239070560395,0.6047444350762352
869,unknown,unknown_insufficient_support,2,0.0,0.0,0.0068512371129618305,0.0068512371129618305,0.0068512371129618305,0.0068512371129618305,0.0068512371129618305,0.0068512371129618305,0.0068512371129618305,0.0068512371129618305,0.8662081483285247
870,unknown,unknown_insufficient_support,3,0.0,0.0,0.030229250292885364,0.05155300568957174,0.05688394453874333,0.05155300568957174,0.030229250292885364,0.05155300568957174,0.05688394453874333,0.05155300568957174,0.5148241036487652
871,unknown,unknown_insufficient_support,2,0.0,0.0,0.014902433101971212,0.014902433101971382,0.014902433101971424,0.014902433101971382,0.014902433101971212,0.014902433101971382,0.014902433101971424,0.014902433101971382,0.7238620130394882
872,unknown,unknown_insufficient_support,2,0.0,0.0,0.006104931501914307,0.0061049315019143565,0.006104931501914369,0.0061049315019143565,0.006104931501914308,0.00610493150191448,0.006104931501914523,0.00610493150191448,0.9027841637353118
873,unknown,unknown_insufficient_support,2,0.0,0.0,0.008514560705253934,0.008514560705253952,0.008514560705253955,0.008514560705253952,0.008514560705253934,0.008514560705254018,0.008514560705254038,0.008514560705254018,0.8598899271048468
874,unknown,unknown_insufficient_support,2,0.0,0.0,0.00875678638669573,0.008756786386695897,0.008756786386695938,0.008756786386695897,0.00875678638669573,0.008756786386695897,0.008756786386695938,0.008756786386695897,0.8199090279976551
875,unknown,unknown_insufficient_support,3,0.0,0.0,0.008896102196338629,0.04352872176246564,0.05218687665399739,0.04352872176246564,0.008896102196338629,0.04352872176246564,0.05218687665399739,0.04352872176246564,0.48460773857565315
876,unknown,unknown_insufficient_support,2,0.0,0.0,0.012400269695352942,0.012400269695353105,0.012400269695353145,0.012400269695353105,0.012400269695352942,0.012400269695353105,0.012400269695353145,0.012400269695353105,0.7580724230439906
877,unknown,unknown_insufficient_support,2,0.0,0.0,0.025226074099843815,0.02522607409984391,0.025226074099843933,0.02522607409984391,0.025226074099843815,0.025226074099844044,0.025226074099844103,0.025226074099844044,0.6342365714319237
878,unknown,unknown_insufficient_support,2,0.0,0.0,0.017961314928460877,0.017961314928460877,0.017961314928460877,0.017961314928460877,0.017961314928460877,0.017961314928460877,0.017961314928460877,0.017961314928460877,0.709841212432164
879,unknown,unknown_insufficient_support,2,0.0,0.0,0.00909068459102692,0.009090684591026936,0.009090684591026939,0.009090684591026936,0.00909068459102692,0.009090684591026936,0.009090684591026939,0.009090684591026936,0.8406114725012568
880,unknown,unknown_insufficient_support,2,0.0,0.0,0.007651491803054883,0.007651491803055094,0.0076514918030551465,0.007651491803055094,0.007651491803054883,0.007651491803054984,0.0076514918030550095,0.007651491803054984,0.8659825963732224
881,unknown,unknown_insufficient_support,3,0.0,0.0,0.03261982257312188,0.05219547432783493,0.05708938726651319,0.05219547432783493,0.03261982257312188,0.05219547432783493,0.05708938726651319,0.05219547432783493,0.5720146561316569
